date,spy_open,spy_high,spy_low,spy_adj_close,spy_volume,log_return,rolling_volatility_30d,umich_sentiment
2010-02-17,82.506799,82.611556,82.110241,82.499321,168845100,0.004727,0.180552,73.6
2010-02-18,82.364644,83.157761,82.334714,82.985672,193708600,0.005878,0.181347,73.6
2010-02-19,82.768686,83.479498,82.574146,83.157761,222684900,0.002072,0.18149,73.6
2010-02-22,83.464545,83.48699,82.925821,83.172737,132346900,0.00018,0.180905,73.6
2010-02-23,82.948252,83.202646,81.945627,82.162613,207497000,-0.012219,0.183347,73.6
2010-02-24,82.409526,83.053,82.200024,82.91832,176350700,0.009156,0.185744,73.6
2010-02-25,81.736129,82.865951,81.511665,82.806091,259634700,-0.001354,0.184109,73.6
2010-02-26,82.880898,83.142781,82.387072,82.858452,173589300,0.000632,0.182064,73.6
2010-03-01,83.202641,83.801223,83.180195,83.718918,147709700,0.010331,0.184788,73.6
2010-03-02,84.078077,84.354917,83.801232,83.950874,160992400,0.002767,0.182393,73.6
2010-03-03,84.167855,84.527005,83.816188,84.025696,150785000,0.000891,0.178355,73.6
2010-03-04,84.13791,84.399794,83.823657,84.280075,135770400,0.003023,0.176402,73.6
2010-03-05,84.82632,85.552094,84.624296,85.484756,176118800,0.014193,0.171697,73.6
2010-03-08,85.492209,85.686743,85.350044,85.499687,114631200,0.000175,0.156898,73.6
2010-03-09,85.245325,86.038442,85.200434,85.641884,154556700,0.001662,0.156527,73.6
2010-03-10,85.67927,86.255401,85.604448,86.023453,186088800,0.004446,0.155846,73.6
2010-03-11,85.821438,86.405058,85.55956,86.382607,160791100,0.004166,0.155757,73.6
2010-03-12,86.75672,86.771687,86.150659,86.390091,162074800,8.7e-05,0.150758,73.6
2010-03-15,86.240463,86.472411,85.746632,86.412552,146816800,0.00026,0.145794,73.6
2010-03-16,86.651967,87.183206,86.412535,87.100906,168673000,0.007934,0.141539,73.6
2010-03-17,87.362778,87.901501,87.108379,87.617172,177468100,0.00591,0.138923,73.6
2010-03-18,87.624695,87.744408,87.220652,87.572319,196509100,-0.000512,0.137571,73.6
2010-03-19,87.129013,88.120737,86.790922,87.129013,226641100,-0.005075,0.097159,73.6
2010-03-22,86.633139,87.75259,86.580548,87.59481,184477800,0.005332,0.097348,73.6
2010-03-23,87.722557,88.286036,87.437056,88.210907,182941600,0.007009,0.092841,73.6
2010-03-24,87.880289,88.225889,86.835974,87.782616,196072600,-0.004867,0.091997,73.6
2010-03-25,88.376177,88.781884,87.534718,87.6399,223396300,-0.001627,0.091846,73.6
2010-03-26,87.805206,88.218421,87.241726,87.587326,205808500,-0.0006,0.089656,73.6
2010-03-29,88.030613,88.301084,87.669989,88.143311,134513500,0.006328,0.089644,73.6
2010-03-30,88.248461,88.526446,87.835246,88.203384,145772500,0.000681,0.081275,73.6
2010-03-31,87.865287,88.293532,87.609846,87.902855,161078700,-0.003413,0.08265,73.6
2010-04-01,88.503937,88.842023,87.978019,88.503937,161215200,0.006815,0.083065,72.2
2010-04-05,88.841998,89.285266,88.594066,89.225166,105847600,0.008116,0.084846,72.2
2010-04-06,88.969719,89.593305,88.872052,89.435532,110384200,0.002355,0.084597,72.2
2010-04-07,89.255237,89.675966,88.511439,88.92466,184576300,-0.005729,0.076545,72.2
2010-04-08,88.616587,89.382923,88.353631,89.232658,158704000,0.003458,0.074069,72.2
2010-04-09,89.420505,89.856265,89.255223,89.818703,133006500,0.006546,0.074086,72.2
2010-04-12,89.93138,90.194342,89.826198,89.961433,110279000,0.001588,0.073905,72.2
2010-04-13,89.871294,90.186842,89.405482,90.029068,125043600,0.000752,0.070492,72.2
2010-04-14,90.359643,91.05085,90.216899,91.05085,161609000,0.011286,0.075032,72.2
2010-04-15,90.900598,91.336357,90.870545,91.125992,144615300,0.000825,0.075046,72.2
2010-04-16,90.802878,91.12594,89.217621,89.675919,366786700,-0.016041,0.092623,72.2
2010-04-19,89.412981,90.104182,89.007275,90.014023,217947800,0.003763,0.085412,72.2
2010-04-20,90.577491,90.893044,90.059094,90.817909,157708000,0.008891,0.087745,72.2
2010-04-21,90.87053,91.080901,90.149277,90.652657,192910100,-0.001821,0.088443,72.2
2010-04-22,90.014038,91.035816,89.495641,90.923119,115360300,0.002979,0.088177,72.2
2010-04-23,90.863029,91.55423,90.630121,91.516663,177335500,0.006507,0.08897,72.2
2010-04-26,91.546712,91.749568,91.080906,91.171059,143457300,-0.003784,0.090361,72.2
2010-04-27,90.645127,91.163525,88.84199,89.014793,355853300,-0.023935,0.117167,72.2
2010-04-28,89.443037,89.916358,88.857013,89.690964,300674100,0.007567,0.116982,72.2
2010-04-29,90.231923,90.990744,90.209385,90.802917,193775000,0.012321,0.120747,72.2
2010-04-30,90.81793,90.915604,89.240188,89.262726,270000900,-0.017107,0.13185,72.2
2010-05-03,89.690971,90.667671,89.555735,90.419739,182747900,0.012879,0.135313,73.6
2010-05-04,89.412976,89.428,87.842743,88.293526,360353400,-0.023796,0.152849,73.6
2010-05-05,87.572283,88.503907,87.129015,87.767624,328973200,-0.005974,0.152502,73.6
2010-05-06,87.346899,87.902865,78.887186,84.852562,647356600,-0.033777,0.180662,73.6
2010-05-07,84.627187,85.476161,82.200469,83.590385,637558800,-0.014987,0.185076,73.6
2010-05-10,87.008805,87.639905,86.332634,87.271767,396159600,0.043098,0.22591,73.6
2010-05-11,86.452832,88.173325,86.332626,87.023827,317849800,-0.002845,0.225198,73.6
2010-05-12,87.369446,88.368686,87.219182,88.240959,235607100,0.013889,0.228984,73.6
2010-05-13,88.00054,88.413761,87.068921,87.144051,234452500,-0.012509,0.231669,73.6
2010-05-14,86.490401,86.648175,84.799962,85.566292,345601400,-0.018271,0.236346,73.6
2010-05-17,85.799208,86.039626,83.973533,85.611382,325739800,0.000527,0.234786,73.6
2010-05-18,86.310083,86.56553,84.168861,84.446846,360556800,-0.013696,0.237165,73.6
2010-05-19,83.973535,84.724842,82.914196,83.966026,394742700,-0.00571,0.237162,73.6
2010-05-20,82.177911,82.561079,80.742918,80.795509,530418300,-0.038491,0.25906,73.6
2010-05-21,79.570881,82.17791,79.15766,81.97506,500909400,0.014494,0.262687,73.6
2010-05-24,81.531782,82.185421,80.848096,80.923225,269823000,-0.012914,0.263824,73.6
2010-05-25,78.969812,81.043419,78.421356,81.005852,396505200,0.001021,0.263863,73.6
2010-05-26,81.50174,82.245532,80.277107,80.517525,349719300,-0.006047,0.260167,73.6
2010-05-27,82.035163,83.244767,81.727125,83.214714,300870500,0.032949,0.281255,73.6
2010-05-28,83.124552,83.184658,81.779712,82.170395,297933500,-0.012629,0.280054,73.6
2010-06-01,81.404058,82.606147,80.667781,80.787987,277909400,-0.016967,0.282196,76.0
2010-06-02,81.201208,82.899156,80.772963,82.891647,240243700,0.025706,0.29268,76.0
2010-06-03,83.132086,83.440118,82.328188,83.177162,226618300,0.003439,0.293267,76.0
2010-06-04,81.599417,82.140359,79.984107,80.254578,398475600,-0.035769,0.3077,76.0
2010-06-07,80.540051,80.848089,79.195218,79.255318,264609100,-0.012529,0.306911,76.0
2010-06-08,79.315412,80.26206,78.624212,80.104286,357774300,0.010655,0.31016,76.0
2010-06-09,80.570114,81.351474,79.337972,79.676064,268023300,-0.00536,0.304571,76.0
2010-06-10,81.035903,82.102757,79.668526,82.005089,317890600,0.028812,0.317352,76.0
2010-06-11,81.283852,82.455889,81.231261,82.403297,214128200,0.004844,0.314949,76.0
2010-06-14,83.034389,83.485178,82.19293,82.275574,207196100,-0.001551,0.312211,76.0
2010-06-15,82.854076,84.221454,82.711326,84.146324,238268700,0.022483,0.317574,76.0
2010-06-16,83.710551,84.461857,83.545262,84.116257,216374000,-0.000357,0.311049,76.0
2010-06-17,84.356693,84.394261,83.432589,84.251511,263185800,0.001607,0.310902,76.0
2010-06-18,84.418344,84.644805,84.0711,84.342857,174006600,0.001084,0.295346,76.0
2010-06-21,85.392165,85.452551,83.63329,84.101318,213140700,-0.002868,0.292146,76.0
2010-06-22,84.101287,84.471177,82.591525,82.712303,239355400,-0.016654,0.266073,76.0
2010-06-23,82.765156,83.059559,81.889497,82.455658,254639900,-0.003108,0.266084,76.0
2010-06-24,82.048019,82.153702,80.877952,81.089317,268523600,-0.016709,0.265185,76.0
2010-06-25,81.330893,81.844213,80.598658,81.429031,238726500,0.004181,0.264295,76.0
2010-06-28,81.549773,81.768689,80.87793,81.172333,169218600,-0.003157,0.259934,76.0
2010-06-29,80.032517,81.157294,78.167965,78.666183,373649500,-0.031361,0.273571,76.0
2010-06-30,78.44723,79.171915,77.662153,77.918816,284101700,-0.009546,0.272399,76.0
2010-07-01,77.865967,78.122624,76.341104,77.571564,382924800,-0.004467,0.272303,67.8
2010-07-02,77.835786,78.069798,76.711015,77.148842,233385200,-0.005464,0.250467,67.8
2010-07-06,78.235912,78.786978,76.907319,77.654655,256935300,0.006535,0.247079,67.8
2010-07-07,77.850878,80.198558,77.76784,80.100426,253769400,0.03101,0.262248,67.8
2010-07-08,80.77226,80.983626,79.949442,80.893044,210842100,0.009847,0.263888,67.8
2010-07-09,80.870403,81.504506,80.719429,81.496956,144999900,0.007438,0.264118,67.8
2010-07-12,81.22519,81.708314,80.885496,81.549789,131283600,0.000648,0.245463,67.8
2010-07-13,82.395267,83.104851,82.229192,82.780258,213025900,0.014976,0.246814,67.8
2010-07-14,82.516043,83.097304,82.176348,82.772705,184426800,-9.1e-05,0.241373,67.8
2010-07-15,82.742515,83.082209,81.655485,82.795357,232337900,0.000274,0.229543,67.8
2010-07-16,82.349965,82.440553,80.35708,80.51561,282693400,-0.027921,0.243013,67.8
2010-07-19,80.810033,81.24786,80.183481,80.991203,186709000,0.005889,0.220275,67.8
2010-07-20,79.919271,81.949897,79.881524,81.889511,258162400,0.01103,0.218927,67.8
2010-07-21,82.312275,82.33492,80.493007,80.825157,264527000,-0.013083,0.220717,67.8
2010-07-22,81.783826,82.991641,81.776282,82.629295,274781300,0.022076,0.228781,67.8
2010-07-23,82.46319,83.467183,82.229179,83.346405,222020800,0.008641,0.214671,67.8
2010-07-26,83.489831,84.297553,83.255819,84.214516,184445700,0.010362,0.216222,67.8
2010-07-27,84.674985,84.765573,83.874813,84.206963,204855600,-9e-05,0.21613,67.8
2010-07-28,84.033358,84.29002,83.384159,83.663467,163056200,-0.006475,0.206955,67.8
2010-07-29,84.184352,84.410819,82.591558,83.255852,220149100,-0.004884,0.207402,67.8
2010-07-30,82.410362,83.686113,82.266939,83.24073,220070600,-0.000182,0.20732,67.8
2010-08-02,84.539153,85.256294,84.199459,85.120415,188263200,0.02233,0.217537,68.9
2010-08-03,84.909016,85.127927,84.433438,84.712746,146657300,-0.004801,0.217854,68.9
2010-08-04,84.946781,85.384614,84.667479,85.278931,158171700,0.006661,0.212557,68.9
2010-08-05,84.735397,85.233621,84.607068,85.188324,140473800,-0.001063,0.212295,68.9
2010-08-06,84.350413,84.976966,83.731411,84.841087,239728300,-0.004084,0.206163,68.9
2010-08-09,85.241173,85.437443,84.788245,85.294014,120800400,0.005324,0.206318,68.9
2010-08-10,84.569304,85.286444,84.071086,84.833511,242916300,-0.005414,0.206868,68.9
2010-08-11,83.52758,83.557776,82.372613,82.508492,273406900,-0.027789,0.202148,68.9
2010-08-12,81.262944,82.297127,81.225197,82.002724,239542600,-0.006149,0.200757,68.9
2010-08-13,81.746074,82.251843,81.663037,81.761169,158698500,-0.00295,0.200399,68.9
2010-08-16,81.202542,81.987619,80.908139,81.723412,147895300,-0.000462,0.199355,68.9
2010-08-17,82.425462,83.331316,82.191445,82.727409,172270300,0.01221,0.201168,68.9
2010-08-18,82.689675,83.323772,82.214102,82.878395,182922100,0.001823,0.181561,68.9
2010-08-19,82.448082,82.651897,81.096845,81.436539,265847600,-0.01755,0.187409,68.9
2010-08-20,81.194978,81.481837,80.583527,81.172333,209714200,-0.00325,0.186391,68.9
2010-08-23,81.557335,81.957421,80.8251,80.862846,163490300,-0.00382,0.186678,68.9
2010-08-24,79.979669,80.311819,79.239889,79.662621,280677800,-0.014954,0.185572,68.9
2010-08-25,79.22477,80.274055,78.726552,79.972107,272234800,0.003877,0.186148,68.9
2010-08-26,80.349532,80.455215,79.171914,79.436127,224439500,-0.006725,0.186788,68.9
2010-08-27,79.934352,80.749625,78.741639,80.666588,272649000,0.015371,0.175113,68.9
2010-08-30,80.455239,80.704351,79.488992,79.496536,167238600,-0.014611,0.179217,68.9
2010-08-31,79.202133,80.002311,78.877534,79.496536,273933100,0.0,0.175804,68.9
2010-09-01,80.568486,81.987661,80.515645,81.874428,256828100,0.029473,0.192808,68.2
2010-09-02,82.070688,82.651944,81.897062,82.636848,156112200,0.009269,0.18367,68.2
2010-09-03,83.444541,83.784235,82.999158,83.708748,212197300,0.012888,0.185806,68.2
2010-09-07,83.316241,83.421924,82.697238,82.765175,141973700,-0.011336,0.186079,68.2
2010-09-08,82.931218,83.678549,82.893472,83.346405,149924400,0.006998,0.187371,68.2
2010-09-09,84.282442,84.305088,83.504916,83.731377,147017900,0.004608,0.186972,68.2
2010-09-10,83.882387,84.252277,83.693666,84.154144,127819000,0.005036,0.186918,68.2
2010-09-13,84.984504,85.263806,84.644804,85.090187,178503500,0.011062,0.189459,68.2
2010-09-14,84.924128,85.520485,84.607079,85.037361,209823600,-0.000621,0.178058,68.2
2010-09-15,84.788227,85.460071,84.531571,85.361938,168608400,0.00381,0.177803,68.2
2010-09-16,85.097733,85.392136,84.810874,85.339294,199962900,-0.000265,0.176765,68.2
2010-09-17,85.788587,85.872069,85.135914,85.371178,195836900,0.000374,0.176737,68.2
2010-09-20,85.667153,86.866252,85.393941,86.676521,214555200,0.015174,0.18155,68.2
2010-09-21,86.744831,87.154644,86.145282,86.501976,268389100,-0.002016,0.181176,68.2
2010-09-22,86.36536,86.851069,85.83411,86.076965,191322400,-0.004925,0.181044,68.2
2010-09-23,85.37117,86.266699,85.135906,85.378761,202354300,-0.008144,0.162374,68.2
2010-09-24,86.327411,87.200173,86.25152,87.139458,209671800,0.020412,0.17008,68.2
2010-09-27,87.169828,87.268486,86.638585,86.722061,128761800,-0.004801,0.170634,68.2
2010-09-28,86.835897,87.30643,85.894834,87.025627,209207500,0.003494,0.17053,68.2
2010-09-29,86.805534,87.207768,86.532322,86.87384,179665800,-0.001746,0.168117,68.2
2010-09-30,87.314035,87.875636,86.206003,86.615822,287106700,-0.002974,0.168643,68.2
2010-10-01,87.268499,87.367162,86.464043,86.98011,174638700,0.004197,0.158822,67.7
2010-10-04,86.797965,87.162244,85.894845,86.327431,166153200,-0.007532,0.160573,67.7
2010-10-05,87.124306,88.277866,87.025643,88.065369,229634100,0.019932,0.167626,67.7
2010-10-06,88.050156,88.285426,87.701053,88.057747,148626600,-8.7e-05,0.159237,67.7
2010-10-07,88.414443,88.43721,87.420257,87.9515,164860000,-0.001207,0.159769,67.7
2010-10-08,88.072954,88.687679,87.739026,88.444824,177760100,0.005593,0.157106,67.7
2010-10-11,88.581399,88.771129,88.224705,88.528275,103098300,0.000943,0.153214,67.7
2010-10-12,88.239869,89.059506,87.769341,88.801476,182210000,0.003081,0.14373,67.7
2010-10-13,89.294803,89.970244,89.0823,89.492119,194347200,0.007747,0.143755,67.7
2010-10-14,89.408619,89.560407,88.581397,89.142998,217764300,-0.003909,0.123359,67.7
2010-10-15,89.765326,89.81845,88.611767,89.32515,243705000,0.002041,0.121853,67.7
2010-10-18,89.355524,90.061322,89.029187,89.765343,141204800,0.004916,0.118135,67.7
2010-10-19,88.938123,89.439009,88.05018,88.58902,280604700,-0.013191,0.120105,67.7
2010-10-20,88.748387,89.886771,88.695263,89.454185,200051800,0.009719,0.12129,67.7
2010-10-21,89.856394,90.380046,88.953275,89.651482,221585500,0.002203,0.121102,67.7
2010-10-22,89.788086,89.95505,89.552822,89.818443,108212400,0.001861,0.120823,67.7
2010-10-25,90.418004,90.888538,90.015776,90.084076,151145700,0.002953,0.117888,67.7
2010-10-26,89.62874,90.190341,89.454191,90.099274,158982900,0.000169,0.117763,67.7
2010-10-27,89.469377,89.939911,88.991258,89.841248,190024000,-0.002868,0.118424,67.7
2010-10-28,90.357278,90.395226,89.423806,89.856392,168576000,0.000169,0.118368,67.7
2010-10-29,89.765371,90.099298,89.605998,89.924744,144305500,0.00076,0.118335,67.7
2010-11-01,90.364889,90.880957,89.439003,89.95507,174074800,0.000337,0.111293,71.6
2010-11-02,90.630524,90.88097,90.387669,90.668472,158345900,0.007899,0.112478,71.6
2010-11-03,90.827854,91.085885,89.894377,91.032761,226702800,0.00401,0.110967,71.6
2010-11-04,92.042119,92.831399,91.047933,92.785866,215039400,0.019075,0.117481,71.6
2010-11-05,92.846562,93.286739,92.725138,93.134956,180654100,0.003755,0.105005,71.6
2010-11-08,92.846564,93.112191,92.543,92.960403,156107100,-0.001876,0.103639,71.6
2010-11-09,93.210837,93.309495,91.920671,92.292542,186621600,-0.00721,0.107165,71.6
2010-11-10,92.269769,92.709945,91.571562,92.664406,221387400,0.004021,0.106735,71.6
2010-11-11,91.867561,92.451929,91.586758,92.315323,158017600,-0.003774,0.107093,71.6
2010-11-12,91.692984,92.095212,90.805047,91.22245,239068800,-0.011909,0.114314,71.6
2010-11-15,91.510839,91.867533,91.055487,91.09343,163940800,-0.001415,0.111412,71.6
2010-11-16,90.531843,90.683625,89.241672,89.674263,299566200,-0.015702,0.108832,71.6
2010-11-17,89.712212,90.091673,89.44659,89.719803,172308900,0.000508,0.108813,71.6
2010-11-18,90.584962,91.366651,90.577371,91.040314,197723700,0.014611,0.115926,71.6
2010-11-19,90.994815,91.328737,90.501514,91.290794,156852900,0.002748,0.115269,71.6
2010-11-22,90.835421,91.252825,90.137208,91.214882,181361000,-0.000832,0.115399,71.6
2010-11-23,90.137218,90.326949,89.54526,89.894363,222309000,-0.014583,0.123685,71.6
2010-11-24,90.463528,91.245223,90.448352,91.22245,140046100,0.014666,0.128773,71.6
2010-11-26,90.433209,90.926504,90.159996,90.159996,76007800,-0.011715,0.133084,71.6
2010-11-29,89.932298,90.676044,89.355515,90.433189,223642300,0.003026,0.133221,71.6
2010-11-30,89.537697,90.440811,89.408676,89.924744,233930700,-0.005638,0.133631,71.6
2010-12-01,91.22245,92.01173,91.214865,91.837181,221037200,0.021044,0.140779,74.5
2010-12-02,91.981384,93.081825,91.92826,93.013519,191213600,0.012728,0.142619,74.5
2010-12-03,92.694785,93.370226,92.672018,93.263977,151288900,0.002689,0.142653,74.5
2010-12-06,93.066635,93.377796,92.967977,93.165298,103050500,-0.001059,0.142807,74.5
2010-12-07,94.060841,94.113966,93.165313,93.218437,206581000,0.00057,0.142723,74.5
2010-12-08,93.332286,93.63585,92.899701,93.559959,138019200,0.003657,0.142875,74.5
2010-12-09,94.083613,94.121556,93.461297,93.92424,123705100,0.003886,0.142521,74.5
2010-12-10,94.212613,94.561717,93.901458,94.47065,117571700,0.005801,0.143004,74.5
2010-12-13,94.903248,95.017082,94.501014,94.531372,133812700,0.000643,0.143011,74.5
2010-12-14,94.675576,95.039861,94.326472,94.614861,147249600,0.000883,0.142976,74.5
2010-12-15,94.440303,94.812173,94.022893,94.182266,160823100,-0.004583,0.142837,74.5
2010-12-16,94.242996,94.797012,93.91666,94.728706,185035200,0.005785,0.143225,74.5
2010-12-17,94.662328,94.952233,94.463969,94.83017,141075300,0.001071,0.132977,74.5
2010-12-20,95.089553,95.287913,94.586034,95.059036,119085500,0.002411,0.132768,74.5
2010-12-21,95.356592,95.722793,95.265046,95.661758,94965500,0.00632,0.133519,74.5
2010-12-22,95.730411,95.989799,95.677008,95.959282,78878100,0.003105,0.131367,74.5
2010-12-23,95.852485,95.959293,95.585467,95.821968,70053700,-0.001432,0.131336,74.5
2010-12-27,95.463359,95.951623,95.394699,95.860077,58126000,0.000398,0.13054,74.5
2010-12-28,96.050848,96.08899,95.745681,95.997444,55309100,0.001432,0.124432,74.5
2010-12-29,96.111865,96.279701,96.05083,96.066086,58033100,0.000715,0.124121,74.5
2010-12-30,95.974532,96.226289,95.768542,95.913498,76616900,-0.00159,0.113108,74.5
2010-12-31,95.768537,96.02793,95.615956,95.936378,91218900,0.000239,0.113146,74.5
2011-01-03,96.668806,97.347799,95.898261,96.9282,138725200,0.010285,0.109676,74.2
2011-01-04,97.141797,97.172315,96.272076,96.874779,137409700,-0.000551,0.10992,74.2
2011-01-05,96.569609,97.43933,96.478058,97.378296,133975300,0.005184,0.109966,74.2
2011-01-06,97.416414,97.523222,96.897633,97.187538,122519000,-0.001961,0.098761,74.2
2011-01-07,97.317241,97.477452,96.241536,96.996819,156034600,-0.001964,0.092681,74.2
2011-01-10,96.569612,97.012103,96.279701,96.874779,122401700,-0.001259,0.08371,74.2
2011-01-11,97.225709,97.45458,96.851878,97.218079,110287000,0.003537,0.083757,74.2
2011-01-12,97.813177,98.202259,97.240986,98.095451,107929200,0.008984,0.082253,74.2
2011-01-13,98.133576,98.179349,97.691085,97.935211,129048400,-0.001635,0.062723,74.2
2011-01-14,97.797872,98.667593,97.729213,98.644707,117677900,0.007218,0.056353,74.2
2011-01-18,98.553169,98.904115,98.438737,98.812569,114401300,0.0017,0.056315,74.2
2011-01-19,98.728626,98.827796,97.584255,97.843643,151958400,-0.009854,0.065403,74.2
2011-01-20,97.622422,97.9581,96.989203,97.713974,175745700,-0.001326,0.065899,74.2
2011-01-21,98.324305,98.545544,97.828404,97.935211,151462900,0.002262,0.065639,74.2
2011-01-24,97.87418,98.606582,97.851293,98.492149,113715500,0.005671,0.066397,74.2
2011-01-25,98.232743,98.629461,97.736853,98.54554,167552200,0.000542,0.065233,74.2
2011-01-26,98.789683,99.216913,98.591318,98.927002,141281500,0.003863,0.065572,74.2
2011-01-27,98.949914,99.339007,98.774447,99.171165,123302700,0.002465,0.065599,74.2
2011-01-28,99.285557,99.445774,97.279097,97.439308,295637300,-0.017618,0.084403,74.2
2011-01-31,97.706356,98.248018,97.462218,98.171722,149249200,0.007489,0.085358,74.2
2011-02-01,98.766811,99.918806,98.705776,99.74334,167194300,0.015882,0.095383,77.5
2011-02-02,99.483934,99.819617,99.430536,99.552605,118323600,-0.001914,0.095919,77.5
2011-02-03,99.377093,99.926392,98.850693,99.773811,145886700,0.00222,0.094873,77.5
2011-02-04,99.811996,100.09427,99.354243,100.056122,134634800,0.002826,0.094833,77.5
2011-02-07,100.277381,101.009772,100.269745,100.681725,112439100,0.006233,0.095449,77.5
2011-02-08,100.773266,101.192871,100.498617,101.139473,99072800,0.004536,0.09573,77.5
2011-02-09,100.864803,101.185225,100.40705,100.910576,146436700,-0.002266,0.096447,77.5
2011-02-10,100.399455,101.063186,100.170578,100.948753,162708500,0.000378,0.096481,77.5
2011-02-11,100.551992,101.681101,100.529106,101.551407,137710300,0.005952,0.096754,77.5
2011-02-14,101.490379,101.879461,101.375947,101.79554,101690700,0.002401,0.096633,77.5
2011-02-15,101.482795,101.635376,100.948758,101.475159,119575400,-0.003152,0.094415,77.5
2011-02-16,101.818469,102.238062,101.612479,102.116005,130183500,0.006295,0.095187,77.5
2011-02-17,101.818446,102.558461,101.726888,102.421143,109810500,0.002984,0.094711,77.5
2011-02-18,102.512704,102.756842,102.276203,102.634773,130002400,0.002084,0.094082,77.5
2011-02-22,101.559051,102.657649,100.300248,100.574898,233116400,-0.020274,0.113451,77.5
2011-02-23,100.513848,100.757986,99.338966,99.956924,227584000,-0.006163,0.115253,77.5
2011-02-24,99.850139,100.277369,98.949895,99.888275,260431400,-0.000687,0.11511,77.5
2011-02-25,100.307879,101.017394,100.246844,100.95636,141686900,0.010636,0.116211,77.5
2011-02-28,101.330188,101.711645,100.994505,101.58194,141585500,0.006177,0.1169,77.5
2011-03-01,101.902378,101.993924,99.857764,99.888275,258565500,-0.016813,0.126535,67.5
2011-03-02,99.750945,100.567268,99.445784,100.101891,200277400,0.002136,0.12658,67.5
2011-03-03,101.009742,101.940497,101.002117,101.826065,176480100,0.017078,0.131532,67.5
2011-03-04,101.749804,101.948169,100.399455,101.063187,277202300,-0.00752,0.133824,67.5
2011-03-07,101.360694,101.589571,99.743321,100.269722,216790400,-0.007882,0.136281,67.5
2011-03-08,100.429924,101.467486,99.995069,101.147064,174615000,0.008712,0.137507,67.5
2011-03-09,100.948715,101.314911,100.399417,101.002113,153806000,-0.001434,0.13767,67.5
2011-03-10,99.941674,100.078993,99.033805,99.132988,301291800,-0.018679,0.148423,67.5
2011-03-11,98.812586,100.178196,98.789699,99.819626,225621800,0.006903,0.149598,67.5
2011-03-14,99.171131,99.544951,98.461615,99.216904,234974100,-0.006056,0.141135,67.5
2011-03-15,96.577236,98.667624,96.508577,98.080177,359585400,-0.011523,0.143805,67.5
2011-03-16,97.767331,98.087765,95.577774,96.264397,468670300,-0.018687,0.145456,67.5
2011-03-17,97.652944,97.95048,96.96632,97.538506,254303700,0.013149,0.151235,67.5
2011-03-18,98.720802,98.751457,97.701723,97.89328,230435400,0.003631,0.151526,67.5
2011-03-21,99.111564,99.617266,98.996623,99.410393,153992600,0.015379,0.158236,67.5
2011-03-22,99.395082,99.525339,98.973654,99.065598,129538600,-0.003474,0.157296,67.5
2011-03-23,98.789766,99.609636,98.322378,99.349121,148603100,0.002858,0.1569,67.5
2011-03-24,99.916065,100.444764,99.356722,100.299179,159129800,0.009517,0.159505,67.5
2011-03-25,100.559726,101.042441,100.291541,100.605698,155642800,0.003051,0.159778,67.5
2011-03-28,100.820276,101.080791,100.329891,100.360535,109762400,-0.00244,0.158858,67.5
2011-03-29,100.276243,101.065457,99.946771,101.034813,129798800,0.006696,0.159998,67.5
2011-03-30,101.563469,102.030869,101.417884,101.73204,135835000,0.006877,0.161054,67.5
2011-03-31,101.601801,101.877644,101.48686,101.594131,132537100,-0.001357,0.160014,67.5
2011-04-01,102.222458,102.498301,101.778045,102.023232,153850100,0.004215,0.160264,69.8
2011-04-04,102.237771,102.42167,101.816355,102.107513,100768900,0.000826,0.160154,69.8
2011-04-05,101.908333,102.544304,101.862361,102.092232,120791500,-0.00015,0.148393,69.8
2011-04-06,102.58258,102.674524,102.00024,102.414009,120411600,0.003147,0.14721,69.8
2011-04-07,102.230119,102.659205,101.64779,102.153503,170731500,-0.002547,0.147472,69.8
2011-04-08,102.605567,102.666867,101.379598,101.801025,147945400,-0.003456,0.144895,69.8
2011-04-11,101.908288,102.253088,101.249331,101.49453,121385400,-0.003015,0.144089,69.8
2011-04-12,100.927519,101.126734,100.368176,100.735962,161187400,-0.007502,0.137018,69.8
2011-04-13,101.203382,101.279998,100.345211,100.728325,162059000,-7.6e-05,0.136907,69.8
2011-04-14,100.145968,100.958167,99.816495,100.804924,161220400,0.00076,0.127265,69.8
2011-04-15,100.988804,101.425548,100.689976,101.172691,170006700,0.003642,0.125893,69.8
2011-04-18,100.061697,101.165067,99.23417,100.038712,210759300,-0.011272,0.12811,69.8
2011-04-19,100.191915,100.643998,99.946728,100.613342,124258800,0.005728,0.126614,69.8
2011-04-20,101.816346,102.207118,101.747376,101.984917,156133800,0.01354,0.132617,69.8
2011-04-21,102.513609,102.551923,101.984922,102.505951,135935400,0.005096,0.120349,69.8
2011-04-25,102.429326,102.567253,102.06154,102.398682,65757100,-0.001047,0.119228,69.8
2011-04-26,102.712837,103.486723,102.605566,103.279839,146600000,0.008568,0.1194,69.8
2011-04-27,103.479029,104.107329,103.057602,103.954086,143031000,0.006507,0.113829,69.8
2011-04-28,103.770234,104.42919,103.754918,104.291275,124791100,0.003238,0.095582,69.8
2011-04-29,104.329565,104.643721,104.191638,104.536438,115094100,0.002348,0.09027,69.8
2011-05-02,105.026848,105.111121,104.168665,104.375549,126278700,-0.00154,0.090855,74.3
2011-05-03,104.17634,104.352569,103.4714,104.000099,138375000,-0.003604,0.083145,74.3
2011-05-04,103.954137,104.000109,102.850767,103.310509,182678500,-0.006653,0.085281,74.3
2011-05-05,102.735838,103.402452,101.923638,102.37571,226900000,-0.00909,0.090382,74.3
2011-05-06,103.39481,103.923509,102.429355,102.827797,222787200,0.004406,0.08736,74.3
2011-05-09,102.820081,103.525009,102.659168,103.226181,114104500,0.003867,0.087572,74.3
2011-05-10,103.571042,104.291298,103.440784,104.107399,114806900,0.008501,0.089707,74.3
2011-05-11,103.954122,103.96945,102.536608,103.011665,193564200,-0.010581,0.094398,74.3
2011-05-12,102.735832,103.716603,102.207133,103.50206,171550700,0.004749,0.093374,74.3
2011-05-13,103.555675,103.70126,102.337376,102.705162,157444900,-0.007729,0.0963,74.3
2011-05-16,102.337387,103.141929,101.885315,102.053886,141675400,-0.006361,0.097495,74.3
2011-05-17,101.670773,102.176486,101.234017,102.038559,192686200,-0.00015,0.097465,74.3
2011-05-18,102.092146,103.057589,101.869934,102.950317,135217900,0.008896,0.10083,74.3
2011-05-19,103.287512,103.463741,102.628556,103.195557,119489500,0.002379,0.100664,74.3
2011-05-20,102.927395,103.195567,102.184153,102.37571,182594900,-0.007976,0.103176,74.3
2011-05-23,101.12675,101.693763,100.827921,101.188049,168700000,-0.011669,0.108238,74.3
2011-05-24,101.479193,101.701394,100.91218,101.103737,147199600,-0.000834,0.107929,74.3
2011-05-25,100.697646,101.862315,100.667002,101.440887,151050100,0.003329,0.106048,74.3
2011-05-26,101.16506,102.092201,100.973503,101.908302,164850000,0.004597,0.106792,74.3
2011-05-27,102.191801,102.574915,101.877656,102.299072,120921900,0.003827,0.107254,74.3
2011-05-31,103.264511,103.379441,102.551913,103.364113,164731200,0.010357,0.11068,74.3
2011-06-01,103.065306,103.379463,100.95818,101.042465,233094300,-0.022717,0.125437,71.5
2011-06-02,101.111399,101.325941,100.345171,100.935158,200466800,-0.001063,0.124439,71.5
2011-06-03,99.724573,100.697686,99.670943,99.931458,234690200,-0.009994,0.121008,71.5
2011-06-06,99.67858,99.885465,98.743781,98.874039,179951200,-0.010638,0.123059,71.5
2011-06-07,99.379768,99.663281,98.728481,98.812767,161660500,-0.00062,0.12307,71.5
2011-06-08,98.659471,98.988955,98.215057,98.398956,198696400,-0.004197,0.119794,71.5
2011-06-09,98.667156,99.555972,98.429628,99.149872,160964400,0.007602,0.120479,71.5
2011-06-10,98.728443,98.789731,97.510138,97.770653,238629400,-0.014008,0.124781,71.5
2011-06-13,97.992906,98.26109,97.349277,97.847321,207599800,0.000784,0.124373,71.5
2011-06-14,98.74375,99.433362,98.705448,99.088562,160570400,0.012606,0.131578,71.5
2011-06-15,98.261076,99.073276,97.065756,97.326271,300958000,-0.017945,0.139666,71.5
2011-06-16,97.356888,98.054158,96.789881,97.540787,308032800,0.002202,0.139577,71.5
2011-06-17,98.5095,98.517202,97.500767,97.831879,233284900,0.00298,0.138566,71.5
2011-06-20,97.500796,98.540331,97.469994,98.33242,159479000,0.005103,0.138839,71.5
2011-06-21,98.840606,99.872438,98.370889,99.679932,193157300,0.013611,0.144848,71.5
2011-06-22,99.371921,99.957137,99.017704,99.079308,176703000,-0.006044,0.14253,71.5
2011-06-23,97.916581,99.056217,97.169654,98.794411,334286500,-0.00288,0.140063,71.5
2011-06-24,98.771324,98.848319,97.500778,97.647079,226129300,-0.011681,0.141885,71.5
2011-06-27,97.708674,98.89451,97.516167,98.517204,168904700,0.008871,0.144139,71.5
2011-06-28,98.90989,99.818527,98.771291,99.803123,165556300,0.012968,0.149144,71.5
2011-06-29,100.25745,100.819566,99.818541,100.657867,244295500,0.008528,0.151545,71.5
2011-06-30,100.981284,101.782106,100.650178,101.620407,223322700,0.009517,0.151889,71.5
2011-07-01,101.712828,103.26059,101.474122,103.121979,202385700,0.014668,0.157922,63.7
2011-07-05,103.014147,103.245157,102.713837,103.037247,165936000,-0.000822,0.156143,63.7
2011-07-06,102.790837,103.291349,102.498223,103.160446,143331600,0.001195,0.152032,63.7
2011-07-07,104.076763,104.492572,103.861157,104.230766,170464200,0.010322,0.154508,63.7
2011-07-08,103.05266,104.2308,102.713847,103.49157,194100500,-0.007117,0.156107,63.7
2011-07-11,102.221027,102.552133,101.381701,101.620407,195918600,-0.018246,0.164901,63.7
2011-07-12,101.404779,102.244105,101.150669,101.181465,214675700,-0.004329,0.16491,63.7
2011-07-13,101.712786,102.582919,101.273877,101.520279,204062600,0.003343,0.162177,63.7
2011-07-14,101.774417,102.244134,100.627073,100.81958,226111800,-0.006926,0.149419,63.7
2011-07-15,101.381708,101.543407,100.696385,101.404808,220012800,0.005788,0.150342,63.7
2011-07-18,100.935087,101.08909,99.818551,100.573174,196872100,-0.008235,0.149393,63.7
2011-07-19,101.135276,102.328819,101.112176,102.205612,166554900,0.016101,0.152583,63.7
2011-07-20,102.467442,102.529033,101.966917,102.14402,137145400,-0.000603,0.152581,63.7
2011-07-21,102.72153,103.814977,102.159413,103.560867,245246300,0.013776,0.156007,63.7
2011-07-22,103.583943,103.737945,102.998715,103.630142,126019400,0.000669,0.155021,63.7
2011-07-25,102.644522,103.560855,102.536719,103.052635,136653800,-0.005588,0.149538,63.7
2011-07-26,102.983331,103.152738,102.436608,102.667618,131278200,-0.003743,0.150366,63.7
2011-07-27,102.097774,102.128582,100.434515,100.56543,249020100,-0.020688,0.159859,63.7
2011-07-28,100.565472,101.466401,100.111147,100.272858,207939900,-0.002914,0.150452,63.7
2011-07-29,99.264145,100.526988,98.540318,99.587555,307038400,-0.006858,0.152103,63.7
2011-08-01,100.750262,100.842673,98.201476,99.164009,325790900,-0.004262,0.152604,55.8
2011-08-02,98.417115,98.948435,96.630653,96.630653,346653800,-0.025879,0.169841,55.8
2011-08-03,96.761542,97.262054,95.121381,97.154251,370830800,0.005404,0.165492,55.8
2011-08-04,95.806685,95.960694,92.449369,92.603378,520721800,-0.047974,0.214329,55.8
2011-08-05,93.75842,93.997126,89.985289,92.464775,655619200,-0.001498,0.214331,55.8
2011-08-08,90.023817,92.495601,86.258381,86.443192,702263900,-0.06734,0.284825,55.8
2011-08-09,87.836907,90.585901,84.910805,90.4627,717828700,0.04545,0.317154,55.8
2011-08-10,88.753266,89.53869,86.204474,86.466286,662607400,-0.045183,0.336173,55.8
2011-08-11,87.213243,91.571592,86.489416,90.347252,487979700,0.043906,0.362917,55.8
2011-08-12,91.171135,91.794854,90.308703,90.955528,313731600,0.00671,0.362126,55.8
2011-08-15,91.779462,92.972999,91.633155,92.8806,258810600,0.020944,0.365334,55.8
2011-08-16,91.995072,92.934505,91.101838,92.087471,294095200,-0.008576,0.365534,55.8
2011-08-17,92.595688,93.32721,91.417548,92.149071,238201100,0.000669,0.365475,55.8
2011-08-18,89.708087,92.179871,87.313304,88.175735,512956300,-0.044076,0.380937,55.8
2011-08-19,86.982195,89.230671,86.627983,86.735786,428281300,-0.016465,0.382227,55.8
2011-08-22,88.683953,88.730158,86.558684,86.805092,275090600,0.000799,0.38086,55.8
2011-08-23,87.1285,89.761989,86.689585,89.661888,331136600,0.032381,0.396186,55.8
2011-08-24,89.469401,91.047952,89.261491,90.924751,246869700,0.013986,0.399097,55.8
2011-08-25,91.425257,91.941174,89.222981,89.538689,312365400,-0.015361,0.400441,55.8
2011-08-26,89.084397,91.255873,87.667545,90.840057,314495900,0.01443,0.403043,55.8
2011-08-29,92.064374,93.504326,90.909334,93.450424,190977200,0.028331,0.413245,55.8
2011-08-30,93.042302,94.274343,91.83336,93.696823,241315700,0.002633,0.409822,55.8
2011-08-31,94.297468,95.105998,93.40424,94.112663,301828400,0.004428,0.410325,55.8
2011-09-01,94.166533,95.021263,93.003792,93.126999,254585900,-0.010528,0.407869,59.5
2011-09-02,91.186534,93.073103,90.42421,90.74762,255517200,-0.025882,0.412718,59.5
2011-09-06,88.083336,90.216312,88.075634,90.085403,285130500,-0.007324,0.412792,59.5
2011-09-07,91.448356,92.664993,91.140344,92.626495,209803200,0.027817,0.423284,59.5
2011-09-08,92.072076,93.127015,91.456053,91.663963,250568200,-0.010446,0.420688,59.5
2011-09-09,90.616707,91.679342,88.768643,89.261459,380195100,-0.02656,0.426149,59.5
2011-09-12,88.144926,89.908287,87.821516,89.838982,305793500,0.006449,0.427085,59.5
2011-09-13,90.131627,91.001755,89.492503,90.662941,272514700,0.00913,0.42862,59.5
2011-09-14,91.124905,93.019175,89.877467,91.918037,319389500,0.013749,0.425606,59.5
2011-09-15,92.903714,93.535135,91.94118,93.504333,326777200,0.017111,0.428638,59.5
2011-09-16,93.879728,94.406055,93.128937,94.057747,284528300,0.005901,0.405448,59.5
2011-09-19,92.517473,93.601089,91.890527,93.121201,241517000,-0.010007,0.406564,59.5
2011-09-20,93.515948,94.421539,92.889002,93.01284,218932200,-0.001164,0.352649,59.5
2011-09-21,93.059277,93.345657,90.125777,90.272835,316251300,-0.029901,0.340195,59.5
2011-09-22,87.656684,88.399733,86.147366,87.35482,513911300,-0.032858,0.327637,59.5
2011-09-23,86.774307,88.36103,86.704643,87.881142,307242500,0.006007,0.301192,59.5
2011-09-26,88.709313,90.094792,87.447678,89.970947,260673700,0.023502,0.308727,59.5
2011-09-27,91.743457,92.540687,90.435377,90.977188,311753900,0.011122,0.304114,59.5
2011-09-28,91.162908,91.712455,88.987942,89.119522,286696800,-0.02063,0.308801,59.5
2011-09-29,90.597916,91.046838,88.183002,89.823906,298108900,0.007873,0.309862,59.5
2011-09-30,88.585464,89.359474,87.517332,87.579254,288392300,-0.025307,0.291332,59.5
2011-10-03,87.068432,88.198487,84.994084,85.086967,365136800,-0.02887,0.299446,60.8
2011-10-04,83.864017,87.138083,83.151929,86.952316,459177500,0.021686,0.306358,60.8
2011-10-05,87.169071,88.794492,86.364099,88.562286,284108000,0.018346,0.296016,60.8
2011-10-06,88.515849,90.296076,87.857942,90.16449,257800800,0.01793,0.297897,60.8
2011-10-07,90.690815,90.752737,89.057652,89.56076,312657900,-0.006718,0.295135,60.8
2011-10-10,91.085532,92.594849,91.07779,92.556152,230666300,0.032898,0.307569,60.8
2011-10-11,92.006601,92.912192,91.913718,92.649025,209088000,0.001003,0.296164,60.8
2011-10-12,93.345636,94.537612,93.136656,93.461739,281544900,0.008734,0.297212,60.8
2011-10-13,92.912215,93.554645,92.200127,93.276001,212538800,-0.001989,0.296948,60.8
2011-10-14,94.359624,94.893688,93.833297,94.870468,211397600,0.01695,0.29939,60.8
2011-10-17,94.421519,94.854969,92.82706,93.059265,202311600,-0.019276,0.294888,60.8
2011-10-18,92.989587,95.590262,92.262016,94.878174,318857900,0.019357,0.298586,60.8
2011-10-19,94.72338,95.265191,93.430784,93.755867,226601300,-0.011899,0.29051,60.8
2011-10-20,93.988082,94.506668,92.741925,94.166107,262075600,0.004366,0.28887,60.8
2011-10-21,95.272938,96.070174,94.986558,95.954071,278999400,0.018809,0.281223,60.8
2011-10-24,96.108876,97.370517,96.023734,97.130569,203215600,0.012186,0.282428,60.8
2011-10-25,96.666166,96.712604,95.033003,95.241989,268596800,-0.019635,0.288881,60.8
2011-10-26,96.2482,96.573283,94.591818,96.209503,289053800,0.010107,0.287745,60.8
2011-10-27,98.786935,100.172414,97.997447,99.560951,393220200,0.034242,0.29984,60.8
2011-10-28,99.073301,99.731215,98.918502,99.537712,225906500,-0.000233,0.29969,60.8
2011-10-31,98.423135,99.553183,96.998953,97.138275,228146700,-0.024401,0.307458,60.8
2011-11-01,94.45248,95.598018,94.057733,94.42926,416565800,-0.028284,0.31925,63.7
2011-11-02,95.845682,96.286868,95.040711,95.969521,244717600,0.01618,0.308882,63.7
2011-11-03,96.960263,97.912298,95.667667,97.718796,291174800,0.018063,0.293777,63.7
2011-11-04,96.929331,97.293111,95.985037,97.122833,249401600,-0.006117,0.295062,63.7
2011-11-07,97.053179,97.827189,96.132104,97.72657,196617200,0.006197,0.288983,63.7
2011-11-08,98.237359,99.088775,97.300807,98.980408,224426300,0.012748,0.28943,63.7
2011-11-09,96.666145,97.370497,95.094905,95.32711,337982000,-0.037608,0.305135,63.7
2011-11-10,96.588754,96.704857,95.218752,96.224968,231866500,0.009375,0.305407,63.7
2011-11-11,97.393703,98.291552,97.362742,98.036133,189924400,0.018647,0.29735,63.7
2011-11-14,97.672383,98.647632,96.689387,97.107353,159258300,-0.009519,0.283882,63.7
2011-11-15,96.882882,98.10582,96.53458,97.587234,184709400,0.00493,0.279132,63.7
2011-11-16,96.604255,97.78849,95.899908,96.03923,235782500,-0.01599,0.281364,63.7
2011-11-17,95.861165,96.101112,93.833262,94.514389,331219600,-0.016005,0.282591,63.7
2011-11-18,94.816255,95.009758,94.019026,94.413773,215580400,-0.001065,0.281623,63.7
2011-11-21,93.036033,93.152136,91.83632,92.618073,229611600,-0.019203,0.271878,63.7
2011-11-22,92.41686,92.958665,91.735727,92.254318,216494900,-0.003935,0.2721,63.7
2011-11-23,91.387377,92.254271,90.21862,90.21862,224329100,-0.022313,0.278111,63.7
2011-11-25,90.079339,91.101033,89.940017,90.048378,99557000,-0.001889,0.278109,63.7
2011-11-28,92.525196,93.020562,91.967908,92.656776,210686000,0.028555,0.286586,63.7
2011-11-29,92.919952,93.65526,92.579386,92.919952,199241500,0.002836,0.281306,63.7
2011-11-30,95.582545,96.921586,92.88125,96.743561,324439500,0.040325,0.299831,63.7
2011-12-01,96.635197,97.246666,96.310114,96.728081,176954800,-0.00016,0.297483,69.9
2011-12-02,97.618161,97.912282,96.580984,96.642906,221109700,-0.000881,0.297362,69.9
2011-12-05,98.175454,98.438621,97.091845,97.695572,225263900,0.010833,0.29406,69.9
2011-12-06,97.687867,98.384478,97.339565,97.72657,178842100,0.000317,0.292001,69.9
2011-12-07,97.401457,98.500557,96.728072,98.090332,237802500,0.003715,0.285996,69.9
2011-12-08,97.447915,97.664637,95.706391,95.938591,240862800,-0.02218,0.292284,69.9
2011-12-09,96.372019,97.811678,96.286877,97.563995,209111400,0.0168,0.278527,69.9
2011-12-12,96.712582,96.728066,95.327109,96.139816,215826100,-0.014705,0.28147,69.9
2011-12-13,96.642946,97.192493,94.777578,95.241989,245159800,-0.009383,0.273959,69.9
2011-12-14,94.862716,95.226501,94.019047,94.228027,238618800,-0.010703,0.263075,69.9
2011-12-15,95.226496,95.358076,94.421524,94.568588,199109200,0.003608,0.258815,69.9
2011-12-16,95.207315,95.768132,94.48292,94.708801,220481400,0.001482,0.25288,69.9
2011-12-19,95.07489,95.27741,93.493684,93.696205,183903000,-0.010749,0.254041,69.9
2011-12-20,95.168377,96.695059,93.758535,96.531487,225418100,0.029812,0.268804,69.9
2011-12-21,96.531475,96.866411,95.61235,96.718414,194230900,0.001935,0.266017,69.9
2011-12-22,97.076703,97.676474,96.76514,97.575211,119465400,0.00882,0.243204,69.9
2011-12-23,97.886809,98.478789,97.684294,98.447632,92187200,0.008901,0.243063,69.9
2011-12-27,98.276244,98.782542,98.190562,98.525497,86075700,0.000791,0.237081,69.9
2011-12-28,98.541098,98.556674,97.154623,97.232513,119107100,-0.01321,0.238627,69.9
2011-12-29,97.551814,98.338524,97.255827,98.237267,123507200,0.01028,0.240079,69.9
2011-12-30,98.159392,98.400861,97.754356,97.754356,95599000,-0.004928,0.235689,69.9
2012-01-03,99.514723,99.997655,99.257678,99.312202,193697900,0.015811,0.234256,75.0
2012-01-04,99.07855,99.553692,98.696881,99.46801,127186500,0.001568,0.234115,75.0
2012-01-05,98.930516,99.880792,98.478741,99.732796,173895000,0.002658,0.22554,75.0
2012-01-06,99.857445,99.873027,99.148632,99.475777,148050000,-0.00258,0.22524,75.0
2012-01-09,99.701688,99.841888,99.242129,99.71727,99530200,0.002425,0.212604,75.0
2012-01-10,100.784363,100.986878,100.441636,100.581848,115282000,0.008633,0.212544,75.0
2012-01-11,100.270267,100.768775,100.106701,100.63636,111540700,0.000542,0.199148,75.0
2012-01-12,100.924553,101.025804,100.122255,100.877808,118983700,0.002396,0.19915,75.0
2012-01-13,100.200176,100.519535,99.483571,100.355957,179836200,-0.005187,0.16532,75.0
2012-01-17,101.321804,101.508749,100.402673,100.745399,132209200,0.003873,0.16544,75.0
2012-01-18,100.722026,101.913771,100.542878,101.859253,163395200,0.010995,0.167611,75.0
2012-01-19,102.209784,102.48241,101.882639,102.396729,126328900,0.005263,0.165755,75.0
2012-01-20,102.225355,102.778381,101.976096,102.778381,138230200,0.00372,0.165826,75.0
2012-01-23,102.435684,103.012088,102.022857,102.51358,129295800,-0.00258,0.166158,75.0
2012-01-24,101.882639,102.42788,101.726857,102.396729,103083300,-0.001141,0.150595,75.0
2012-01-25,102.240943,103.495003,101.843698,103.25354,198613200,0.008333,0.145356,75.0
2012-01-26,103.713042,103.907772,102.318782,102.723824,184880500,-0.005143,0.138343,75.0
2012-01-27,102.225334,102.856257,102.155223,102.677109,135259100,-0.000455,0.134201,75.0
2012-01-30,101.656721,102.381122,101.306209,102.326591,147311800,-0.00342,0.129551,75.0
2012-01-31,102.832907,102.957525,101.789147,102.287666,157212000,-0.00038,0.129837,75.0
2012-02-01,103.043245,103.705331,102.918627,103.183456,166234500,0.008719,0.130977,75.3
2012-02-02,103.385964,103.611857,102.980934,103.347015,113090400,0.001584,0.124565,75.3
2012-02-03,104.37518,104.858107,104.196032,104.795792,160598500,0.013921,0.101523,75.3
2012-02-06,104.359592,104.772418,104.242759,104.725685,107694500,-0.000669,0.101982,75.3
2012-02-07,104.507591,105.169677,104.094764,104.990517,135528100,0.002526,0.100291,75.3
2012-02-08,105.045056,105.325468,104.616648,105.302101,139361400,0.002963,0.098427,75.3
2012-02-09,105.473458,105.613657,104.811372,105.434509,148602900,0.001257,0.098376,75.3
2012-02-10,104.499759,104.741222,104.250499,104.65554,167907500,-0.007416,0.091663,75.3
2012-02-13,105.403358,105.559139,104.951583,105.434509,115841900,0.007416,0.089896,75.3
2012-02-14,105.154105,105.364416,104.569915,105.302101,165329500,-0.001257,0.087919,75.3
2012-02-15,105.644828,105.800609,104.601067,104.811378,195195100,-0.004671,0.080672,75.3
2012-02-16,104.81918,106.065444,104.632235,105.971977,186567800,0.011012,0.084969,75.3
2012-02-17,106.338016,106.423698,105.901823,106.252335,129869400,0.002642,0.084968,75.3
2012-02-21,106.50161,106.75087,105.971951,106.299095,134042300,0.00044,0.083964,75.3
2012-02-22,106.135538,106.361432,105.769445,105.95639,124455300,-0.003229,0.085426,75.3
2012-02-23,105.901847,106.501606,105.543539,106.423721,137704300,0.004401,0.083438,75.3
2012-02-24,106.657433,106.867744,106.423766,106.657433,105539100,0.002194,0.083345,75.3
2012-02-27,105.948618,107.124782,105.777255,106.836586,145728900,0.001678,0.083336,75.3
2012-02-28,106.867736,107.272778,106.657425,107.148148,129355900,0.002912,0.080601,75.3
2012-02-29,107.303901,107.638843,106.353619,106.727509,185934700,-0.003933,0.082336,75.3
2012-03-01,106.953388,107.483059,106.657395,107.280533,145023500,0.005168,0.078394,76.2
2012-03-02,107.210452,107.350664,106.711944,106.953407,120638300,-0.003054,0.07884,76.2
2012-03-05,106.789823,106.867708,106.151104,106.517197,140765000,-0.004087,0.080124,76.2
2012-03-06,105.426714,105.489018,104.65558,104.959358,202129900,-0.014733,0.091963,76.2
2012-03-07,105.200836,105.862922,105.099573,105.691559,143692200,0.006952,0.093468,76.2
2012-03-08,106.338051,106.961188,106.119954,106.74308,116968900,0.0099,0.094631,76.2
2012-03-09,106.94561,107.436321,106.813196,107.155922,122836800,0.00386,0.093047,76.2
2012-03-12,107.140307,107.303873,106.781999,107.163673,104003500,7.2e-05,0.092968,76.2
2012-03-13,107.740109,109.149951,107.560949,109.095421,184090500,0.017866,0.10323,76.2
2012-03-14,109.126642,109.399257,108.643704,108.978645,145163600,-0.001071,0.103396,76.2
2012-03-15,109.142179,109.656268,108.861767,109.609535,165118500,0.005772,0.102104,76.2
2012-03-16,109.808222,109.902098,109.526582,109.761284,152893500,0.001383,0.102113,76.2
2012-03-19,109.690874,110.527964,109.612636,110.191566,125291100,0.003913,0.095896,76.2
2012-03-20,109.56571,110.003814,109.24495,109.870819,121729700,-0.002915,0.096592,76.2
2012-03-21,109.933409,110.035104,109.464004,109.690887,122388400,-0.001639,0.096998,76.2
2012-03-22,108.885114,109.174586,108.540898,108.900764,135216700,-0.007229,0.100074,76.2
2012-03-23,108.994618,109.377953,108.392218,109.252777,120521000,0.003227,0.10026,76.2
2012-03-26,110.035141,110.786186,109.996034,110.786186,120164000,0.013938,0.103394,76.2
2012-03-27,110.887868,110.958275,110.371526,110.441933,119868500,-0.003112,0.103013,76.2
2012-03-28,110.387168,110.559282,109.244957,109.894295,148562100,-0.004971,0.104444,76.2
2012-03-29,109.244916,109.909904,108.814631,109.70649,164963700,-0.00171,0.103289,76.2
2012-03-30,110.246351,110.348058,109.565725,110.160294,135486800,0.004128,0.099655,76.2
2012-04-02,110.027328,111.255597,109.808276,110.966125,151741100,0.007288,0.101102,76.4
2012-04-03,110.80965,110.997414,109.863022,110.51236,155806700,-0.004098,0.102342,76.4
2012-04-04,109.698716,109.792593,109.01026,109.417076,146896000,-0.00996,0.106695,76.4
2012-04-05,109.041565,109.683072,108.947677,109.362312,137439400,-0.000501,0.106311,76.4
2012-04-09,107.985403,109.401424,107.836758,108.134048,127555900,-0.011295,0.111932,76.4
2012-04-10,107.922792,108.227902,106.209482,106.319008,235360300,-0.016928,0.122647,76.4
2012-04-11,107.406475,107.602058,106.98402,107.179604,154133000,0.008062,0.12466,76.4
2012-04-12,107.281308,108.666028,107.20307,108.579971,154321500,0.012981,0.129554,76.4
2012-04-13,108.32962,108.603441,107.187409,107.289116,169246700,-0.01196,0.133719,76.4
2012-04-16,107.83675,107.993214,106.851014,107.218712,147825300,-0.000656,0.133423,76.4
2012-04-17,107.836772,109.025922,107.727246,108.80687,147877600,0.014704,0.139306,76.4
2012-04-18,108.321826,108.806868,108.259238,108.439171,123884200,-0.003385,0.132069,76.4
2012-04-19,108.454777,108.861581,107.23434,107.742851,198666700,-0.006442,0.132605,76.4
2012-04-20,108.220096,108.611262,107.860218,107.922806,143199600,0.001669,0.129725,76.4
2012-04-23,106.819706,107.109177,106.350314,107.015289,171844900,-0.008444,0.131732,76.4
2012-04-24,107.109176,107.695925,107.023118,107.422104,137484200,0.003794,0.132201,76.4
2012-04-25,108.470425,108.939829,108.376548,108.892891,150252200,0.013599,0.127715,76.4
2012-04-26,108.65819,109.776932,108.595602,109.651756,136291600,0.006945,0.129269,76.4
2012-04-27,109.980333,110.144616,109.370114,109.831688,130725000,0.00164,0.128273,76.4
2012-04-30,109.612653,109.690891,109.12761,109.424889,115092200,-0.003711,0.128668,76.4
2012-05-01,109.362319,110.82529,109.237155,110.105545,138832200,0.006201,0.129457,79.3
2012-05-02,109.463976,109.886443,109.10411,109.776917,121081000,-0.002989,0.129472,79.3
2012-05-03,109.792582,109.878639,108.73644,108.939842,143759700,-0.007654,0.131283,79.3
2012-05-04,108.368753,108.978972,107.117016,107.179604,193927300,-0.01629,0.137939,79.3
2012-05-07,106.796227,107.617679,106.75712,107.257812,127765900,0.000729,0.137537,79.3
2012-05-08,106.61632,106.999667,105.552346,106.827553,213377700,-0.00402,0.130704,79.3
2012-05-09,105.693178,106.874496,105.215954,106.193871,220752500,-0.005949,0.13132,79.3
2012-05-10,106.929279,107.062286,106.170427,106.412949,150600000,0.002061,0.131196,79.3
2012-05-11,105.747927,107.077891,105.700989,106.092155,153032400,-0.003019,0.131307,79.3
2012-05-14,105.075104,106.092139,104.762176,104.91864,163910000,-0.011123,0.133436,79.3
2012-05-15,104.848231,105.466268,104.151955,104.316238,207629300,-0.005758,0.131201,79.3
2012-05-16,104.78568,105.262903,103.893821,103.91729,207265500,-0.003832,0.131168,79.3
2012-05-17,103.940749,104.065925,102.321314,102.376083,247992900,-0.014942,0.13453,79.3
2012-05-18,102.775034,102.954979,101.351195,101.49984,319615900,-0.008596,0.135673,79.3
2012-05-21,101.828463,103.283603,101.664168,103.244484,177861100,0.017043,0.144273,79.3
2012-05-22,103.510442,104.230187,102.751578,103.424385,197531200,0.001741,0.136933,79.3
2012-05-23,102.681166,103.627794,101.695431,103.479149,204958400,0.000529,0.134356,79.3
2012-05-24,103.760794,103.925077,102.814166,103.682556,167357600,0.001964,0.127911,79.3
2012-05-25,103.643455,103.932926,103.095824,103.346176,135465600,-0.00325,0.124181,79.3
2012-05-29,104.175431,104.777818,102.618584,104.597885,152883500,0.012039,0.130021,79.3
2012-05-30,103.706061,104.590101,102.868971,103.080193,162370400,-0.014616,0.127333,79.3
2012-05-31,103.041051,103.619969,101.969247,102.853287,196186000,-0.002204,0.127252,79.3
2012-06-01,101.241664,102.876736,100.263748,100.263748,253240900,-0.025499,0.144199,73.2
2012-06-04,100.443683,100.717505,99.465768,100.216812,202545800,-0.000468,0.143808,73.2
2012-06-05,100.021247,101.124334,99.966484,100.9757,164149400,0.007544,0.145491,73.2
2012-06-06,101.679818,103.291422,101.648518,103.244484,184202800,0.02222,0.160794,73.2
2012-06-07,104.417972,104.46491,103.095827,103.30706,184772700,0.000606,0.154608,73.2
2012-06-08,103.041052,104.151963,102.712462,104.128494,143915400,0.00792,0.155109,73.2
2012-06-11,104.965577,105.028165,102.704636,102.806343,169756100,-0.012779,0.157996,73.2
2012-06-12,103.103669,104.058116,102.610807,103.987709,181931800,0.011426,0.162759,73.2
2012-06-13,103.682559,104.331897,102.970634,103.322693,172223900,-0.006416,0.161541,73.2
2012-06-14,103.533891,104.832566,103.252251,104.417931,230615500,0.010544,0.165618,73.2
2012-06-15,104.888221,105.580233,104.668034,105.48587,169444500,0.010176,0.168062,73.2
2012-06-18,105.04547,105.949809,104.809551,105.6903,131360900,0.001936,0.161912,73.2
2012-06-19,106.225045,107.145116,105.666706,106.712601,137382600,0.009626,0.164516,73.2
2012-06-20,106.720528,107.027218,105.588129,106.53965,206451800,-0.001622,0.164175,73.2
2012-06-21,106.665451,106.775545,104.062514,104.149017,205272200,-0.022694,0.176107,73.2
2012-06-22,104.691625,105.14773,104.29056,104.951134,130029200,0.007672,0.177602,73.2
2012-06-25,103.842354,103.881676,102.898693,103.268295,146375700,-0.016164,0.183244,73.2
2012-06-26,103.567075,104.101824,102.961554,103.787262,141634000,0.005013,0.181379,73.2
2012-06-27,104.133286,104.927532,103.779415,104.723076,108088000,0.008976,0.182593,73.2
2012-06-28,104.031062,104.581542,103.236816,104.424255,169242100,-0.002858,0.182431,73.2
2012-06-29,106.319406,107.160845,106.044178,107.027161,212250900,0.024621,0.189851,73.2
2012-07-02,107.325981,107.459665,106.571057,107.349571,129524500,0.003008,0.187463,72.3
2012-07-03,107.326035,108.136012,107.215941,108.057381,80450000,0.006572,0.182488,72.3
2012-07-05,107.656304,108.364059,107.176608,107.569801,126177500,-0.004522,0.183323,72.3
2012-07-06,106.531777,106.767695,106.044221,106.547508,151192100,-0.009549,0.186003,72.3
2012-07-09,106.461023,106.610438,105.926273,106.413841,103780500,-0.001255,0.186088,72.3
2012-07-10,106.956409,107.129415,105.124127,105.48587,167884800,-0.008759,0.187824,72.3
2012-07-11,105.540924,105.847614,104.888222,105.501602,141733400,0.000149,0.184713,72.3
2012-07-12,104.888195,105.556617,104.274815,104.990417,143583200,-0.004857,0.179976,72.3
2012-07-13,105.265683,106.862047,105.249952,106.751953,129642600,0.016639,0.185611,72.3
2012-07-16,106.508177,106.814867,106.083521,106.500305,97525200,-0.00236,0.167916,72.3
2012-07-17,106.924961,107.451839,105.808294,107.231651,138860300,0.006844,0.168315,72.3
2012-07-18,106.980006,108.238229,106.917106,108.025902,113349700,0.00738,0.168271,72.3
2012-07-19,108.246071,108.662854,107.900071,108.308983,129847300,0.002617,0.157288,72.3
2012-07-20,107.695608,107.860754,107.200193,107.318146,142904500,-0.00919,0.160356,72.3
2012-07-23,105.745415,107.247417,105.249988,106.232971,145210900,-0.010163,0.162391,72.3
2012-07-24,106.311587,106.358768,104.612989,105.320732,173301200,-0.008624,0.159828,72.3
2012-07-25,105.540949,105.816177,104.786013,105.344353,129122300,0.000224,0.156626,72.3
2012-07-26,106.86205,107.310296,106.366623,107.082237,156526500,0.016363,0.1618,72.3
2012-07-27,107.648457,109.362786,107.058667,109.056084,236768900,0.018265,0.167137,72.3
2012-07-30,108.930271,109.575102,108.733674,109.056084,106782000,0.0,0.16511,72.3
2012-07-31,108.906654,109.205473,108.293274,108.293274,120575900,-0.007019,0.166752,72.3
2012-08-01,109.071803,109.095394,108.049498,108.198914,138293800,-0.000872,0.164693,74.3
2012-08-02,107.381056,108.183174,106.61826,107.451828,199556600,-0.006929,0.165989,74.3
2012-08-03,108.961687,109.810986,107.483277,109.582939,157825000,0.019639,0.160313,74.3
2012-08-06,109.873924,110.227795,109.748099,109.79528,86326200,0.001936,0.159314,74.3
2012-08-07,110.235666,110.817597,110.117713,110.345772,109545100,0.005001,0.150481,74.3
2012-08-08,109.97616,110.605259,109.944697,110.479446,89754700,0.001211,0.150269,74.3
2012-08-09,110.322112,110.793948,110.212018,110.573761,90291700,0.000853,0.148869,74.3
2012-08-10,110.125542,110.793976,109.944677,110.754654,99792700,0.001635,0.148212,74.3
2012-08-13,110.565931,110.754656,110.125545,110.699615,79426900,-0.000497,0.131815,74.3
2012-08-14,111.108518,111.179301,110.385044,110.715324,102379400,0.000142,0.131721,74.3
2012-08-15,110.597424,111.029939,110.526652,110.841202,71085900,0.001136,0.130671,74.3
2012-08-16,110.998476,111.792734,110.723248,111.65905,112014200,0.007351,0.130962,74.3
2012-08-17,111.847755,111.902808,111.556796,111.808434,90813700,0.001337,0.126904,74.3
2012-08-20,111.651138,111.839875,111.344448,111.816284,78255700,7e-05,0.126702,74.3
2012-08-21,112.091515,112.52403,111.234356,111.478134,105581100,-0.003029,0.123664,74.3
2012-08-22,111.195014,111.706172,110.935517,111.525307,133243500,0.000423,0.123634,74.3
2012-08-23,111.250092,111.257952,110.440115,110.613121,111466400,-0.008213,0.125583,74.3
2012-08-24,110.337856,111.533166,110.267084,111.281517,99481200,0.006024,0.11819,74.3
2012-08-27,111.580362,111.729778,111.147848,111.305122,68785900,0.000212,0.117716,74.3
2012-08-28,111.022047,111.541065,110.856913,111.195053,75689600,-0.000989,0.116795,74.3
2012-08-29,111.289389,111.580348,110.974827,111.281517,65421300,0.000777,0.115322,74.3
2012-08-30,110.801856,110.833318,110.243528,110.479446,96589900,-0.007234,0.117625,74.3
2012-08-31,111.108524,111.52532,110.37719,111.006302,151970400,0.004757,0.114376,74.3
2012-09-04,110.911935,111.242228,110.196333,110.904076,120226200,-0.000921,0.10948,78.3
2012-09-05,110.951236,111.250067,110.589505,110.809692,100660300,-0.000851,0.105521,78.3
2012-09-06,111.478117,113.066621,111.470258,113.058762,158272500,0.020093,0.118083,78.3
2012-09-07,113.247473,113.546304,113.145251,113.499123,107272100,0.003887,0.110517,78.3
2012-09-10,113.389027,113.585624,112.814969,112.854279,86458500,-0.005698,0.101186,78.3
2012-09-11,112.925076,113.530585,112.893614,113.168854,88760000,0.002784,0.101235,78.3
2012-09-12,113.546326,113.67215,113.160992,113.546326,87640900,0.00333,0.098305,78.3
2012-09-13,113.530596,115.630246,113.231777,115.276375,225470200,0.015122,0.105505,78.3
2012-09-14,115.504483,116.471735,115.410108,115.787582,169777000,0.004425,0.102128,78.3
2012-09-17,115.551646,115.748243,115.1034,115.394371,119427800,-0.003402,0.089569,78.3
2012-09-18,115.197743,115.44938,115.009006,115.299965,98326600,-0.000818,0.089868,78.3
2012-09-19,115.433611,115.732441,115.134792,115.362839,128318300,0.000545,0.089342,78.3
2012-09-20,114.83607,115.433719,114.52152,115.370819,154009800,6.9e-05,0.089433,78.3
2012-09-21,115.931271,115.954987,115.275084,115.322517,108737500,-0.000419,0.089582,78.3
2012-09-24,114.753298,115.409484,114.666333,115.14859,95682000,-0.001509,0.089974,78.3
2012-09-25,115.393674,115.615037,113.891557,113.923187,133165200,-0.010699,0.096372,78.3
2012-09-26,113.899466,113.931084,113.014003,113.282799,146502200,-0.005637,0.098234,78.3
2012-09-27,113.757137,114.610969,113.456711,114.350075,111830300,0.009377,0.101359,78.3
2012-09-28,113.915301,114.286876,113.417241,113.820435,150696100,-0.004643,0.100828,78.3
2012-10-01,114.255255,115.180237,113.852049,114.120857,135911200,0.002636,0.100976,82.6
2012-10-02,114.571447,114.753278,113.709713,114.239403,113422200,0.001038,0.100964,82.6
2012-10-03,114.54775,114.97466,113.94691,114.705864,121283100,0.004075,0.100774,82.6
2012-10-04,115.140693,115.6941,114.982579,115.528084,124311600,0.007143,0.102338,82.6
2012-10-05,116.14471,116.342356,115.188098,115.535957,124842100,6.8e-05,0.098478,82.6
2012-10-08,115.109045,115.52014,114.879769,115.140663,78415400,-0.003427,0.098474,82.6
2012-10-09,115.053691,115.148557,113.962681,114.002213,148872900,-0.009937,0.103563,82.6
2012-10-10,113.986446,114.09714,113.124712,113.274925,124247500,-0.0064,0.105543,82.6
2012-10-11,114.065478,114.231506,113.314426,113.338142,123601500,0.000558,0.105542,82.6
2012-10-12,113.417199,113.804578,112.721481,112.96656,124181900,-0.003284,0.103594,82.6
2012-10-15,113.235385,114.02597,112.871723,113.907387,107689100,0.008294,0.105279,82.6
2012-10-16,114.444991,115.140709,114.365939,115.061646,108815500,0.010082,0.108444,82.6
2012-10-17,115.140679,115.678283,114.96675,115.583405,128834100,0.004524,0.108668,82.6
2012-10-18,115.282974,115.836381,114.895584,115.282974,148108500,-0.002603,0.093619,82.6
2012-10-19,115.069511,115.077413,113.093051,113.361847,185645200,-0.016805,0.105814,82.6
2012-10-22,113.172118,113.583225,112.484314,113.377678,125578600,0.00014,0.104446,82.6
2012-10-23,112.152333,112.310448,111.338032,111.804474,192056300,-0.013973,0.111811,82.6
2012-10-24,112.207635,112.342045,111.314283,111.488213,120179400,-0.002833,0.111449,82.6
2012-10-25,112.278778,112.484326,111.132434,111.812325,134457400,0.002903,0.101658,82.6
2012-10-26,111.709576,112.136486,110.990141,111.749107,146023500,-0.000566,0.100357,82.6
2012-10-31,112.1444,112.286699,111.219405,111.749107,103438500,0.0,0.100188,82.6
2012-11-01,111.986271,113.061466,111.883503,112.919167,100995600,0.010416,0.105579,82.7
2012-11-02,113.591158,113.622788,111.79654,111.915123,137702200,-0.008931,0.108152,82.7
2012-11-05,111.749102,112.397375,111.417046,112.144394,98378500,0.002047,0.108475,82.7
2012-11-06,112.484316,113.464644,112.365733,113.021919,107068100,0.007795,0.111395,82.7
2012-11-07,111.994154,112.009957,109.93863,110.460419,264304500,-0.022925,0.128736,82.7
2012-11-08,110.444628,111.005949,109.045291,109.132256,181517300,-0.012097,0.129675,82.7
2012-11-09,108.80019,110.239059,108.744855,109.227112,201055300,0.000869,0.129211,82.7
2012-11-12,109.567098,109.741028,109.069038,109.314117,97677500,0.000796,0.125437,82.7
2012-11-13,108.736962,110.088867,108.594663,108.934608,123018300,-0.003478,0.125229,82.7
2012-11-14,109.266678,109.440595,107.219055,107.464134,191505000,-0.013591,0.129376,82.7
2012-11-15,107.503612,107.906818,106.871142,107.282249,178128400,-0.001694,0.12906,82.7
2012-11-16,107.440428,108.025465,106.491729,107.812004,239483900,0.004926,0.129436,82.7
2012-11-19,109.021576,110.009806,107.843613,109.994003,151495800,0.020037,0.142176,82.7
2012-11-20,109.82005,110.223243,109.163863,110.041412,119807400,0.000431,0.142218,82.7
2012-11-21,110.136297,110.341857,109.914935,110.246979,81710800,0.001866,0.142462,82.7
2012-11-23,110.784593,111.788627,110.713432,111.749107,65409200,0.013533,0.146492,82.7
2012-11-26,111.195669,111.756989,110.832007,111.511909,100124400,-0.002125,0.145558,82.7
2012-11-27,111.401244,111.780721,110.871554,110.942703,128646200,-0.005118,0.14612,82.7
2012-11-28,110.492057,111.899296,109.891217,111.83606,177086500,0.00802,0.148052,82.7
2012-11-29,112.255089,112.666184,111.764918,112.357857,151085900,0.004655,0.146577,82.7
2012-11-30,112.373645,112.595007,111.994167,112.381546,136568300,0.000211,0.143162,82.7
2012-12-03,112.895457,112.990323,111.741198,111.828163,124656300,-0.004936,0.142738,72.9
2012-12-04,111.820242,112.160187,111.369603,111.670029,127512200,-0.001415,0.142671,72.9
2012-12-05,111.764865,112.389434,110.974281,111.867645,147300500,0.001768,0.134799,72.9
2012-12-06,111.764882,112.294572,111.598866,112.247139,103220600,0.003387,0.135249,72.9
2012-12-07,112.681963,112.80846,112.002061,112.587097,108726400,0.003024,0.12919,72.9
2012-12-10,112.429004,112.903348,112.381559,112.634552,98840700,0.000421,0.128863,72.9
2012-12-11,113.100987,113.931103,113.045652,113.401413,152570400,0.006785,0.13002,72.9
2012-12-12,113.844109,114.278933,113.298604,113.456718,145880100,0.000488,0.129983,72.9
2012-12-13,113.385565,113.709708,112.476398,112.761009,135715000,-0.006151,0.131405,72.9
2012-12-14,112.515978,112.721526,112.168119,112.342049,137701700,-0.003722,0.1283,72.9
2012-12-17,112.634523,113.725533,112.602893,113.662285,143238200,0.011683,0.129969,72.9
2012-12-18,113.844142,115.030018,113.678114,114.927238,177762800,0.011068,0.133475,72.9
2012-12-19,115.053708,115.09324,114.03386,114.07338,150895400,-0.007457,0.133865,72.9
2012-12-20,114.144597,114.745437,113.828356,114.729622,168487000,0.005736,0.115098,72.9
2012-12-21,113.194559,114.723246,113.011439,113.688194,245883800,-0.009119,0.112385,72.9
2012-12-24,113.441349,113.505046,113.210459,113.337852,53874600,-0.003086,0.113119,72.9
2012-12-26,113.568763,113.624502,112.541681,112.860153,106947700,-0.004224,0.114217,72.9
2012-12-27,112.891975,113.122878,111.403101,112.708855,167920600,-0.001341,0.113645,72.9
2012-12-28,111.976339,112.597367,111.363268,111.490662,148806700,-0.010867,0.110818,72.9
2012-12-31,111.196101,113.505052,111.10055,113.385628,243935200,0.016854,0.119285,72.9
2013-01-02,115.535353,116.363387,115.232797,116.291733,192059000,0.025307,0.137149,73.8
2013-01-03,116.235963,116.538508,115.718432,116.028946,144761800,-0.002262,0.127278,73.8
2013-01-04,116.220102,116.729665,115.981242,116.538574,116817700,0.004383,0.127429,73.8
2013-01-07,116.124538,116.331544,115.790127,116.220078,110002500,-0.002737,0.12814,73.8
2013-01-08,116.013067,116.172303,115.431839,115.885674,121265100,-0.002881,0.123791,73.8
2013-01-09,116.140448,116.498744,115.957327,116.18026,90745600,0.002539,0.123436,73.8
2013-01-10,116.825134,117.111763,116.220033,117.103806,130735400,0.007918,0.123267,73.8
2013-01-11,117.07202,117.159601,116.729663,117.095917,113917300,-6.7e-05,0.121943,73.8
2013-01-14,116.952554,117.095875,116.5863,117.016251,89567200,-0.000681,0.121736,73.8
2013-01-15,116.474876,117.207383,116.403222,117.095917,93172600,0.000681,0.121706,73.8
2013-01-16,116.857023,117.263077,116.72963,117.079956,104849500,-0.000136,0.120332,73.8
2013-01-17,117.59749,118.170748,117.159582,117.836349,133833500,0.00644,0.120814,73.8
2013-01-18,117.812469,118.226492,117.382518,118.099098,169906000,0.002227,0.12082,73.8
2013-01-22,118.099075,118.736031,117.820403,118.736031,111797300,0.005379,0.121184,73.8
2013-01-23,118.736046,119.030633,118.521071,118.927124,104596100,0.001608,0.121137,73.8
2013-01-24,118.751952,119.540185,118.640485,118.958969,146426400,0.000268,0.121153,73.8
2013-01-25,119.333198,119.627785,118.927132,119.627785,147211600,0.005606,0.120781,73.8
2013-01-28,119.659618,119.691472,119.038589,119.484467,113357700,-0.001199,0.121037,73.8
2013-01-29,119.245598,120.105487,119.165974,119.954208,105694400,0.003924,0.118842,73.8
2013-01-30,119.938289,120.177149,119.372988,119.484467,137447700,-0.003924,0.118928,73.8
2013-01-31,119.341105,119.731243,119.110215,119.189827,108975800,-0.002469,0.116009,73.8
2013-02-01,119.946238,120.559309,119.739233,120.416,131173000,0.010235,0.115441,77.6
2013-02-04,119.683495,120.439874,118.974873,119.062454,159073600,-0.011304,0.118548,77.6
2013-02-05,119.707401,120.607089,119.659619,120.264732,113912400,0.010047,0.120551,77.6
2013-02-06,119.842687,120.431861,119.755106,120.352249,138762800,0.000727,0.116266,77.6
2013-02-07,120.392094,120.503561,119.317231,120.193047,162490000,-0.001324,0.11572,77.6
2013-02-08,120.4001,120.933547,120.4001,120.861893,103133700,0.005549,0.114645,77.6
2013-02-11,120.814113,120.941494,120.535441,120.837997,73775000,-0.000198,0.114379,77.6
2013-02-12,120.845958,121.259981,120.710607,121.037048,65392700,0.001646,0.107376,77.6
2013-02-13,121.283862,121.506795,120.798185,121.140541,82322600,0.000855,0.098767,77.6
2013-02-14,120.774268,121.395297,120.638917,121.251976,80834300,0.000919,0.070422,77.6
2013-02-15,121.363509,121.490903,120.662869,121.108734,215226500,-0.001182,0.070004,77.6
2013-02-19,121.31569,122.040227,121.148496,122.016342,95105400,0.007466,0.071685,77.6
2013-02-20,121.928791,121.968603,120.431947,120.495644,160574800,-0.012541,0.081691,77.6
2013-02-21,120.193073,120.559314,119.380954,119.763123,183257000,-0.006098,0.083598,77.6
2013-02-22,120.344324,120.93351,119.818847,120.93351,106356600,0.009725,0.087193,77.6
2013-02-25,121.522694,121.705814,118.632515,118.632515,245824800,-0.01921,0.103352,77.6
2013-02-26,119.205758,119.587927,118.417525,119.444618,186596200,0.006822,0.104978,77.6
2013-02-27,119.3411,121.283808,119.237591,120.949409,150781900,0.01252,0.110345,77.6
2013-02-28,120.941431,121.713737,120.551305,120.710541,126866000,-0.001977,0.110702,77.6
2013-03-01,120.296615,121.291855,119.755211,121.108734,170634800,0.003293,0.110838,78.6
2013-03-04,120.830031,121.753616,120.638953,121.753616,99010200,0.005311,0.110416,78.6
2013-03-05,122.342791,123.170825,122.326864,122.844383,121431900,0.008919,0.112694,78.6
2013-03-06,123.282245,123.345942,122.740841,123.011543,94469900,0.00136,0.112035,78.6
2013-03-07,123.170816,123.393748,123.027507,123.234512,86101400,0.001811,0.112043,78.6
2013-03-08,123.775968,123.927234,123.139012,123.76004,123477800,0.004255,0.112355,78.6
2013-03-11,123.6645,124.237747,123.513222,124.22979,83746800,0.003788,0.111874,78.6
2013-03-12,124.142132,124.285453,123.576843,123.951042,105755800,-0.002246,0.112115,78.6
2013-03-13,124.014785,124.301414,123.592804,124.126251,92550900,0.001413,0.111825,78.6
2013-03-14,124.452634,124.842772,124.134163,124.787033,126329900,0.005309,0.111394,78.6
2013-03-15,124.638328,124.790267,124.206465,124.62233,138601100,-0.001321,0.111092,78.6
2013-03-18,123.430727,124.470382,123.318765,123.934563,126704300,-0.005534,0.109692,78.6
2013-03-19,124.19847,124.366407,122.830922,123.646652,167567300,-0.002326,0.103903,78.6
2013-03-20,124.374446,124.718325,124.166507,124.510399,113759300,0.006961,0.102003,78.6
2013-03-21,123.766604,124.470373,123.23879,123.446716,128605000,-0.00858,0.105837,78.6
2013-03-22,123.838616,124.438416,123.74264,124.438416,111163600,0.008001,0.107612,78.6
2013-03-25,124.766294,124.974232,123.438747,123.918579,151322300,-0.004186,0.107858,78.6
2013-03-26,124.430449,124.942278,124.294496,124.910294,86856600,0.007971,0.109761,78.6
2013-03-27,124.166536,124.950283,123.958609,124.910294,99950600,0.0,0.109795,78.6
2013-03-28,124.830252,125.438056,124.558345,125.294098,102932800,0.003068,0.109948,78.6
2013-04-01,125.230129,125.486049,124.494377,124.798279,99194100,-0.003965,0.110934,76.4
2013-04-02,125.246136,125.725981,125.054196,125.414085,101504300,0.004922,0.111319,76.4
2013-04-03,125.486059,125.582023,123.814621,124.142502,154167400,-0.010191,0.114355,76.4
2013-04-04,124.302395,124.894201,124.030489,124.646286,131885000,0.00405,0.107736,76.4
2013-04-05,123.118798,124.23843,122.974852,124.086479,159666000,-0.004501,0.106901,76.4
2013-04-08,124.17442,124.934163,123.758556,124.92617,86571200,0.006744,0.105166,76.4
2013-04-09,125.158198,125.813985,124.742334,125.358131,101922200,0.003452,0.085915,76.4
2013-04-10,125.693986,127.053529,125.662002,126.893585,135711100,0.012174,0.08992,76.4
2013-04-11,126.917552,127.72529,126.789592,127.309425,110142500,0.003272,0.084356,76.4
2013-04-12,126.901559,127.189464,126.293767,126.997536,116359900,-0.002453,0.084548,76.4
2013-04-15,126.357746,126.461715,124.038526,124.054512,217259000,-0.023447,0.111403,76.4
2013-04-16,124.990194,125.949882,124.686304,125.885902,147507800,0.014655,0.117798,76.4
2013-04-17,124.990218,125.014221,123.38276,124.046539,226834800,-0.014719,0.123947,76.4
2013-04-18,124.25445,124.286446,122.798943,123.270782,167583200,-0.006273,0.12536,76.4
2013-04-19,123.558673,124.398394,123.254771,124.342407,149687600,0.008656,0.127733,76.4
2013-04-22,124.582338,125.190131,123.758615,124.894234,106553500,0.004428,0.12778,76.4
2013-04-23,125.518014,126.301748,124.894223,126.181793,166141300,0.010256,0.130656,76.4
2013-04-24,126.221798,126.597674,125.989869,126.261787,96781200,0.000634,0.130392,76.4
2013-04-25,126.62964,127.373397,126.437712,126.773598,131060600,0.004045,0.130755,76.4
2013-04-26,126.621671,126.837602,126.141826,126.549698,95918800,-0.001768,0.130196,76.4
2013-04-29,126.893542,127.677276,126.693609,127.397377,88572800,0.006676,0.1313,76.4
2013-04-30,127.373436,127.733313,126.845609,127.701317,116010700,0.002383,0.130014,76.4
2013-05-01,127.421456,127.485436,126.437788,126.581734,138874200,-0.008806,0.132781,84.5
2013-05-02,126.901544,127.869225,126.781589,127.757263,96407600,0.009244,0.133864,84.5
2013-05-03,128.868937,129.460743,127.7813,129.052872,144202300,0.01009,0.133362,84.5
2013-05-06,129.148835,129.564688,129.092848,129.380753,66882100,0.002537,0.131973,84.5
2013-05-07,129.660624,130.076476,129.292742,130.036499,90359200,0.005056,0.131352,84.5
2013-05-08,129.892559,130.6683,129.820586,130.628311,97419200,0.004541,0.13028,84.5
2013-05-09,130.572317,130.916196,129.932529,130.260422,106738600,-0.00282,0.130816,84.5
2013-05-10,130.34844,130.796288,129.964559,130.684326,103203000,0.003249,0.130837,84.5
2013-05-13,130.516332,131.00417,130.212442,130.788239,81843200,0.000795,0.129863,84.5
2013-05-14,130.89225,132.235808,130.89225,132.139832,119000900,0.010281,0.13198,84.5
2013-05-15,131.923897,133.115491,131.883908,132.851578,120718500,0.005372,0.12738,84.5
2013-05-16,132.579744,133.043591,132.027926,132.227859,109913600,-0.004706,0.128831,84.5
2013-05-17,132.7156,133.587305,132.539658,133.507339,129801000,0.00963,0.129174,84.5
2013-05-20,133.379389,134.019177,133.243436,133.499344,85071200,-6e-05,0.128708,84.5
2013-05-21,133.619296,134.195104,133.15545,133.691269,95804200,0.001437,0.128672,84.5
2013-05-22,133.827257,135.210803,132.091838,132.699631,244031800,-0.007445,0.127946,84.5
2013-05-23,131.284146,132.683678,131.108204,132.315796,211064400,-0.002897,0.128448,84.5
2013-05-24,131.532024,132.259784,131.140151,132.203796,151573900,-0.000847,0.128126,84.5
2013-05-28,133.587339,134.179145,132.603671,132.995544,143679800,0.005971,0.104946,84.5
2013-05-29,132.291795,132.595698,131.428082,132.131851,160363400,-0.006515,0.101193,84.5
2013-05-30,132.235791,133.227452,132.131822,132.619659,107793800,0.003685,0.088662,84.5
2013-05-31,132.251763,133.003514,130.46037,130.716278,176850100,-0.014456,0.098144,84.5
2013-06-03,131.02014,131.523976,130.084455,131.436005,168390700,0.005491,0.096685,84.1
2013-06-04,131.508029,132.035855,130.140481,130.80426,157631500,-0.004818,0.098243,84.1
2013-06-05,130.428423,130.692336,128.860954,128.972916,211737800,-0.0141,0.104621,84.1
2013-06-06,128.916867,130.148462,128.157124,130.140457,200225500,0.009012,0.107337,84.1
2013-06-07,131.03617,131.915869,130.468355,131.795914,188337800,0.01264,0.112229,84.1
2013-06-10,132.203773,132.275746,131.452022,131.795914,105667100,0.0,0.111927,84.1
2013-06-11,130.596315,131.587975,130.148467,130.436371,159505400,-0.010369,0.115722,84.1
2013-06-12,131.332107,131.46806,129.236811,129.356766,177361500,-0.008311,0.118555,84.1
2013-06-13,129.284761,131.555998,128.996857,131.324081,163587800,0.015094,0.122546,84.1
2013-06-14,131.180113,131.691941,130.284417,130.500336,141197500,-0.006292,0.121984,84.1
2013-06-17,131.388074,132.131832,130.532367,131.508041,136295600,0.007692,0.120571,84.1
2013-06-18,131.580017,132.747632,131.572024,132.547699,114695600,0.007875,0.122286,84.1
2013-06-19,132.43571,132.667627,130.660303,130.716278,206149500,-0.013913,0.128746,84.1
2013-06-20,129.444719,130.732289,127.141485,127.477371,321255900,-0.02509,0.147315,84.1
2013-06-21,128.344789,128.44126,126.600189,127.886536,271956800,0.003205,0.147637,84.1
2013-06-24,126.552061,127.372096,125.201394,126.270668,222329000,-0.012716,0.151215,84.1
2013-06-25,127.412268,128.714699,126.560068,127.484634,162262200,0.009568,0.1543,84.1
2013-06-26,128.529783,129.036284,128.031329,128.746857,134848000,0.009852,0.154035,84.1
2013-06-27,129.518616,130.097471,129.398014,129.502533,129483700,0.005852,0.154211,84.1
2013-06-28,129.140823,129.759867,128.521767,128.971985,160402900,-0.004105,0.15409,84.1
2013-07-01,129.647275,130.628112,129.502567,129.727676,131954800,0.005842,0.152235,85.1
2013-07-02,129.53469,130.483374,129.036236,129.607056,154863700,-0.00093,0.152212,85.1
2013-07-03,129.020187,130.057308,128.81116,129.663361,75216400,0.000434,0.152101,85.1
2013-07-05,130.620103,131.110522,129.679467,131.062286,122416900,0.010731,0.154532,85.1
2013-07-08,131.737583,132.163683,131.110492,131.809937,108092500,0.005688,0.155334,85.1
2013-07-09,132.638004,132.919396,132.067196,132.758606,119298000,0.007171,0.156744,85.1
2013-07-10,132.629966,133.257057,132.356621,132.806839,121410100,0.000363,0.15577,85.1
2013-07-11,134.350428,134.75241,132.798771,134.615738,135592200,0.013529,0.15933,85.1
2013-07-12,134.575556,135.009691,134.36653,134.672028,104212700,0.000418,0.159065,85.1
2013-07-15,135.041907,135.379571,134.808751,135.186615,69450600,0.003814,0.152817,85.1
2013-07-16,135.275087,135.355488,134.318379,134.680161,88702100,-0.003753,0.152868,85.1
2013-07-17,135.194656,135.451918,134.848945,135.025818,92873900,0.002563,0.152,85.1
2013-07-18,135.315254,136.087066,135.226818,135.765472,103620100,0.005463,0.145482,85.1
2013-07-19,135.484066,136.054873,135.315228,136.006638,103831700,0.001775,0.143829,85.1
2013-07-22,136.199573,136.464883,135.87798,136.271927,79428600,0.001949,0.139897,85.1
2013-07-23,136.513148,136.537266,135.910175,135.982529,80829700,-0.002126,0.14018,85.1
2013-07-24,136.505096,136.561379,135.210713,135.48407,112914000,-0.003672,0.136744,85.1
2013-07-25,135.242822,135.934231,135.017713,135.813629,111088600,0.00243,0.133717,85.1
2013-07-26,135.242877,135.998605,134.680104,135.958405,107814600,0.001065,0.127473,85.1
2013-07-29,135.612698,135.918208,135.154445,135.540344,79695000,-0.00308,0.126175,85.1
2013-07-30,135.950374,136.095082,135.218763,135.540344,85209600,0.0,0.12473,85.1
2013-07-31,135.821703,136.553314,135.459922,135.636795,142388700,0.000711,0.123019,85.1
2013-08-01,136.665874,137.325119,136.593508,137.204529,110438400,0.011492,0.11863,82.1
2013-08-02,136.899059,137.453796,136.714151,137.437714,91116700,0.001698,0.087568,82.1
2013-08-05,137.132172,137.445718,136.955299,137.236679,54072700,-0.001464,0.088288,82.1
2013-08-06,136.971369,137.268845,136.151335,136.456833,87495000,-0.005699,0.079817,82.1
2013-08-07,136.022696,136.215639,135.508159,136.014648,84854700,-0.003246,0.078709,82.1
2013-08-08,136.657846,136.818636,135.813681,136.513138,102181300,0.003658,0.075427,82.1
2013-08-09,136.336275,136.75434,135.644866,136.119202,91757700,-0.00289,0.075754,82.1
2013-08-12,135.435833,136.119195,135.371514,135.958405,68593300,-0.001182,0.07428,82.1
2013-08-13,136.199592,136.593526,135.395627,136.360382,80806000,0.002952,0.073366,82.1
2013-08-14,136.296076,136.51315,135.628784,135.66095,79829200,-0.005142,0.07564,82.1
2013-08-15,134.591647,134.607718,133.530409,133.763565,152931800,-0.014085,0.088128,82.1
2013-08-16,133.506304,133.96457,133.056086,133.321396,130868200,-0.003311,0.084008,82.1
2013-08-19,133.168668,133.626934,132.461176,132.469223,96437600,-0.006412,0.084917,82.1
2013-08-20,132.686275,133.618876,132.541567,133.120422,89294400,0.004904,0.083534,82.1
2013-08-21,132.750572,133.482182,132.002891,132.300354,159530500,-0.006179,0.085478,82.1
2013-08-22,132.573716,133.699273,132.56568,133.506317,101471400,0.009074,0.0801,82.1
2013-08-23,133.900257,134.125366,133.273165,133.956528,90888900,0.003367,0.080775,82.1
2013-08-26,134.093241,134.503271,133.369678,133.458115,89702100,-0.003728,0.080494,82.1
2013-08-27,132.13956,133.458061,131.215006,131.311478,158619400,-0.016215,0.092216,82.1
2013-08-28,131.255217,132.244102,131.086392,131.777802,108113000,0.003545,0.092574,82.1
2013-08-29,131.488423,132.686323,131.367821,131.986877,119200500,0.001585,0.090959,82.1
2013-08-30,132.26012,132.276203,131.182811,131.56871,134928900,-0.003173,0.090805,82.1
2013-09-03,132.839008,133.1204,131.608944,132.163681,142375100,0.004512,0.091853,77.5
2013-09-04,132.195826,133.482174,131.954647,133.257065,97389400,0.008239,0.095604,77.5
2013-09-05,133.337452,133.779622,133.240967,133.425888,63090500,0.001266,0.09533,77.5
2013-09-06,133.868114,134.245978,132.236067,133.49025,159756500,0.000482,0.094974,77.5
2013-09-09,133.819885,134.848959,133.819885,134.76857,87559300,0.009531,0.099315,77.5
2013-09-10,135.580564,135.78959,135.275054,135.765472,105847200,0.00737,0.101363,77.5
2013-09-11,135.580566,136.191574,135.347421,136.191574,94545900,0.003134,0.101755,77.5
2013-09-12,136.143319,136.320192,135.644865,135.829773,83209000,-0.00266,0.102065,77.5
2013-09-13,135.974494,136.239804,135.660948,136.135284,72727800,0.002247,0.096417,77.5
2013-09-16,137.606547,137.670865,136.706098,136.923172,106299200,0.005771,0.097848,77.5
2013-09-17,137.043837,137.566409,137.043837,137.534256,82523300,0.004453,0.098644,77.5
2013-09-18,137.485853,139.50381,137.140154,139.125946,203460600,0.011507,0.102429,77.5
2013-09-19,139.503904,139.568223,138.756211,138.892883,146616900,-0.001677,0.102011,77.5
2013-09-20,139.222445,139.222445,137.80865,137.921753,132867100,-0.007016,0.103992,77.5
2013-09-23,137.735933,137.865185,136.847257,137.283508,104616500,-0.004638,0.104586,77.5
2013-09-24,137.259286,137.768256,136.701857,136.960373,106333100,-0.002357,0.104784,77.5
2013-09-25,137.049279,137.323957,136.443367,136.564545,117306500,-0.002894,0.104841,77.5
2013-09-26,136.790748,137.477441,136.572616,137.089661,77146900,0.003838,0.104205,77.5
2013-09-27,136.402991,136.645359,136.104078,136.459549,99141800,-0.004607,0.096103,77.5
2013-09-30,135.30423,136.160584,135.037627,135.732407,143937000,-0.005343,0.097009,77.5
2013-10-01,135.837473,136.936195,135.700135,136.806931,127160000,0.007885,0.096882,73.2
2013-10-02,136.00708,136.806877,135.586978,136.677612,113350000,-0.000946,0.096355,73.2
2013-10-03,136.362626,136.483816,134.787256,135.417404,176698000,-0.009263,0.098703,73.2
2013-10-04,135.522404,136.580729,135.344668,136.44339,96878000,0.007548,0.097682,73.2
2013-10-07,135.255781,136.087899,135.118442,135.263855,96295000,-0.008682,0.101036,73.2
2013-10-08,135.239564,135.417299,133.591489,133.688431,178015000,-0.011715,0.106333,73.2
2013-10-09,133.946944,134.270092,132.92093,133.78537,168973000,0.000725,0.094479,73.2
2013-10-10,135.150732,136.742262,135.102261,136.669556,195955000,0.021329,0.111743,73.2
2013-10-11,136.459521,137.598639,136.346418,137.550156,105040000,0.006423,0.112757,73.2
2013-10-14,136.701899,138.212636,136.59687,138.099533,112106000,0.003986,0.112154,73.2
2013-10-15,137.752085,138.26913,136.911892,137.097702,155485000,-0.007281,0.114687,73.2
2013-10-16,137.921834,139.085188,137.857202,139.012482,161676000,0.01387,0.118769,73.2
2013-10-17,138.446894,140.022276,138.422659,139.941483,129389000,0.006661,0.119738,73.2
2013-10-18,140.458572,140.983691,140.175808,140.886749,138316000,0.006732,0.120602,73.2
2013-10-21,140.935218,141.177585,140.579747,140.894821,104104000,5.7e-05,0.11843,73.2
2013-10-22,141.306859,142.130891,140.919066,141.7108,126663000,0.005775,0.117829,73.2
2013-10-23,141.226019,141.290651,140.539326,141.032135,105484000,-0.004801,0.119069,73.2
2013-10-24,141.314892,141.678437,140.983657,141.500702,70350000,0.003317,0.11866,73.2
2013-10-25,141.791517,142.187385,141.51684,142.146988,93625000,0.004557,0.118998,73.2
2013-10-28,142.098522,142.567096,141.945023,142.373199,84979000,0.00159,0.118291,73.2
2013-10-29,142.696363,143.189172,142.494392,143.132614,87401000,0.00532,0.118518,73.2
2013-10-30,143.302309,143.407326,141.912749,142.421707,140002000,-0.004979,0.115818,73.2
2013-10-31,142.308584,142.906422,141.807701,142.017746,133795000,-0.00284,0.116081,73.2
2013-11-01,142.203586,142.680234,141.557277,142.357086,142805000,0.002387,0.113797,75.1
2013-11-04,142.744899,142.914547,142.171296,142.858002,85677000,0.003513,0.1127,75.1
2013-11-05,142.300474,142.793283,141.839987,142.405502,85825000,-0.003173,0.112956,75.1
2013-11-06,143.019511,143.399217,142.623644,143.132614,87348000,0.005093,0.112751,75.1
2013-11-07,143.399248,143.512351,141.185644,141.322983,157000000,-0.012724,0.119845,75.1
2013-11-08,141.274553,143.245791,141.258405,143.22963,136713000,0.013401,0.123806,75.1
2013-11-11,143.09232,143.423555,142.922671,143.253906,62614000,0.000169,0.122134,75.1
2013-11-12,142.946791,143.2861,142.486291,142.962952,83990000,-0.002033,0.121217,75.1
2013-11-13,142.260094,144.150537,142.260094,144.110153,103844000,0.007992,0.122433,75.1
2013-11-14,144.23943,144.950371,144.005149,144.829193,103435000,0.004977,0.118169,75.1
2013-11-15,145.063514,145.515927,144.877704,145.459381,102818000,0.004342,0.11728,75.1
2013-11-18,145.70167,145.822848,144.627184,144.950333,104796000,-0.003506,0.114046,75.1
2013-11-19,144.877682,145.313934,144.384873,144.635315,93891000,-0.002176,0.106988,75.1
2013-11-20,144.926158,145.36241,143.78704,144.182907,124909000,-0.003133,0.108161,75.1
2013-11-21,144.586886,145.459401,144.498018,145.346298,92841000,0.008036,0.093978,75.1
2013-11-22,145.402774,146.08948,145.233126,146.073318,81296000,0.00499,0.09349,75.1
2013-11-25,146.331828,146.364138,145.71783,145.927887,79486000,-0.000996,0.093687,75.1
2013-11-26,146.000599,146.404541,145.750157,145.968277,86994000,0.000277,0.089774,75.1
2013-11-27,146.12176,146.420685,145.944025,146.32373,58800000,0.002432,0.082562,75.1
2013-11-29,146.48535,146.832734,146.065248,146.226822,55870900,-0.000663,0.081466,75.1
2013-12-02,146.299504,146.574181,145.620885,145.847092,99726000,-0.0026,0.080709,82.5
2013-12-03,145.370464,145.734009,144.748391,145.216965,116563000,-0.00433,0.082215,82.5
2013-12-04,144.691863,145.806733,144.085951,145.200821,123033000,-0.000111,0.08101,82.5
2013-12-05,144.942328,145.208931,144.425283,144.562622,106934000,-0.004405,0.080779,82.5
2013-12-06,145.960259,146.315729,145.540156,146.178391,127728000,0.011115,0.085872,82.5
2013-12-09,146.606561,146.768135,146.356119,146.550003,70124000,0.002539,0.08536,82.5
2013-12-10,146.210681,146.517681,145.936004,146.024872,80976000,-0.00359,0.086372,82.5
2013-12-11,146.081463,146.105698,144.207168,144.384903,130591000,-0.011294,0.092122,82.5
2013-12-12,144.32025,144.497985,143.609308,143.908234,115565000,-0.003307,0.091416,82.5
2013-12-13,144.207164,144.336428,143.617412,143.89209,107808000,-0.000112,0.09093,82.5
2013-12-16,144.570686,145.265466,144.53029,144.788818,96195000,0.006213,0.092308,82.5
2013-12-17,144.918026,144.942261,144.005114,144.328262,89886000,-0.003186,0.092491,82.5
2013-12-18,144.546444,146.816594,143.253839,146.792358,234906000,0.016929,0.103543,82.5
2013-12-19,146.372288,146.79239,145.992594,146.622742,136531200,-0.001156,0.102985,82.5
2013-12-20,146.768901,147.824853,146.671432,147.475571,197087000,0.0058,0.095569,82.5
2013-12-23,148.198475,148.352808,147.889821,148.263458,85598000,0.005328,0.089443,82.5
2013-12-24,148.271625,148.653392,148.263507,148.588409,45368800,0.002189,0.089442,82.5
2013-12-26,148.921412,149.425028,148.905176,149.343796,63365000,0.005071,0.089567,82.5
2013-12-27,149.53873,149.603701,149.18133,149.335663,61814000,-5.4e-05,0.087476,82.5
2013-12-30,149.351959,149.473807,149.116406,149.311356,56857000,-0.000163,0.086806,82.5
2013-12-31,149.514402,150.018005,149.400673,150.018005,86119900,0.004722,0.08694,82.5
2014-01-02,149.44128,149.514393,148.222876,148.580276,119636900,-0.00963,0.091412,81.2
2014-01-03,148.832016,149.132563,148.344662,148.555847,81390600,-0.000164,0.091024,81.2
2014-01-06,149.043296,149.100148,147.897993,148.125427,108028200,-0.002902,0.090937,81.2
2014-01-07,148.718372,149.286958,148.604655,149.035156,86144200,0.006123,0.089794,81.2
2014-01-08,149.010732,149.319398,148.555863,149.067596,96582300,0.000218,0.088937,81.2
2014-01-09,149.546868,149.563116,148.482797,149.1651,90683400,0.000654,0.088795,81.2
2014-01-10,149.416834,149.63615,148.653299,149.571167,102026400,0.002719,0.088969,81.2
2014-01-13,149.189466,149.603719,147.296878,147.581177,149892000,-0.013394,0.097846,81.2
2014-01-14,148.068503,149.27067,147.792334,149.189438,105016100,0.010839,0.102448,81.2
2014-01-15,149.538753,150.221056,149.221969,149.993622,98525800,0.005376,0.102844,81.2
2014-01-16,149.684913,149.993579,149.319394,149.79863,72290600,-0.001301,0.101867,81.2
2014-01-17,149.538749,149.823036,148.90518,149.1651,107848700,-0.004238,0.102967,81.2
2014-01-21,150.026097,150.082962,148.685858,149.603714,88621200,0.002936,0.101874,81.2
2014-01-22,149.855581,149.920564,149.384464,149.701248,61270900,0.000652,0.097388,81.2
2014-01-23,148.945742,148.970109,147.686735,148.474625,132496900,-0.008228,0.100656,81.2
2014-01-24,147.508063,147.556797,145.258074,145.306808,208677100,-0.021567,0.118759,81.2
2014-01-27,145.44488,145.818529,143.869076,144.591995,180843100,-0.004931,0.114948,81.2
2014-01-28,144.697647,145.639882,144.681398,145.453064,110463200,0.005937,0.115723,81.2
2014-01-29,144.242742,145.030644,143.674156,144.055923,216597300,-0.009652,0.119306,81.2
2014-01-30,145.25809,146.05411,144.795091,145.582993,118938100,0.010545,0.121887,81.2
2014-01-31,143.779795,145.631768,143.706693,144.730148,194677900,-0.005875,0.122779,81.2
2014-02-03,144.559572,144.884475,141.196778,141.472946,254837100,-0.022762,0.129207,81.6
2014-02-04,142.106482,142.829401,141.424179,142.463882,165012400,0.00698,0.131381,81.6
2014-02-05,141.968387,142.601956,141.099266,142.285172,164230500,-0.001255,0.129809,81.6
2014-02-06,142.618223,144.16153,142.325806,144.16153,132877600,0.013101,0.135051,81.6
2014-02-07,144.835667,146.102804,144.364549,145.948471,170787200,0.012319,0.140182,81.6
2014-02-10,145.964812,146.26536,145.566808,146.216614,92218800,0.001836,0.139356,81.6
2014-02-11,146.338388,148.190361,146.240908,147.816711,117814100,0.010884,0.143349,81.6
2014-02-12,148.036095,148.507213,147.597475,147.889893,94717700,0.000495,0.143369,81.6
2014-02-13,146.890789,148.807745,146.882671,148.653412,100542200,0.005149,0.143505,81.6
2014-02-14,148.515271,149.749923,148.377187,149.473755,96498400,0.005503,0.14165,81.6
2014-02-18,149.603704,149.855518,149.173202,149.652451,80460900,0.001195,0.141674,81.6
2014-02-19,149.262601,150.229203,148.539682,148.66153,126524300,-0.006644,0.142807,81.6
2014-02-20,148.864588,149.879924,148.320369,149.538773,104998100,0.005884,0.142721,81.6
2014-02-21,149.823079,150.180479,149.295109,149.36821,118116400,-0.001141,0.142767,81.6
2014-02-24,149.684967,151.203907,149.619984,150.196701,114063900,0.005531,0.143638,81.6
2014-02-25,150.318501,150.749003,149.644316,150.139801,117085000,-0.000379,0.143452,81.6
2014-02-26,150.359165,150.757182,149.725596,150.14798,98677200,5.4e-05,0.137615,81.6
2014-02-27,149.928649,150.976471,149.758067,150.935867,93880800,0.005234,0.134914,81.6
2014-02-28,150.911462,152.016148,150.310391,151.317596,150842000,0.002526,0.13425,81.6
2014-03-03,149.985444,150.635262,149.254407,150.253494,167748500,-0.007057,0.135871,80.0
2014-03-04,151.723764,152.690366,151.691278,152.365463,167545900,0.013958,0.140961,80.0
2014-03-05,152.495437,152.763487,152.259872,152.503555,88376900,0.000906,0.140804,80.0
2014-03-06,152.877239,153.202142,152.527957,152.852859,82516500,0.002288,0.140885,80.0
2014-03-07,153.486369,153.486369,152.243586,152.91777,114513500,0.000425,0.138333,80.0
2014-03-10,152.6822,152.893385,151.959281,152.836533,74939200,-0.000531,0.120868,80.0
2014-03-11,153.064013,153.283329,151.731892,152.081161,99009100,-0.004955,0.120879,80.0
2014-03-12,151.341979,152.178615,151.000815,152.12175,104824400,0.000267,0.120261,80.0
2014-03-13,152.576655,152.698503,149.993645,150.416016,155014300,-0.011276,0.121653,80.0
2014-03-14,150.147955,150.919608,149.814922,149.993622,153919600,-0.002812,0.119099,80.0
2014-03-17,150.748999,151.707483,150.684016,151.350082,98359500,0.009003,0.119447,80.0
2014-03-18,151.658752,152.633472,151.496288,152.430405,101804600,0.007113,0.095772,80.0
2014-03-19,152.44667,152.657868,150.651562,151.618164,176267300,-0.005343,0.097394,80.0
2014-03-20,151.285151,152.617272,151.017101,152.503555,117241000,0.005823,0.09745,80.0
2014-03-21,153.143919,154.212686,151.773278,151.911972,163128000,-0.003887,0.093463,80.0
2014-03-24,152.434201,152.621857,150.623004,151.283844,121411000,-0.004143,0.089368,80.0
2014-03-25,152.050704,152.515747,151.153272,152.001755,103852000,0.004734,0.089941,80.0
2014-03-26,152.597304,152.842063,150.867698,150.908493,119843000,-0.007218,0.088458,80.0
2014-03-27,150.729056,151.210407,150.035575,150.590363,142383000,-0.00211,0.088829,80.0
2014-03-28,151.022766,152.091533,150.933021,151.332794,101642000,0.004918,0.088729,80.0
2014-03-31,152.295504,152.809496,151.357276,152.572891,99745000,0.008161,0.090326,80.0
2014-04-01,153.070542,153.674278,152.564716,153.584534,89193000,0.006609,0.091941,84.1
2014-04-02,153.780313,154.302459,153.494759,154.098495,78774000,0.003341,0.089374,84.1
2014-04-03,154.335133,154.375928,153.42138,153.894577,77435000,-0.001324,0.088527,84.1
2014-04-04,154.734857,154.767485,151.830419,152.075165,169381000,-0.011893,0.095917,84.1
2014-04-07,151.708088,151.961,150.084546,150.394562,140803000,-0.011113,0.1005,84.1
2014-04-08,150.329245,151.259318,149.782625,151.014572,112660000,0.004114,0.101177,84.1
2014-04-09,151.422493,152.687057,150.981925,152.638107,100254000,0.010693,0.10565,84.1
2014-04-10,152.629939,152.703363,149.244138,149.431793,172959000,-0.02123,0.122023,84.1
2014-04-11,148.599655,149.643947,147.922495,148.085663,167251000,-0.009049,0.124257,84.1
2014-04-14,149.244168,149.603146,148.028554,149.252335,132382000,0.007847,0.125157,84.1
2014-04-15,149.562422,150.38643,148.085715,150.280365,157093000,0.006864,0.119744,84.1
2014-04-16,151.316438,151.863058,150.647431,151.854904,105197000,0.010423,0.123795,84.1
2014-04-17,151.650981,152.49131,151.389902,152.067062,105255000,0.001396,0.12367,84.1
2014-04-21,152.107846,152.646313,151.920203,152.597351,68329000,0.003481,0.124115,84.1
2014-04-22,152.75232,153.706868,152.670742,153.290787,85790000,0.004534,0.124817,84.1
2014-04-23,153.233713,153.315291,152.809466,152.931839,73869000,-0.002344,0.124126,84.1
2014-04-24,153.682407,153.698728,152.507576,153.241852,88170000,0.002025,0.124241,84.1
2014-04-25,152.744194,152.833938,151.642786,151.985443,100380000,-0.008233,0.122083,84.1
2014-04-28,152.605491,153.127637,150.900359,152.466797,135121000,0.003162,0.121968,84.1
2014-04-29,152.956336,153.413213,152.63,153.17662,84098000,0.004645,0.119979,84.1
2014-04-30,152.923695,153.788498,152.711565,153.633484,101508000,0.002978,0.118559,84.1
2014-05-01,153.55999,154.065815,153.160217,153.649734,93019000,0.000106,0.117367,81.9
2014-05-02,153.633468,154.310628,153.201066,153.429504,98122000,-0.001434,0.116357,81.9
2014-05-05,152.678959,153.829316,152.254711,153.723251,75883000,0.001913,0.115799,81.9
2014-05-06,153.380612,153.486677,152.35264,152.385269,85454000,-0.008742,0.118109,81.9
2014-05-07,152.899186,153.356062,151.756983,153.282639,106500000,0.005872,0.11853,81.9
2014-05-08,153.143994,154.237236,152.630002,153.119507,93618000,-0.001065,0.116471,81.9
2014-05-09,153.143952,153.413173,152.425997,153.347916,83679000,0.001491,0.116241,81.9
2014-05-12,154.03327,154.914394,153.380584,154.840958,86940000,0.009689,0.118579,81.9
2014-05-13,155.044887,155.354915,154.824615,154.97963,66454000,0.000895,0.116492,81.9
2014-05-14,154.840947,154.914383,154.025092,154.245377,72367000,-0.004749,0.115984,81.9
2014-05-15,153.935344,153.967986,152.140468,152.891052,154956000,-0.008819,0.1184,81.9
2014-05-16,152.980788,153.486626,152.336269,153.421356,97458000,0.003463,0.118839,81.9
2014-05-19,153.127634,154.106657,152.988941,153.984283,63839000,0.003662,0.113877,81.9
2014-05-20,153.91086,153.92718,152.621821,153.013428,111644000,-0.006325,0.110459,81.9
2014-05-21,153.453934,154.375853,153.42946,154.302429,89093000,0.008389,0.112328,81.9
2014-05-22,154.343262,154.995947,154.082195,154.677765,61549000,0.00243,0.108437,81.9
2014-05-23,154.816473,155.403889,154.677779,155.297836,61092800,0.004001,0.087194,81.9
2014-05-27,155.877097,156.301345,155.787353,156.252396,72010000,0.006128,0.082536,81.9
2014-05-28,156.252403,156.497161,155.877104,156.138184,66723000,-0.000731,0.080791,81.9
2014-05-29,156.497122,156.970306,156.097349,156.945831,64377000,0.005159,0.079955,81.9
2014-05-30,156.799016,157.296687,156.668476,157.198776,76316000,0.00161,0.075302,81.9
2014-06-02,157.419015,157.451656,156.619481,157.37822,64656000,0.001141,0.075298,82.5
2014-06-03,156.994787,157.378239,156.847939,157.296661,65047000,-0.000518,0.075112,82.5
2014-06-04,157.027376,157.704536,156.864208,157.614792,55529000,0.00202,0.074438,82.5
2014-06-05,157.79437,158.806021,157.215108,158.642853,92103000,0.006501,0.075467,82.5
2014-06-06,158.985457,159.442333,158.912033,159.40155,78696000,0.004771,0.076138,82.5
2014-06-09,159.377054,159.94815,159.230194,159.564697,65119000,0.001023,0.070576,82.5
2014-06-10,159.368909,159.613668,159.026252,159.581039,57129000,0.000102,0.070553,82.5
2014-06-11,159.009986,159.189475,158.667328,159.026306,68772000,-0.003482,0.071353,82.5
2014-06-12,158.838661,158.928405,157.54961,157.900421,106350000,-0.007105,0.075115,82.5
2014-06-13,158.21044,158.536789,157.704614,158.381775,82017000,0.003044,0.075323,82.5
2014-06-16,158.185947,158.846786,157.998304,158.512283,87424000,0.000824,0.074969,82.5
2014-06-17,158.292011,159.067069,158.120676,158.95285,84834000,0.002776,0.075094,82.5
2014-06-18,158.952857,160.209267,158.602033,160.119522,105267000,0.007313,0.071091,82.5
2014-06-19,160.258247,160.396953,159.744267,160.299042,85929000,0.001121,0.069964,82.5
2014-06-20,160.698242,160.755631,160.427718,160.624466,100587000,0.002028,0.069555,82.5
2014-06-23,160.6654,160.714584,160.280111,160.575226,70611000,-0.000307,0.069773,82.5
2014-06-24,160.2883,161.083471,159.427546,159.607895,96237000,-0.006042,0.068686,82.5
2014-06-25,159.271783,160.493235,159.238998,160.329285,82782000,0.00451,0.069428,82.5
2014-06-26,160.353943,160.370341,159.140696,160.214584,84312000,-0.000716,0.067414,82.5
2014-06-27,159.837482,160.575276,159.763706,160.526093,71445100,0.001942,0.060261,82.5
2014-06-30,160.427724,160.813013,160.288365,160.444122,70201200,-0.000511,0.060308,82.5
2014-07-01,160.837615,162.009884,160.780238,161.518021,90470000,0.006671,0.061859,81.8
2014-07-02,161.534425,161.886917,161.460649,161.681976,52475000,0.001015,0.057177,81.8
2014-07-03,162.140991,162.550872,162.018031,162.477097,52938800,0.004906,0.054539,81.8
2014-07-07,162.16559,162.296743,161.673727,161.911453,61696000,-0.003487,0.056531,81.8
2014-07-08,161.616398,161.673787,160.476927,160.870422,108143000,-0.00645,0.060525,81.8
2014-07-09,161.272074,161.739346,160.927775,161.591782,72992000,0.004474,0.059531,81.8
2014-07-10,160.034216,161.378627,159.903051,160.952347,99040000,-0.003965,0.061121,81.8
2014-07-11,160.853968,161.288442,160.49327,161.173676,64243000,0.001374,0.059861,81.8
2014-07-14,161.993453,162.198394,161.854095,161.98526,58658000,0.005023,0.061025,81.8
2014-07-15,162.083665,162.395179,160.968786,161.681976,111307000,-0.001874,0.061588,81.8
2014-07-16,162.403386,162.526345,161.837747,162.280426,79986400,0.003695,0.061954,81.8
2014-07-17,161.780279,162.395101,160.206322,160.435867,145398000,-0.011432,0.071618,81.8
2014-07-18,160.960576,162.239405,160.870401,162.075455,124330000,0.010168,0.074957,81.8
2014-07-21,161.567139,161.903245,161.026092,161.772079,67592000,-0.001874,0.074303,81.8
2014-07-22,162.32134,162.772212,162.206573,162.477097,67678000,0.004349,0.07513,81.8
2014-07-23,162.723033,163.009955,162.395132,162.837799,65612000,0.002218,0.075257,81.8
2014-07-24,162.993572,163.182114,162.682058,162.846008,56888000,5e-05,0.074252,81.8
2014-07-25,162.386972,162.526331,161.763957,162.083664,76837000,-0.004692,0.072327,81.8
2014-07-28,162.116372,162.386896,161.181843,162.14917,69259000,0.000404,0.072042,81.8
2014-07-29,162.452536,162.682068,161.427831,161.452423,80466000,-0.004306,0.073536,81.8
2014-07-30,162.026199,162.239346,160.80476,161.476959,104222000,0.000152,0.073258,81.8
2014-07-31,160.353908,160.493267,158.189734,158.288101,183479000,-0.019946,0.091611,81.8
2014-08-01,157.853673,158.837387,157.042115,157.804489,189261000,-0.00306,0.091816,82.5
2014-08-04,158.107777,159.280045,157.435577,158.943939,91340000,0.007195,0.094252,82.5
2014-08-05,158.296307,158.706189,156.828924,157.402756,152690000,-0.009744,0.098103,82.5
2014-08-06,156.665002,158.12418,156.64041,157.451981,94818000,0.000313,0.096797,82.5
2014-08-07,158.165162,158.320919,156.205928,156.599411,135733000,-0.00543,0.096655,82.5
2014-08-08,156.951955,158.517694,156.533867,158.411133,117014000,0.011503,0.103009,82.5
2014-08-11,159.009521,159.57516,158.796387,158.870163,74544000,0.002894,0.103232,82.5
2014-08-12,158.714432,159.157099,158.165192,158.648849,73632000,-0.001394,0.103276,82.5
2014-08-13,159.271814,159.903036,159.001304,159.722687,69047000,0.006746,0.10332,82.5
2014-08-14,159.985048,160.476898,159.837484,160.476898,57371000,0.004711,0.104302,82.5
2014-08-15,161.058945,161.206496,159.288253,160.444122,139951000,-0.000204,0.103153,82.5
2014-08-18,161.329448,161.862289,161.239273,161.788513,75424000,0.008344,0.105762,82.5
2014-08-19,162.181986,162.755818,161.854086,162.632858,59135000,0.005205,0.105001,82.5
2014-08-20,162.411569,163.264131,162.378784,163.067383,72763000,0.002668,0.104516,82.5
2014-08-21,163.20668,163.75592,163.075515,163.542786,67791000,0.002911,0.103975,82.5
2014-08-22,163.411686,163.698609,162.919836,163.288727,76107000,-0.001555,0.104115,82.5
2014-08-25,164.06747,164.436361,163.255899,164.116653,63855000,0.005058,0.104128,82.5
2014-08-26,164.223236,164.624925,164.182245,164.223236,47298000,0.000649,0.103899,82.5
2014-08-27,164.305175,164.419954,163.903499,164.157623,47874000,-0.0004,0.103488,82.5
2014-08-28,163.616602,164.174048,163.452652,164.067474,58330000,-0.000549,0.097314,82.5
2014-08-29,164.321537,164.551069,163.805094,164.534683,65907000,0.002844,0.093388,82.5
2014-09-02,164.747889,164.772481,163.837951,164.452774,72426000,-0.000498,0.093169,84.6
2014-09-03,165.083929,165.108521,164.133001,164.362534,57462000,-0.000549,0.092512,84.6
2014-09-04,164.641305,165.247935,163.67399,164.124863,85236000,-0.001447,0.092491,84.6
2014-09-05,164.09203,164.928192,163.469015,164.86261,102177000,0.004485,0.093292,84.6
2014-09-08,164.706833,164.944572,163.952652,164.43631,64146000,-0.002589,0.092488,84.6
2014-09-09,164.288834,164.4036,163.059188,163.395294,88591000,-0.006351,0.094585,84.6
2014-09-10,163.485425,164.116647,162.944391,164.010086,67251000,0.003756,0.094091,84.6
2014-09-11,163.354268,164.223216,163.231296,164.198624,66774400,0.001149,0.094101,84.6
2014-09-12,164.034628,164.051014,162.772185,163.239456,117409300,-0.005859,0.074178,84.6
2014-09-15,163.264065,163.39523,162.62465,163.116501,76401000,-0.000754,0.073371,84.6
2014-09-16,162.813222,164.641291,162.723048,164.346176,116201000,0.00751,0.073604,84.6
2014-09-17,164.583919,165.329894,163.747757,164.56752,151266000,0.001346,0.066015,84.6
2014-09-18,165.06756,165.469248,164.854426,165.444656,94990000,0.005316,0.066831,84.6
2014-09-19,165.970948,166.283905,164.957916,165.295593,121649000,-0.000901,0.063886,84.6
2014-09-22,165.007368,165.032075,163.673134,164.019043,125553000,-0.007753,0.062845,84.6
2014-09-23,163.426002,164.109587,163.03068,163.080093,111393000,-0.005741,0.065693,84.6
2014-09-24,163.104821,164.463761,162.67656,164.356689,107276000,0.007798,0.068288,84.6
2014-09-25,163.928432,163.936676,161.647082,161.704727,150300000,-0.016267,0.082976,84.6
2014-09-26,162.001251,163.393129,161.770645,162.989563,103547000,0.007914,0.084915,84.6
2014-09-29,161.589379,162.981257,161.465844,162.692993,95112000,-0.001821,0.085164,84.6
2014-09-30,162.816593,163.318987,161.927109,162.264786,131302000,-0.002635,0.08223,84.6
2014-10-01,162.001207,162.058865,159.703381,160.065765,177798000,-0.013645,0.089852,86.9
2014-10-02,159.925771,160.650539,158.418602,160.0905,157285000,0.000155,0.089368,86.9
2014-10-03,161.161167,162.198905,160.667017,161.852997,121569000,0.010949,0.094984,86.9
2014-10-06,162.528306,162.742449,161.078783,161.663528,104778000,-0.001171,0.094948,86.9
2014-10-07,160.831696,161.19408,159.135092,159.16803,147913000,-0.015557,0.103215,86.9
2014-10-08,159.258622,162.182388,158.426795,161.951782,186461000,0.017338,0.116091,86.9
2014-10-09,161.696528,161.918902,158.608044,158.739822,210705000,-0.020032,0.129201,86.9
2014-10-10,158.698594,159.489239,156.886687,156.927856,221909000,-0.01148,0.132621,86.9
2014-10-13,156.861943,157.430214,154.25938,154.349976,230939000,-0.016564,0.138898,86.9
2014-10-14,155.181826,156.334867,154.045261,154.588837,215847000,0.001546,0.139233,86.9
2014-10-15,152.49692,154.580615,149.828467,153.542877,380715000,-0.006789,0.139817,86.9
2014-10-16,150.767356,154.49001,150.627346,153.411102,270391000,-0.000859,0.139858,86.9
2014-10-17,155.181825,156.277208,154.522946,155.223007,214625000,0.011742,0.144402,86.9
2014-10-20,154.942948,156.853683,154.893535,156.730148,130011000,0.009663,0.148287,86.9
2014-10-21,157.8668,159.942264,157.702083,159.835205,154949000,0.019618,0.159718,86.9
2014-10-22,160.115209,160.527007,158.632735,158.698624,151822000,-0.007136,0.160176,86.9
2014-10-23,160.288144,161.589427,159.99165,160.543457,154944000,0.011558,0.164234,86.9
2014-10-24,160.807018,161.828281,160.18109,161.778854,117927000,0.007666,0.165253,86.9
2014-10-27,161.202366,161.795356,160.625851,161.556519,82954000,-0.001375,0.165277,86.9
2014-10-28,162.100048,163.417793,162.025914,163.409561,106736000,0.011405,0.167254,86.9
2014-10-29,163.524844,163.994287,162.083553,163.16246,142557000,-0.001513,0.167231,86.9
2014-10-30,162.725991,164.677908,162.577738,164.208466,113330000,0.00639,0.167573,86.9
2014-10-31,166.18507,166.218021,165.353243,166.086243,146903000,0.01137,0.1709,86.9
2014-11-03,166.300368,166.736873,165.797975,166.176834,93600000,0.000545,0.169246,88.8
2014-11-04,165.732123,166.036862,164.768518,165.600357,93343000,-0.003475,0.168654,88.8
2014-11-05,166.811048,166.852231,165.913332,166.646332,91709000,0.006296,0.168145,88.8
2014-11-06,166.687472,167.403996,166.069776,167.3134,107089000,0.003995,0.16072,88.8
2014-11-07,167.329854,167.684007,166.868643,167.469864,89540000,0.000935,0.15943,88.8
2014-11-10,167.502844,168.046408,167.296945,167.996994,66319000,0.003143,0.159342,88.8
2014-11-11,168.062824,168.268723,167.725147,168.161652,54499400,0.00098,0.158955,88.8
2014-11-12,167.478166,168.211166,167.445216,167.98056,90120300,-0.001077,0.152818,88.8
2014-11-13,168.145215,168.697022,167.362802,168.169922,85357900,0.001127,0.152764,88.8
2014-11-14,168.095833,168.417035,167.782863,168.211136,80417500,0.000245,0.150225,88.8
2014-11-17,167.889901,168.491122,167.725171,168.318161,80441000,0.000636,0.15006,88.8
2014-11-18,168.375832,169.59475,168.375832,169.290024,76068100,0.005757,0.14168,88.8
2014-11-19,169.092385,169.290053,168.260558,169.018265,82373000,-0.001607,0.134373,88.8
2014-11-20,168.227591,169.421814,168.161702,169.314743,72840300,0.001753,0.117981,88.8
2014-11-21,171.011345,171.176062,169.644174,170.220688,142327300,0.005336,0.110957,88.8
2014-11-24,170.624244,170.805436,170.410113,170.698364,65880800,0.002802,0.094735,88.8
2014-11-25,170.928984,171.134883,170.319532,170.574844,79108300,-0.000724,0.095339,88.8
2014-11-26,170.723074,171.110165,170.508944,171.011337,62167800,0.002556,0.090486,88.8
2014-11-28,170.887837,171.200794,170.41015,170.648987,57890100,-0.002121,0.091097,88.8
2014-12-01,169.990083,170.105386,169.150024,169.462982,103968400,-0.006974,0.092609,93.6
2014-12-02,169.504149,170.764248,169.479442,170.55835,74507200,0.006443,0.091031,93.6
2014-12-03,170.731321,171.43137,170.566605,171.217239,68952000,0.003856,0.075971,93.6
2014-12-04,170.928977,171.53021,170.23716,171.027817,91316600,-0.001107,0.071336,93.6
2014-12-05,171.200805,171.694968,170.937261,171.307877,91025500,0.001636,0.065977,93.6
2014-12-08,170.91253,171.40668,169.603004,170.163055,108588200,-0.006705,0.068654,93.6
2014-12-09,168.318144,170.15477,167.939297,170.047699,125180100,-0.000678,0.068414,93.6
2014-12-10,169.586512,169.644157,167.132189,167.321625,159856400,-0.016161,0.080111,93.6
2014-12-11,167.914609,169.817112,167.7746,168.169922,159012800,0.005057,0.080731,93.6
2014-12-12,166.893395,167.865244,165.419164,165.452103,202330200,-0.016293,0.093368,93.6
2014-12-15,166.349834,166.802814,163.71433,164.315552,189965800,-0.006893,0.089388,93.6
2014-12-16,163.549534,166.695661,162.956544,162.997726,259543800,-0.008052,0.092067,93.6
2014-12-17,163.434231,166.646248,163.310685,166.193268,253910100,0.019415,0.108403,93.6
2014-12-18,168.62288,175.401065,167.947526,170.303009,257633900,0.024428,0.128294,93.6
2014-12-19,170.953122,171.698456,170.274053,171.027664,245084600,0.004246,0.128352,93.6
2014-12-22,171.21816,171.814423,170.978005,171.814423,148318900,0.00459,0.128838,93.6
2014-12-23,172.394098,172.443784,171.756426,172.04628,122167900,0.001349,0.128666,93.6
2014-12-24,172.269871,172.534869,172.021426,172.062836,42963400,9.6e-05,0.12868,93.6
2014-12-26,172.510059,172.957262,172.460373,172.617722,57326700,0.00322,0.128749,93.6
2014-12-29,172.435524,173.056629,172.369271,172.849594,79643900,0.001342,0.128753,93.6
2014-12-30,172.427225,172.559718,171.847516,171.922058,73540800,-0.005381,0.130034,93.6
2014-12-31,172.245081,172.410707,170.091909,170.216125,130333800,-0.009972,0.133682,93.6
2015-01-02,170.911759,171.32583,169.089839,170.125015,121465900,-0.000535,0.13272,98.1
2015-01-05,169.081524,169.24715,166.746174,167.052582,169632600,-0.018225,0.142989,98.1
2015-01-06,167.359043,167.880776,164.684151,165.479172,209151400,-0.009463,0.145207,98.1
2015-01-07,166.804184,167.88077,166.356994,167.541229,125346700,0.012384,0.149162,98.1
2015-01-08,168.94905,170.729561,168.932497,170.514236,147217800,0.017589,0.157931,98.1
2015-01-09,170.928341,170.944907,168.535013,169.147842,158567300,-0.008046,0.159625,98.1
2015-01-12,169.28029,169.437639,167.218215,167.822754,144396100,-0.007865,0.160868,98.1
2015-01-13,169.040079,170.166351,166.05049,167.350677,214553300,-0.002817,0.160937,98.1
2015-01-14,165.338367,166.539182,164.443986,166.340424,192991100,-0.006055,0.160645,98.1
2015-01-15,166.978053,167.292738,164.700665,164.816605,176613900,-0.009203,0.161067,98.1
2015-01-16,164.609574,167.135407,164.427382,166.978058,211879600,0.013029,0.165669,98.1
2015-01-20,167.615702,167.880713,165.768951,167.334137,130991100,0.00213,0.165888,98.1
2015-01-21,166.870369,168.659156,166.406612,168.178833,122942700,0.005035,0.1666,98.1
2015-01-22,168.932493,170.812364,167.557775,170.679871,174356000,0.014762,0.171331,98.1
2015-01-23,170.423149,170.679883,169.611574,169.74408,117516800,-0.005498,0.172089,98.1
2015-01-26,169.528724,170.232637,168.816523,170.141541,92009700,0.002339,0.165265,98.1
2015-01-27,168.087823,169.04018,167.069213,167.897354,134044600,-0.013278,0.169418,98.1
2015-01-28,169.08161,169.180983,165.553733,165.744202,168514300,-0.012907,0.166863,98.1
2015-01-29,165.942907,167.532936,164.535057,167.276215,173585400,0.009201,0.167554,98.1
2015-01-30,166.100225,167.425243,164.9077,165.172699,197729700,-0.012655,0.17013,98.1
2015-02-02,165.669581,167.309297,163.855951,167.218201,163107000,0.012308,0.164392,95.4
2015-02-03,168.112652,169.644718,167.739991,169.636429,124212900,0.014358,0.153745,95.4
2015-02-04,168.874494,170.083585,168.534953,168.990433,134306700,-0.003815,0.153526,95.4
2015-02-05,169.652973,170.845498,169.578444,170.696426,97953200,0.010045,0.155862,95.4
2015-02-06,171.060798,171.623941,169.702648,170.22438,125672000,-0.002769,0.15596,95.4
2015-02-09,169.578433,170.298912,169.0567,169.462494,87219000,-0.004486,0.156409,95.4
2015-02-10,170.497703,171.52459,169.503923,171.267868,96164200,0.010597,0.15937,95.4
2015-02-11,171.102189,171.797824,170.45624,171.367188,91087800,0.00058,0.159319,95.4
2015-02-12,172.162229,173.073189,171.400341,173.015213,97545900,0.009571,0.161049,95.4
2015-02-13,173.139429,173.777088,172.882694,173.727402,93670400,0.004108,0.158462,95.4
2015-02-17,173.412716,174.174617,173.164284,174.000702,76968200,0.001572,0.158439,95.4
2015-02-18,173.628107,174.091864,173.363095,174.017334,80652900,9.6e-05,0.147921,95.4
2015-02-19,173.421017,174.257435,173.280235,173.893051,91462500,-0.000714,0.144491,95.4
2015-02-20,173.478987,175.011053,172.857881,174.936523,140896400,0.005983,0.14152,95.4
2015-02-23,174.688065,174.911667,174.307115,174.911667,74411100,-0.000142,0.133012,95.4
2015-02-24,174.837089,175.607267,174.538958,175.408508,72472300,0.002837,0.130403,95.4
2015-02-25,175.284304,175.764627,174.91992,175.25946,73061700,-0.00085,0.127717,95.4
2015-02-26,175.168414,175.325763,174.447923,175.052475,72697900,-0.001182,0.127331,95.4
2015-02-27,174.9531,175.218111,174.406536,174.456223,108076000,-0.003412,0.126193,95.4
2015-03-02,174.555576,175.615596,174.50589,175.557632,87491400,0.006294,0.12262,93.0
2015-03-03,175.127013,175.607336,173.975897,174.837158,110325800,-0.004112,0.119371,93.0
2015-03-04,174.240895,174.315438,173.131189,174.100113,114497200,-0.004225,0.12051,93.0
2015-03-05,174.423051,174.572123,173.785391,174.290558,76873000,0.001093,0.119995,93.0
2015-03-06,173.429293,173.85993,171.508013,171.839264,188128000,-0.014164,0.120848,93.0
2015-03-09,172.037994,172.907532,171.880645,172.551437,89818900,0.004136,0.120107,93.0
2015-03-10,171.185058,171.267865,169.710956,169.752365,157121300,-0.016355,0.129533,93.0
2015-03-11,170.009069,170.182984,169.272024,169.354843,110145700,-0.002345,0.12359,93.0
2015-03-12,169.984207,171.574236,169.93452,171.507996,93993500,0.012634,0.122053,93.0
2015-03-13,171.234723,172.195357,169.421092,170.456268,162410900,-0.006151,0.12135,93.0
2015-03-16,171.185008,172.824723,170.481083,172.733627,136099200,0.013272,0.119947,93.0
2015-03-17,171.996628,172.601168,171.408643,172.22023,94510400,-0.002977,0.116089,93.0
2015-03-18,171.748159,174.96135,171.110487,174.290558,228808500,0.01195,0.113866,93.0
2015-03-19,173.87651,174.298858,173.106332,173.49556,117917300,-0.004572,0.114159,93.0
2015-03-20,174.444648,175.534353,174.261643,175.026932,177715100,0.008788,0.113337,93.0
2015-03-23,175.035253,175.609223,174.685883,174.685883,71784500,-0.00195,0.113136,93.0
2015-03-24,174.561168,175.018669,173.637828,173.704376,77805300,-0.005635,0.113655,93.0
2015-03-25,173.912298,174.145212,171.117323,171.158905,159521700,-0.014762,0.118374,93.0
2015-03-26,170.493414,171.666295,169.794661,170.751282,153067200,-0.002384,0.118555,93.0
2015-03-27,170.634852,171.316952,170.44352,171.142273,118939000,0.002287,0.115213,93.0
2015-03-30,172.173757,173.529656,172.157129,173.230194,96180400,0.012126,0.120155,93.0
2015-03-31,172.406674,173.105428,171.658026,171.716248,126768700,-0.008778,0.122626,93.0
2015-04-01,171.682979,171.707933,170.11912,171.109009,137303600,-0.003543,0.12294,95.9
2015-04-02,171.04239,172.173689,170.859385,171.724503,86900900,0.003591,0.123526,95.9
2015-04-06,170.834518,173.396579,170.701433,172.880844,114368200,0.006711,0.123871,95.9
2015-04-07,172.905761,173.65441,172.390026,172.423294,81236300,-0.00265,0.12404,95.9
2015-04-08,172.647885,173.446442,172.256921,173.005569,89351900,0.003371,0.124174,95.9
2015-04-09,172.83925,174.003818,172.348469,173.770905,85548900,0.004414,0.124965,95.9
2015-04-10,174.020421,174.760756,173.820789,174.719162,72722900,0.005442,0.126022,95.9
2015-04-13,174.577772,175.209977,173.879032,173.92894,74436600,-0.004533,0.126322,95.9
2015-04-14,173.729267,174.444648,173.105389,174.261642,75099900,0.001911,0.125026,95.9
2015-04-15,174.727505,175.551016,174.644316,175.043594,99529300,0.004477,0.125197,95.9
2015-04-16,174.710861,175.501104,174.511215,174.993683,68934900,-0.000285,0.12455,95.9
2015-04-17,173.804176,174.045403,172.198722,172.980652,191113200,-0.01157,0.129061,95.9
2015-04-20,173.903937,174.893826,173.820761,174.561096,92189500,0.009095,0.124808,95.9
2015-04-21,175.243194,175.401245,174.053672,174.353134,72559800,-0.001192,0.124423,95.9
2015-04-22,174.694228,175.392982,173.770888,175.209976,78264600,0.004902,0.114485,95.9
2015-04-23,174.810669,176.299665,174.694212,175.650833,102585900,0.002513,0.114097,95.9
2015-04-24,176.066752,176.32462,175.609239,176.058426,61327400,0.002318,0.108927,95.9
2015-04-27,176.624096,176.748867,175.135099,175.326431,79358100,-0.004166,0.107962,95.9
2015-04-28,175.301429,175.933621,174.128535,175.883713,86863500,0.003173,0.101725,95.9
2015-04-29,174.993672,175.758961,174.353166,175.160049,125684900,-0.004123,0.102129,95.9
2015-04-30,174.586069,174.977034,172.706108,173.404861,161304900,-0.010071,0.100729,95.9
2015-05-01,174.186804,175.32643,174.086988,175.284836,103399700,0.010783,0.104653,90.7
2015-05-04,175.709,176.366158,175.600869,175.783875,70927200,0.002843,0.101865,90.7
2015-05-05,175.542723,175.90042,173.629494,173.770905,113326200,-0.011517,0.107208,90.7
2015-05-06,174.319862,174.627638,171.990715,173.055466,135060200,-0.004126,0.106628,90.7
2015-05-07,172.955637,174.170125,172.622907,173.74588,88244900,0.003982,0.097736,90.7
2015-05-08,175.417911,176.233108,175.334722,176.033463,155877300,0.01308,0.103856,90.7
2015-05-11,175.991883,176.258065,175.118451,175.193314,75708100,-0.004784,0.105118,90.7
2015-05-12,174.36152,175.209998,173.537996,174.669296,119727600,-0.002996,0.099943,90.7
2015-05-13,175.076885,175.700763,174.469647,174.70256,94667900,0.00019,0.096193,90.7
2015-05-14,175.717408,176.615795,175.4429,176.524292,95934000,0.010374,0.099419,90.7
2015-05-15,176.715561,176.856972,176.233094,176.715561,76510100,0.001083,0.099125,90.7
2015-05-18,176.549207,177.514129,176.482658,177.264587,74549700,0.003102,0.097847,90.7
2015-05-19,177.381067,177.655575,176.923553,177.206375,72114600,-0.000328,0.097359,90.7
2015-05-20,177.306176,177.830237,176.765486,177.081589,76857500,-0.000704,0.097181,90.7
2015-05-21,176.940235,177.805341,176.773858,177.597382,64764600,0.002909,0.096788,90.7
2015-05-22,177.214677,177.630596,177.106547,177.173096,57433500,-0.002392,0.096132,90.7
2015-05-26,176.682341,177.106586,174.8523,175.268219,124308600,-0.01081,0.100586,90.7
2015-05-27,175.725662,177.164737,175.318057,176.931824,93214000,0.009447,0.103978,90.7
2015-05-28,176.624081,176.840354,176.041797,176.732224,74974600,-0.001129,0.103385,90.7
2015-05-29,176.6657,176.707281,175.368035,175.634216,124919600,-0.006232,0.10511,90.7
2015-06-01,176.299658,176.632388,175.201626,175.991882,93338800,0.002034,0.099189,96.1
2015-06-02,175.534378,176.507626,174.9105,175.8172,91531000,-0.000993,0.095915,96.1
2015-06-03,176.349553,176.906883,175.792224,176.283005,87820900,0.002646,0.096062,96.1
2015-06-04,175.575966,176.233112,174.477935,174.794037,151882800,-0.008482,0.098376,96.1
2015-06-05,174.644338,175.1684,173.837455,174.494614,121704700,-0.001714,0.09817,96.1
2015-06-08,174.386428,174.536166,173.346631,173.421494,89063300,-0.006169,0.099338,96.1
2015-06-09,173.396561,173.937263,172.764369,173.396561,105034700,-0.000144,0.098731,96.1
2015-06-10,174.161861,175.858817,174.103639,175.476166,134551300,0.011922,0.104544,96.1
2015-06-11,175.91698,176.424401,175.684067,176.041763,73876400,0.003218,0.10424,96.1
2015-06-12,175.218276,175.917016,174.419706,174.694214,135382400,-0.007684,0.102416,96.1
2015-06-15,173.554622,174.228409,172.847555,173.945587,124384200,-0.004295,0.098172,96.1
2015-06-16,173.795858,174.977079,173.62118,174.89389,85308200,0.005437,0.099167,96.1
2015-06-17,175.176712,175.783963,174.153555,175.176712,126708600,0.001616,0.093234,96.1
2015-06-18,175.775611,177.46424,175.209967,176.998413,165867900,0.010346,0.096678,96.1
2015-06-19,176.756009,176.831236,175.836532,176.212677,130478700,-0.004449,0.097315,96.1
2015-06-22,177.132169,177.700564,176.906477,177.115448,70696000,0.00511,0.090869,96.1
2015-06-23,177.324392,177.57516,176.847945,177.240799,68476800,0.000707,0.089635,96.1
2015-06-24,176.973316,177.349461,175.928461,175.953537,92307300,-0.007289,0.091879,96.1
2015-06-25,176.455064,176.580442,175.343337,175.418564,97107400,-0.003045,0.092372,96.1
2015-06-26,175.778016,176.02043,174.833476,175.385162,104174800,-0.00019,0.087124,96.1
2015-06-29,173.905639,175.393511,171.632034,171.70726,202621300,-0.021193,0.106095,96.1
2015-06-30,173.245267,173.295431,171.590221,172.066681,182925100,0.002091,0.105799,96.1
2015-07-01,173.638142,173.88891,172.66016,173.445892,135979900,0.007984,0.108948,93.1
2015-07-02,173.922374,174.089548,172.869152,173.287094,104373700,-0.000916,0.108949,93.1
2015-07-06,171.999828,173.571281,171.799211,172.793915,117975400,-0.00285,0.108559,93.1
2015-07-07,172.994535,174.005947,170.61226,173.880569,173820200,0.006269,0.110421,93.1
2015-07-08,172.543138,172.827335,170.729271,170.963318,164020100,-0.01692,0.116567,93.1
2015-07-09,173.061374,173.320508,171.163927,171.272583,144113100,0.001807,0.112755,93.1
2015-07-10,173.270394,173.847156,171.314429,173.429214,129456900,0.012513,0.119441,93.1
2015-07-13,174.691365,175.452009,174.649568,175.343353,106069400,0.010977,0.122793,93.1
2015-07-14,175.301623,176.413351,175.243105,176.104065,81709600,0.004329,0.123311,93.1
2015-07-15,176.145804,176.605542,175.569042,176.045502,97914100,-0.000333,0.123279,93.1
2015-07-16,177.098708,177.458145,176.856308,177.458145,106683300,0.007992,0.125218,93.1
2015-07-17,177.449777,177.667115,177.040202,177.608597,89030000,0.000847,0.122472,93.1
2015-07-20,177.834275,178.193699,177.382904,177.700531,70446800,0.000517,0.122287,93.1
2015-07-21,177.566777,177.825912,176.697464,176.998383,77965000,-0.003959,0.121388,93.1
2015-07-22,176.312965,177.015117,176.279535,176.680756,88667900,-0.001796,0.121579,93.1
2015-07-23,176.814529,176.914831,175.326657,175.686081,90509100,-0.005646,0.118004,93.1
2015-07-24,175.786381,175.844887,173.529497,173.863846,117755000,-0.010426,0.121388,93.1
2015-07-27,172.977807,173.487697,172.4094,172.852417,132361100,-0.005834,0.120541,93.1
2015-07-28,173.688242,175.117608,172.860725,174.97551,123544800,0.012208,0.125249,93.1
2015-07-29,175.100993,176.40497,174.958894,176.179291,105791300,0.006856,0.125832,93.1
2015-07-30,175.669337,176.388198,175.050779,176.221024,91304400,0.000237,0.125764,93.1
2015-07-31,176.722549,176.747624,175.66934,175.953537,103266900,-0.001519,0.122093,93.1
2015-08-03,175.92013,175.978636,174.40717,175.360077,113965700,-0.003379,0.121808,91.9
2015-08-04,175.284825,175.744564,174.532535,175.017349,81820800,-0.001956,0.120869,91.9
2015-08-05,175.911759,176.630619,175.309921,175.594131,85786800,0.00329,0.121305,91.9
2015-08-06,175.778037,175.886706,173.571304,174.156433,116030800,-0.008221,0.1218,91.9
2015-08-07,173.997578,174.148031,172.919281,173.822037,117858000,-0.001922,0.121627,91.9
2015-08-10,174.933757,176.095635,174.933757,176.012054,80270700,0.01252,0.127183,91.9
2015-08-11,174.674626,175.092568,173.663201,174.423859,126081400,-0.009064,0.11366,91.9
2015-08-12,173.11991,174.816754,171.657114,174.632858,172123700,0.001198,0.113583,91.9
2015-08-13,174.474078,175.159509,173.872241,174.415573,89383300,-0.001245,0.111423,91.9
2015-08-14,174.223252,175.126008,174.081153,175.050781,72786500,0.003635,0.111812,91.9
2015-08-17,174.457355,176.028809,173.997617,176.028809,79072600,0.005572,0.112389,91.9
2015-08-18,175.752952,176.104022,175.284859,175.518906,71692700,-0.002901,0.111521,91.9
2015-08-19,174.774969,175.543981,173.320539,174.131348,172946000,-0.007937,0.102101,91.9
2015-08-20,172.61841,174.106282,170.436752,170.49527,194327900,-0.021102,0.119823,91.9
2015-08-21,168.622779,170.470088,165.103717,165.362839,346588500,-0.030565,0.143053,91.9
2015-08-24,156.719857,165.070328,152.465199,158.399979,507244300,-0.043019,0.18211,91.9
2015-08-25,163.356783,163.373504,156.243416,156.53598,369833100,-0.011837,0.182185,91.9
2015-08-26,160.556582,162.82182,157.455447,162.54599,339257000,0.037675,0.218403,91.9
2015-08-27,164.685835,166.691952,163.172888,166.566574,274143900,0.024434,0.230248,91.9
2015-08-28,165.922978,167.043059,165.438164,166.574966,160414400,5e-05,0.230171,91.9
2015-08-31,165.596978,166.449583,164.677501,165.229187,163298800,-0.008112,0.230664,91.9
2015-09-01,161.42586,162.805075,159.428098,160.297424,256000400,-0.030303,0.244412,87.2
2015-09-02,162.679717,163.381869,160.840775,163.340073,160269300,0.018803,0.252669,87.2
2015-09-03,164.050547,165.546786,162.963909,163.457077,152087800,0.000716,0.252679,87.2
2015-09-04,161.200218,162.044456,160.163717,160.98288,207081000,-0.015252,0.254391,87.2
2015-09-08,163.78309,165.179015,163.139456,165.028549,116025700,0.02482,0.266209,87.2
2015-09-09,166.608358,166.733735,162.454014,162.821793,149347700,-0.013462,0.26508,87.2
2015-09-10,162.629573,164.853027,162.370451,163.70787,158611100,0.005427,0.264678,87.2
2015-09-11,163.31501,164.518685,162.604504,164.451813,119691200,0.004534,0.265349,87.2
2015-09-14,164.627347,164.677498,163.3568,163.841614,79452000,-0.003717,0.265369,87.2
2015-09-15,164.343121,166.332529,163.799802,165.889511,113806200,0.012422,0.268781,87.2
2015-09-16,166.19045,167.519502,165.847735,167.32724,99581600,0.008629,0.27049,87.2
2015-09-17,167.193524,169.592507,166.574966,166.951111,276046600,-0.00225,0.270114,87.2
2015-09-18,164.441322,166.936792,163.81115,164.222855,223657500,-0.016477,0.272896,87.2
2015-09-21,165.054664,166.09654,164.021185,165.071472,105726200,0.005154,0.273674,87.2
2015-09-22,162.903703,163.391038,161.794594,162.928909,153890900,-0.013065,0.272145,87.2
2015-09-23,163.096939,163.567465,162.088666,162.668427,92790600,-0.0016,0.271457,87.2
2015-09-24,161.450089,162.54239,160.114127,162.080261,159378800,-0.003622,0.271273,87.2
2015-09-25,163.542274,163.844757,161.164423,162.038269,155054800,-0.000259,0.271327,87.2
2015-09-28,161.139211,161.248445,157.660662,157.971542,178515900,-0.025418,0.27863,87.2
2015-09-29,158.189992,159.42513,157.064075,158.06395,159045600,0.000585,0.277604,87.2
2015-09-30,159.954501,161.181242,159.173094,161.013199,163452000,0.018487,0.284889,87.2
2015-10-01,161.391214,161.735711,159.4923,161.433228,131079000,0.002605,0.2849,90.0
2015-10-02,159.450331,163.869932,158.904174,163.844727,211003300,0.014828,0.283568,90.0
2015-10-05,165.071459,166.98718,164.962225,166.760315,126320800,0.017638,0.274653,90.0
2015-10-06,166.625949,167.188901,165.52525,166.189026,110274500,-0.003432,0.242504,90.0
2015-10-07,167.121646,167.903066,165.928521,167.550171,124307300,0.008157,0.239786,90.0
2015-10-08,167.163665,169.348267,166.861181,169.062592,153055200,0.008986,0.216232,90.0
2015-10-09,169.205466,169.642376,168.53328,169.163452,107069200,0.000596,0.204816,90.0
2015-10-12,169.239016,169.524691,168.810503,169.323044,56395600,0.000943,0.204815,90.0
2015-10-13,168.592038,169.860792,168.087908,168.255951,88038700,-0.006322,0.204222,90.0
2015-10-14,168.197114,168.776874,167.155238,167.44931,99106200,-0.004806,0.182953,90.0
2015-10-15,168.113092,170.028814,167.743389,170.020416,134142200,0.015238,0.180287,90.0
2015-10-16,170.423769,170.810268,169.659157,170.793472,114580100,0.004537,0.180513,90.0
2015-10-19,170.146476,170.877472,169.835596,170.877472,76523900,0.000492,0.173474,90.0
2015-10-20,170.440572,171.272391,170.188501,170.659027,78448500,-0.001279,0.159558,90.0
2015-10-21,171.079126,171.230361,169.43227,169.600327,102038000,-0.006223,0.155128,90.0
2015-10-22,170.549778,172.675557,169.600327,172.4655,174911700,0.016753,0.161067,90.0
2015-10-23,174.137548,174.725706,173.339332,174.356003,144442300,0.010902,0.163073,90.0
2015-10-26,174.179592,174.238402,173.557818,173.927521,69033000,-0.002461,0.162734,90.0
2015-10-27,173.255301,173.927487,172.910804,173.5914,77905800,-0.001934,0.160035,90.0
2015-10-28,173.927519,175.59117,173.263743,175.565964,135906700,0.011311,0.161255,90.0
2015-10-29,175.061827,175.834837,174.944195,175.465134,90525500,-0.000574,0.16098,90.0
2015-10-30,175.658418,175.977709,174.549321,174.708954,131076900,-0.004319,0.152723,90.0
2015-11-02,175.03658,176.969098,174.910538,176.775848,86270800,0.011761,0.155068,91.3
2015-11-03,176.423032,177.843022,176.196166,177.288467,95246100,0.002896,0.148083,91.3
2015-11-04,177.582519,177.708548,176.21294,176.750687,96224500,-0.003038,0.148513,91.3
2015-11-05,176.809436,177.271565,175.683532,176.574173,78408700,-0.000999,0.147725,91.3
2015-11-06,176.229722,176.717057,175.15423,176.481781,110471500,-0.000523,0.147775,91.3
2015-11-09,175.86847,176.019718,173.885528,174.834991,131008700,-0.009375,0.126962,91.3
2015-11-10,174.356022,175.271882,174.087156,175.238266,75874600,0.002304,0.12673,91.3
2015-11-11,175.507193,175.557605,174.482112,174.549332,67846000,-0.003939,0.120083,91.3
2015-11-12,173.507394,173.97792,172.095815,172.11261,121315200,-0.014058,0.129527,91.3
2015-11-13,171.70091,171.969777,170.096069,170.180084,153577100,-0.011292,0.129408,91.3
2015-11-16,169.995273,172.826843,169.877629,172.768021,117645200,0.015093,0.126793,91.3
2015-11-17,173.07886,173.961091,172.146205,172.641937,121123700,-0.00073,0.126179,91.3
2015-11-18,173.120884,175.523941,173.078883,175.381104,121342500,0.015742,0.131576,91.3
2015-11-19,175.263462,175.649973,174.935773,175.229858,88220500,-0.000863,0.129806,91.3
2015-11-20,175.986116,176.549069,175.490384,175.868484,94011500,0.003638,0.129983,91.3
2015-11-23,175.927278,176.431408,175.20468,175.666809,64931200,-0.001147,0.130173,91.3
2015-11-24,174.65852,176.305376,174.272022,175.902069,98874400,0.001338,0.128192,91.3
2015-11-25,176.028066,176.229726,175.616349,175.876831,51980100,-0.000143,0.126911,91.3
2015-11-27,175.969257,176.280151,175.490333,176.078491,37317800,0.001146,0.120181,91.3
2015-11-30,176.238114,176.355746,175.238239,175.347473,112822700,-0.00416,0.120704,91.3
2015-12-01,175.97764,177.13716,175.700363,177.019516,97858400,0.00949,0.123245,92.6
2015-12-02,176.96915,177.288442,174.961002,175.213074,108441300,-0.010257,0.127474,92.6
2015-12-03,175.465107,175.733974,172.036969,172.759567,166224200,-0.014102,0.133205,92.6
2015-12-04,172.759576,176.422976,172.759576,176.128891,192913900,0.019315,0.136079,92.6
2015-12-07,175.801207,176.221321,174.095542,175.061813,102027100,-0.006077,0.133898,92.6
2015-12-08,173.49903,175.011433,172.902461,173.885529,103372400,-0.006742,0.135188,92.6
2015-12-09,173.246915,175.339078,171.558046,172.532715,162401500,-0.00781,0.136976,92.6
2015-12-10,172.599896,174.288752,172.364633,172.977997,116128900,0.002578,0.132874,92.6
2015-12-11,170.860657,171.524433,169.314625,169.625519,211173300,-0.019571,0.143921,92.6
2015-12-14,169.78518,170.608601,168.003885,170.482559,182385200,0.00504,0.144672,92.6
2015-12-15,171.994955,173.179681,170.457333,172.272232,154069600,0.010443,0.143723,92.6
2015-12-16,173.398154,175.095421,172.079001,174.792938,197017000,0.014526,0.150173,92.6
2015-12-17,175.103816,175.171036,172.112602,172.12941,173092500,-0.015355,0.156127,92.6
2015-12-18,171.387279,171.522506,168.902301,169.062897,251393500,-0.017976,0.163801,92.6
2015-12-21,170.23781,170.635069,169.1221,170.457565,99094300,0.008216,0.166171,92.6
2015-12-22,171.344994,172.300108,170.356077,172.004272,111026200,0.009033,0.166824,92.6
2015-12-23,173.01012,174.176541,172.917144,174.134277,110987200,0.012307,0.17078,92.6
2015-12-24,173.880694,174.396285,173.627123,173.846878,48539600,-0.001652,0.170475,92.6
2015-12-28,173.153871,173.491958,172.376261,173.449707,65899900,-0.002287,0.16546,92.6
2015-12-29,174.548436,175.630329,174.514632,175.30069,92640700,0.010615,0.16435,92.6
2015-12-30,175.055606,175.140134,173.91454,174.058228,63317700,-0.007113,0.160343,92.6
2015-12-31,173.382045,174.024415,172.317047,172.317047,114877900,-0.010054,0.163091,92.6
2016-01-04,169.460186,169.916605,167.854242,169.908157,222353500,-0.014078,0.160864,92.0
2016-01-05,170.22933,170.651945,169.088277,170.195526,110845800,0.00169,0.161061,92.0
2016-01-06,167.642956,169.096753,167.017494,168.048676,152112600,-0.012694,0.16393,92.0
2016-01-07,165.098831,166.882267,163.628126,164.016937,213436100,-0.024284,0.176695,92.0
2016-01-08,164.980505,165.53836,161.929223,162.216599,209817200,-0.011037,0.178123,92.0
2016-01-11,163.137884,163.475984,160.44161,162.377182,187941300,0.000989,0.178295,92.0
2016-01-12,163.822511,164.439525,161.557288,163.687271,172330500,0.008036,0.180676,92.0
2016-01-13,164.354971,164.701518,159.224431,159.604782,221168900,-0.025257,0.192395,92.0
2016-01-14,160.213337,163.349133,158.615853,162.224976,240795600,0.016283,0.197216,92.0
2016-01-15,157.863612,159.545611,156.807074,158.742645,324846400,-0.0217,0.203606,92.0
2016-01-19,160.559878,160.686658,157.381806,158.953934,195244400,0.00133,0.201385,92.0
2016-01-20,156.392938,158.480658,153.00357,156.916977,286547800,-0.012898,0.192106,92.0
2016-01-21,157.390314,159.638616,156.063296,157.796021,195772900,0.005586,0.193897,92.0
2016-01-22,160.407759,161.236081,159.647057,161.033234,168319600,0.020308,0.205426,92.0
2016-01-25,160.526077,160.720476,158.404554,158.598953,130371700,-0.015232,0.208182,92.0
2016-01-26,159.258263,161.041699,158.920176,160.762772,141036800,0.013551,0.213022,92.0
2016-01-27,160.238719,161.912271,158.108735,159.013138,185681700,-0.010943,0.208411,92.0
2016-01-28,160.559897,160.762744,158.19325,159.841446,143798800,0.005196,0.208458,92.0
2016-01-29,160.610597,163.873185,160.492266,163.737946,210529300,0.024085,0.219096,92.0
2016-02-01,162.732179,164.464904,162.148968,163.678833,136061600,-0.000361,0.213701,91.7
2016-02-02,162.250313,162.258761,160.204846,160.728897,182564900,-0.018187,0.215368,91.7
2016-02-03,161.785496,162.098227,158.142556,161.69252,205054900,0.005977,0.211355,91.7
2016-02-04,161.193821,162.918085,160.559899,161.946075,139531800,0.001567,0.209574,91.7
2016-02-05,161.430468,162.005218,158.227039,158.860962,180788300,-0.019234,0.212971,91.7
2016-02-08,157.018355,157.314177,154.508021,156.722519,191526700,-0.013553,0.210361,91.7
2016-02-09,154.981383,158.007308,154.846143,156.731003,184513100,5.4e-05,0.210551,91.7
2016-02-10,157.559357,159.190645,156.469002,156.595795,148214100,-0.000863,0.21066,91.7
2016-02-11,154.119223,155.606836,153.062686,154.558746,219058900,-0.013094,0.208138,91.7
2016-02-12,156.333768,157.762196,155.488537,157.7453,127632400,0.020407,0.219747,91.7
2016-02-16,159.554098,160.433132,158.590536,160.407776,120250700,0.016737,0.226195,91.7
2016-02-17,161.574188,163.399888,161.447396,163.027985,136009500,0.016203,0.229596,91.7
2016-02-18,163.298466,163.357638,162.047529,162.36026,102343000,-0.004104,0.229537,91.7
2016-02-19,161.582607,162.436284,160.97404,162.284149,114793000,-0.000469,0.227111,91.7
2016-02-22,163.864673,164.777522,163.797053,164.633835,103640300,0.014375,0.220453,91.7
2016-02-23,163.974684,164.245163,162.436358,162.554703,111455300,-0.012709,0.22124,91.7
2016-02-24,161.126242,163.577405,160.018993,163.298477,150812200,0.004565,0.221612,91.7
2016-02-25,163.746426,165.284751,162.985725,165.276291,110728300,0.012039,0.223142,91.7
2016-02-26,166.14687,166.239832,164.735324,164.89592,129833700,-0.002304,0.209795,91.7
2016-02-29,164.912862,165.859516,163.408353,163.602753,125918100,-0.007873,0.206243,91.7
2016-03-01,164.828284,167.53303,164.354957,167.448502,141799700,0.023235,0.205743,91.0
2016-03-02,167.13579,168.251487,166.721623,168.200775,102415000,0.004483,0.205886,91.0
2016-03-03,168.023279,168.87697,167.448529,168.860062,95172200,0.003912,0.201107,91.0
2016-03-04,169.05449,170.187108,168.226168,169.409485,129293600,0.003248,0.200904,91.0
2016-03-07,168.488155,169.950413,168.412088,169.544693,100219000,0.000798,0.193589,91.0
2016-03-08,168.471257,168.978387,167.533051,167.693634,123974900,-0.010978,0.190724,91.0
2016-03-09,168.505064,168.868507,167.718994,168.521973,94801200,0.004927,0.187745,91.0
2016-03-10,169.012143,169.950348,166.831449,168.657135,156838700,0.000802,0.18399,91.0
2016-03-11,170.111046,171.421155,168.640353,171.378891,137964500,0.016009,0.188261,91.0
2016-03-14,170.871683,171.615476,170.542043,171.159058,73612000,-0.001284,0.176787,91.0
2016-03-15,170.195523,171.184441,169.933504,170.880157,93169100,-0.001631,0.17694,91.0
2016-03-16,170.398403,172.274815,170.356139,171.869095,129303200,0.005771,0.167209,91.0
2016-03-17,171.784542,173.466542,171.387283,172.959412,134278500,0.006324,0.16728,91.0
2016-03-18,173.46071,173.97896,173.146366,173.63913,138372400,0.003922,0.167336,91.0
2016-03-21,173.375783,174.114921,173.14639,173.885529,72926700,0.001418,0.154423,91.0
2016-03-22,173.112303,174.3612,172.950892,173.791977,97471900,-0.000538,0.146706,91.0
2016-03-23,173.409721,173.596632,172.475168,172.645096,81052500,-0.006621,0.1493,91.0
2016-03-24,171.617098,172.602625,171.396209,172.568634,84360900,-0.000443,0.149205,91.0
2016-03-28,172.984922,173.197319,172.220297,172.670578,62408200,0.000591,0.141248,91.0
2016-03-29,172.26276,174.378243,171.956907,174.267792,92922900,0.009208,0.133234,91.0
2016-03-30,175.270309,175.754568,174.667095,175.032425,86365300,0.004378,0.127093,91.0
2016-03-31,174.93899,175.363785,174.446227,174.607651,94584100,-0.00243,0.121507,91.0
2016-04-01,173.61365,175.983999,173.299293,175.797089,114423500,0.006789,0.120626,89.0
2016-04-04,175.720592,175.924499,174.921976,175.227829,63497000,-0.003243,0.121514,89.0
2016-04-05,173.885522,175.236366,173.222843,173.477722,99662200,-0.010038,0.121484,89.0
2016-04-06,173.477673,175.431731,173.299253,175.372253,91839800,0.010862,0.116208,89.0
2016-04-07,174.284848,174.641674,172.543186,173.273834,113859000,-0.012038,0.123421,89.0
2016-04-08,174.454695,174.887994,173.205798,173.741043,95040600,0.002693,0.119716,89.0
2016-04-11,174.378243,175.074913,173.239797,173.333252,83757500,-0.00235,0.119729,89.0
2016-04-12,173.503134,175.2278,173.061344,174.947433,115350600,0.009269,0.118163,89.0
2016-04-13,175.86501,176.799564,175.729073,176.7146,96336400,0.01005,0.103009,89.0
2016-04-14,176.77407,177.224351,176.374762,176.723083,65212900,4.8e-05,0.102805,89.0
2016-04-15,176.723097,176.859034,176.204847,176.527695,75761600,-0.001106,0.102873,89.0
2016-04-18,176.527676,177.80206,175.864997,177.768082,82531000,0.007002,0.104003,89.0
2016-04-19,178.192948,178.583752,177.513274,178.328873,88316100,0.00315,0.104068,89.0
2016-04-20,178.371303,179.195405,177.895535,178.498749,81100300,0.000952,0.096956,89.0
2016-04-21,178.515734,178.626185,177.266837,177.538712,85695000,-0.005393,0.098917,89.0
2016-04-22,177.181886,177.810573,176.638149,177.538712,99251700,0.0,0.09901,89.0
2016-04-25,176.935564,177.275407,176.323858,177.232925,66166500,-0.001724,0.089655,89.0
2016-04-26,177.598132,178.005944,177.020417,177.496185,75864200,0.001484,0.089368,89.0
2016-04-27,177.113884,178.25233,176.757058,177.861526,77329400,0.002056,0.088987,89.0
2016-04-28,177.105393,178.209848,175.831009,176.247299,97216200,-0.009117,0.092913,89.0
2016-04-29,175.627116,175.97545,174.191308,175.295776,142424100,-0.005413,0.093119,89.0
2016-05-02,175.797061,176.867539,175.363775,176.689133,62188000,0.007917,0.095113,94.7
2016-05-03,175.45725,175.695135,174.403755,175.151398,106422100,-0.008741,0.098821,94.7
2016-05-04,174.157334,174.887981,173.673062,174.174316,92243800,-0.005594,0.100244,94.7
2016-05-05,174.641636,174.998462,173.715586,174.140381,67619200,-0.000195,0.098224,94.7
2016-05-06,173.367266,174.82007,173.214346,174.777588,89315000,0.003652,0.098676,94.7
2016-05-09,174.650135,175.355283,174.471716,174.921997,74374900,0.000826,0.098682,94.7
2016-05-10,175.627168,177.11395,175.559199,177.096954,77472200,0.012357,0.101498,94.7
2016-05-11,176.63811,177.173342,175.440186,175.440186,81727000,-0.009399,0.104769,94.7
2016-05-12,176.111423,176.281351,174.480212,175.491226,89586300,0.000291,0.104499,94.7
2016-05-13,175.193814,175.746042,173.639064,173.961899,96474600,-0.008753,0.105645,94.7
2016-05-16,174.131885,176.153899,174.072407,175.678131,77486800,0.009817,0.109256,94.7
2016-05-17,175.406246,175.695103,173.511652,174.038406,114924900,-0.009378,0.10874,94.7
2016-05-18,173.690063,175.270299,173.001897,174.089371,120062100,0.000293,0.103862,94.7
2016-05-19,173.367234,173.775033,172.27976,173.486176,115430500,-0.003471,0.098224,94.7
2016-05-20,174.097866,175.100388,174.046893,174.582138,104990400,0.006297,0.099616,94.7
2016-05-23,174.59912,174.879486,174.157343,174.344254,58682600,-0.001364,0.099441,94.7
2016-05-24,175.159918,176.918575,175.134431,176.604218,93537800,0.012879,0.102797,94.7
2016-05-25,177.283828,178.218382,176.604154,177.802078,76621400,0.00676,0.100506,94.7
2016-05-26,177.938007,178.167399,177.538699,177.853043,55280700,0.000287,0.100505,94.7
2016-05-27,178.014507,178.626213,177.963534,178.617722,64211200,0.00429,0.101105,94.7
2016-05-31,178.889583,179.000034,177.717146,178.277878,109879400,-0.001904,0.099325,94.7
2016-06-01,177.666153,178.821595,177.470751,178.643188,69936200,0.002047,0.099081,93.5
2016-06-02,178.243845,179.203872,177.768077,179.18689,63044700,0.003039,0.099429,93.5
2016-06-03,178.626201,179.000022,177.445272,178.651688,101757100,-0.002991,0.098509,93.5
2016-06-06,179.008565,179.917632,178.847141,179.560806,64887000,0.005076,0.099509,93.5
2016-06-07,179.713662,180.401827,179.688175,179.841095,60974800,0.00156,0.099362,93.5
2016-06-08,179.976965,180.554692,179.849532,180.427246,66170900,0.003254,0.099648,93.5
2016-06-09,179.696682,180.299896,179.42482,180.180954,73786900,-0.001366,0.099691,93.5
2016-06-10,178.804606,179.144437,177.929517,178.473267,113829200,-0.009523,0.100035,93.5
2016-06-13,177.870084,178.728165,177.012003,177.096954,117751200,-0.007741,0.101432,93.5
2016-06-14,176.714557,177.343258,175.796999,176.748535,125059300,-0.001969,0.099034,93.5
2016-06-15,176.748649,177.870114,176.315363,176.502274,109124500,-0.001394,0.095622,93.5
2016-06-16,176.50225,177.19892,174.667134,177.028992,149533100,0.00298,0.094284,93.5
2016-06-17,176.924805,176.950424,175.712116,176.369705,117055700,-0.003731,0.095077,93.5
2016-06-20,178.333882,179.008542,177.420087,177.505493,82789600,0.006419,0.096225,93.5
2016-06-21,177.889869,178.41935,177.445782,178.00943,72461700,0.002835,0.096457,93.5
2016-06-22,178.188719,178.91463,177.573832,177.719025,95560500,-0.001633,0.089918,93.5
2016-06-23,179.179348,180.084594,178.71819,180.033356,102731400,0.012938,0.092641,93.5
2016-06-24,173.901574,180.06751,173.124424,173.568512,333444400,-0.03657,0.142692,93.5
2016-06-27,172.159428,172.167977,169.648643,170.459961,230775800,-0.018072,0.149829,93.5
2016-06-28,172.065423,173.559936,171.75798,173.534317,159382400,0.017875,0.156409,93.5
2016-06-29,174.934957,176.719831,174.832481,176.489258,137328600,0.016885,0.161753,93.5
2016-06-30,176.958979,178.948806,176.403866,178.897568,165021900,0.013553,0.166136,93.5
2016-07-01,178.897519,179.760076,178.735256,179.273285,106055300,0.002098,0.165644,90.0
2016-07-05,178.444938,178.555964,177.385977,177.98378,109803700,-0.007219,0.166584,90.0
2016-07-06,177.488419,179.170815,176.830829,179.051254,96021500,0.00598,0.167173,90.0
2016-07-07,179.230637,179.896762,178.171675,178.940277,85593800,-0.00062,0.163292,90.0
2016-07-08,180.238347,181.852421,180.007761,181.604752,133971000,0.014781,0.167589,90.0
2016-07-11,182.06592,182.817451,181.860954,182.245255,73633900,0.003521,0.167781,90.0
2016-07-12,183.210258,183.867847,182.270844,183.568939,101275600,0.007237,0.168527,90.0
2016-07-13,183.987392,183.995927,183.056527,183.543304,87324100,-0.00014,0.168348,90.0
2016-07-14,184.807252,185.037837,184.175294,184.56813,91230900,0.005568,0.168852,90.0
2016-07-15,185.131754,185.328172,183.876362,184.32045,107155400,-0.001343,0.16889,90.0
2016-07-18,184.440061,184.97809,184.183856,184.815826,58725900,0.002684,0.168542,90.0
2016-07-19,184.397298,184.662038,184.149642,184.627884,54345700,-0.001017,0.168228,90.0
2016-07-20,184.627928,185.635651,184.627928,185.39653,58159500,0.004155,0.16848,90.0
2016-07-21,185.285511,185.507548,184.252156,184.696243,67777300,-0.003784,0.168902,90.0
2016-07-22,184.81583,185.575897,184.55109,185.524658,62787500,0.004475,0.169105,90.0
2016-07-25,185.31969,185.370929,184.440063,185.020782,55873100,-0.00272,0.166566,90.0
2016-07-26,184.918318,185.464883,184.260729,185.106201,70080500,0.000462,0.164422,90.0
2016-07-27,185.481974,185.550296,184.141175,184.90979,84083900,-0.001062,0.164278,90.0
2016-07-28,184.713297,185.413589,184.252139,185.12323,65035700,0.001154,0.164053,90.0
2016-07-29,184.858545,185.780862,184.576721,185.42218,79519400,0.001614,0.164,90.0
2016-08-01,185.481935,185.874771,184.81581,185.268433,73311400,-0.00083,0.163404,89.8
2016-08-02,185.020807,185.174535,183.244482,184.081406,92295500,-0.006428,0.164378,89.8
2016-08-03,184.021612,184.679202,183.722717,184.619415,53993600,0.002918,0.164386,89.8
2016-08-04,184.73042,185.131805,182.971166,184.815826,46585500,0.001063,0.164165,89.8
2016-08-05,184.815839,186.370126,184.815839,186.327423,71892200,0.008146,0.161785,89.8
2016-08-08,186.515264,186.617754,185.951629,186.21637,39906500,-0.000596,0.11604,89.8
2016-08-09,186.284733,186.822749,186.002909,186.327423,51251700,0.000596,0.098837,89.8
2016-08-10,186.438425,186.515283,185.516095,185.866241,57941100,-0.002478,0.089304,89.8
2016-08-11,186.395758,186.97649,186.131018,186.728821,72504300,0.00463,0.078281,89.8
2016-08-12,186.421305,186.78,186.165113,186.566498,61313500,-0.00087,0.070351,89.8
2016-08-15,186.933709,187.454654,186.925173,187.104507,49813500,0.00288,0.070455,89.8
2016-08-16,186.686045,186.754354,186.139481,186.139481,53213600,-0.005171,0.068494,89.8
2016-08-17,186.173706,186.626329,185.336782,186.489685,75134300,0.00188,0.067179,89.8
2016-08-18,186.464085,186.942327,186.353073,186.908173,52989300,0.002242,0.066959,89.8
2016-08-19,186.438393,186.814159,185.951616,186.634811,75443000,-0.001464,0.054196,89.8
2016-08-22,186.395787,186.856959,186.02857,186.626373,61368800,-4.5e-05,0.053687,89.8
2016-08-23,187.241181,187.540089,186.942273,187.00206,53399200,0.002011,0.050263,89.8
2016-08-24,186.856852,186.950793,185.627079,186.045547,71728900,-0.005128,0.052925,89.8
2016-08-25,185.66126,186.335934,185.507545,185.917465,69224800,-0.000689,0.050729,89.8
2016-08-26,186.105397,187.130204,184.679205,185.567368,122506300,-0.001885,0.050901,89.8
2016-08-29,185.695439,186.745865,185.661272,186.481125,70502200,0.004912,0.052228,89.8
2016-08-30,186.395713,186.677537,185.618576,186.173676,58114500,-0.00165,0.052399,89.8
2016-08-31,185.840583,185.960144,184.867015,185.644165,85269500,-0.002848,0.051824,89.8
2016-09-01,185.635672,185.943115,184.491305,185.652756,97844200,4.6e-05,0.050538,91.2
2016-09-02,186.506769,186.916689,185.917501,186.489685,79293900,0.004498,0.050555,91.2
2016-09-06,186.771429,187.130111,186.054066,187.053253,56702100,0.003017,0.050437,91.2
2016-09-07,186.891014,187.215541,186.429856,187.036194,76554900,-9.1e-05,0.050453,91.2
2016-09-08,186.703164,186.976453,186.301779,186.609222,74102900,-0.002285,0.050873,91.2
2016-09-09,185.294067,185.345306,182.117157,182.142776,221589100,-0.024226,0.087317,91.2
2016-09-12,181.382684,185.157397,181.314362,184.756012,168110900,0.014245,0.097147,91.2
2016-09-13,183.47502,183.73976,181.476645,182.100067,182828800,-0.01448,0.105693,91.2
2016-09-14,182.151314,183.355468,181.476654,182.031754,134185500,-0.000375,0.104226,91.2
2016-09-15,181.869508,184.2351,181.690161,183.8508,134427900,0.009943,0.108072,91.2
2016-09-16,183.234507,183.41476,182.453444,183.140091,155236400,-0.003873,0.108541,91.2
2016-09-19,183.792401,184.436142,182.848242,183.174408,80250500,0.000187,0.105568,91.2
2016-09-20,184.032696,184.187187,183.148626,183.182953,69665300,4.7e-05,0.105583,91.2
2016-09-21,183.886786,185.423175,183.200126,185.242935,110284400,0.011183,0.110903,91.2
2016-09-22,186.255726,186.710635,186.006818,186.410217,76678700,0.006282,0.112234,91.2
2016-09-23,186.015426,186.152761,185.294439,185.388855,73630900,-0.005494,0.112516,91.2
2016-09-26,184.5563,184.73654,183.689387,183.88681,89827300,-0.008135,0.114816,91.2
2016-09-27,183.723805,185.12286,183.354719,185.028458,78494800,0.006189,0.116053,91.2
2016-09-28,185.251554,186.101297,184.290238,185.946793,87411000,0.004951,0.116123,91.2
2016-09-29,185.740718,186.14413,183.715079,184.264404,128070600,-0.009089,0.118871,91.2
2016-09-30,185.097021,186.358755,184.848113,185.654938,117202900,0.007518,0.120857,91.2
2016-10-03,185.242958,185.431777,184.573456,185.208618,83512100,-0.002407,0.120972,87.2
2016-10-04,185.320149,185.543308,183.672174,184.264404,119948100,-0.005111,0.121784,87.2
2016-10-05,184.891094,185.509086,184.822426,185.079926,72816000,0.004416,0.122399,87.2
2016-10-06,184.856703,185.431777,184.31597,185.208618,62927400,0.000695,0.121583,87.2
2016-10-07,185.483272,185.654934,183.843875,184.573441,89788300,-0.003435,0.121948,87.2
2016-10-10,185.534821,185.998309,185.388907,185.534821,51855000,0.005195,0.122843,87.2
2016-10-11,185.105641,185.174308,182.462009,183.191574,130367400,-0.01271,0.127251,87.2
2016-10-12,183.328923,183.955507,182.831095,183.431931,73866100,0.001311,0.127326,87.2
2016-10-13,182.101535,183.328929,181.286132,182.8311,101357000,-0.003281,0.127402,87.2
2016-10-14,183.809562,184.273063,182.848246,182.925491,93346200,0.000516,0.127427,87.2
2016-10-17,182.899745,183.157244,182.110091,182.290344,58275700,-0.003478,0.126807,87.2
2016-10-18,183.88684,183.946916,183.054267,183.431931,76869700,0.006243,0.127981,87.2
2016-10-19,183.697968,184.230124,183.337475,183.921127,66519200,0.002663,0.128335,87.2
2016-10-20,183.569243,184.135739,182.916924,183.577835,73639800,-0.001868,0.128292,87.2
2016-10-21,183.577811,183.749473,182.616482,183.663635,89089100,0.000467,0.106857,87.2
2016-10-24,184.539133,184.813802,184.092802,184.444717,60146600,0.004244,0.09915,87.2
2016-10-25,184.264491,184.52199,183.663668,183.826752,66542300,-0.003356,0.089899,87.2
2016-10-26,183.002763,184.041325,182.762421,183.457672,75705500,-0.00201,0.090132,87.2
2016-10-27,184.178636,184.212963,182.891153,182.968399,77220200,-0.002671,0.085659,87.2
2016-10-28,182.942626,183.620694,181.715232,182.427628,140623200,-0.00296,0.085356,87.2
2016-10-31,182.762417,182.985589,182.273181,182.436264,61272500,4.7e-05,0.085352,87.2
2016-11-01,182.762386,182.813896,179.904187,181.11441,122781800,-0.007272,0.087817,93.8
2016-11-02,180.805385,181.19164,179.58657,180.024323,103330800,-0.006037,0.082114,93.8
2016-11-03,180.238938,180.453518,178.925707,179.200363,88939300,-0.004587,0.079803,93.8
2016-11-04,179.311972,180.153123,178.857062,179.002975,109122100,-0.001102,0.078814,93.8
2016-11-07,179.002962,182.985573,179.002962,182.951233,109794900,0.021817,0.100604,93.8
2016-11-08,182.556408,184.341718,182.29033,183.775223,106772100,0.004494,0.099789,93.8
2016-11-09,182.28174,186.34161,182.255991,185.723618,258429000,0.010546,0.103558,93.8
2016-11-10,186.513285,187.380185,184.727974,186.187119,172113300,0.002493,0.100148,93.8
2016-11-11,185.466108,185.998264,184.813789,185.757935,100552700,-0.002308,0.098061,93.8
2016-11-14,186.281503,186.487505,185.157104,185.903839,94580000,0.000785,0.097811,93.8
2016-11-15,186.290108,187.354431,186.084119,187.354431,91652600,0.007773,0.098939,93.8
2016-11-16,186.736425,187.234253,186.61626,187.002502,65617700,-0.00188,0.098485,93.8
2016-11-17,187.157058,188.023958,187.045472,187.963882,69797200,0.005128,0.099455,93.8
2016-11-18,188.032462,188.204124,187.36296,187.543213,86265800,-0.002241,0.099105,93.8
2016-11-21,188.118336,188.985237,187.972423,188.959488,72402600,0.007523,0.10028,93.8
2016-11-22,189.268494,189.508823,188.599004,189.328583,67429000,0.001951,0.09202,93.8
2016-11-23,188.813557,189.483046,188.616146,189.431549,56620200,0.000544,0.092032,93.8
2016-11-25,189.774928,190.169749,189.697669,190.135422,37872300,0.003709,0.091386,93.8
2016-11-28,189.826433,190.101089,189.139773,189.242767,76572500,-0.004706,0.093016,93.8
2016-11-29,189.277087,190.066741,188.976669,189.611832,69886700,0.001948,0.092004,93.8
2016-11-30,190.229839,190.392922,189.096848,189.156937,113291800,-0.002402,0.091388,93.8
2016-12-01,189.457298,189.457298,188.101148,188.461655,79040500,-0.003682,0.092245,98.2
2016-12-02,188.547498,189.045326,188.195583,188.556076,74840300,0.000501,0.091902,98.2
2016-12-05,189.388608,190.032349,189.191198,189.689026,67837800,0.005991,0.093067,98.2
2016-12-06,189.877896,190.324227,189.397238,190.289886,59877400,0.003163,0.092799,98.2
2016-12-07,190.13539,192.839098,190.015226,192.779022,110738100,0.012996,0.098023,98.2
2016-12-08,192.753253,193.723148,192.487163,193.251068,99714400,0.002446,0.097452,98.2
2016-12-09,193.474296,194.435612,193.439956,194.418442,88005800,0.006023,0.097295,98.2
2016-12-12,194.323994,194.804666,193.774669,194.195251,102016100,-0.001149,0.096628,98.2
2016-12-13,194.856183,195.989161,194.839013,195.491333,110477500,0.006652,0.097312,98.2
2016-12-14,195.190901,195.894718,193.439918,193.87767,142501800,-0.008289,0.098222,98.2
2016-12-15,194.118076,195.534301,193.886325,194.67598,124972600,0.004109,0.095118,98.2
2016-12-16,195.132662,195.193105,193.975735,194.295181,156420200,-0.001958,0.093684,98.2
2016-12-19,194.476486,195.141292,194.329713,194.718231,90341100,0.002175,0.093009,98.2
2016-12-20,195.253515,195.616147,195.020412,195.46936,89838800,0.00385,0.073659,98.2
2016-12-21,195.33988,195.512553,194.925461,194.925461,67909000,-0.002786,0.074709,98.2
2016-12-22,194.778675,194.899547,194.191569,194.58873,56219100,-0.001729,0.070825,98.2
2016-12-23,194.631899,194.882286,194.441967,194.873657,36697800,0.001463,0.070769,98.2
2016-12-27,195.141317,195.75431,195.124046,195.357162,42672500,0.002478,0.069874,98.2
2016-12-28,195.616162,195.63342,193.630384,193.742615,64095000,-0.008299,0.075609,98.2
2016-12-29,193.811724,194.165713,193.259161,193.699493,48696100,-0.000223,0.073246,98.2
2016-12-30,194.027494,194.113837,192.300733,192.99144,108998300,-0.003662,0.074055,98.2
2017-01-03,194.295133,194.977211,193.293621,194.467819,91366500,0.007621,0.075585,98.5
2017-01-04,194.795935,195.77156,194.787306,195.624786,78744400,0.005932,0.076123,98.5
2017-01-05,195.35713,195.624776,194.675052,195.46936,78379000,-0.000795,0.074106,98.5
2017-01-06,195.581656,196.634982,195.037722,196.168762,71559900,0.003572,0.07441,98.5
2017-01-09,195.909683,196.047827,195.486621,195.521164,46939700,-0.003307,0.075526,98.5
2017-01-10,195.538422,196.375902,195.132632,195.521164,63771900,0.0,0.075158,98.5
2017-01-11,195.434809,196.073715,194.770002,196.073715,74650000,0.002822,0.073398,98.5
2017-01-12,195.555673,195.771518,194.226073,195.581573,72113200,-0.002513,0.074128,98.5
2017-01-13,195.75429,196.332754,195.719761,196.030579,62717900,0.002293,0.073484,98.5
2017-01-17,195.391629,195.797419,194.95131,195.339828,61240800,-0.00353,0.073397,98.5
2017-01-18,195.59026,195.814748,195.037697,195.771576,54793300,0.002208,0.073424,98.5
2017-01-19,195.849263,195.987407,194.614635,195.046326,66608800,-0.003711,0.073367,98.5
2017-01-20,195.728397,196.25506,195.098133,195.762939,129168600,0.003667,0.073515,98.5
2017-01-23,195.762899,195.823329,194.493728,195.253494,75061600,-0.002606,0.064665,98.5
2017-01-24,195.469426,196.919912,195.357195,196.505493,95555300,0.006392,0.066715,98.5
2017-01-25,197.455103,198.206253,197.291059,198.206253,84437700,0.008618,0.06895,98.5
2017-01-26,198.059514,198.327173,197.722796,197.999084,59970700,-0.001046,0.068927,98.5
2017-01-27,198.076766,198.223539,197.506932,197.688248,59711100,-0.001571,0.066788,98.5
2017-01-30,196.997572,197.023472,195.478027,196.46228,79737300,-0.006221,0.064694,98.5
2017-01-31,195.9701,196.505405,195.400279,196.444962,75880800,-8.8e-05,0.063764,98.5
2017-02-01,196.445034,197.360216,195.935643,196.522736,79117700,0.000396,0.063403,96.3
2017-02-02,196.522676,196.937108,195.831982,196.652191,69657600,0.000659,0.063182,96.3
2017-02-03,197.558803,198.189067,197.247985,198.007751,80563200,0.00687,0.065217,96.3
2017-02-06,197.601947,197.999108,197.31703,197.653748,57790100,-0.001789,0.064853,96.3
2017-02-07,198.042258,198.284004,197.472424,197.662369,57931200,4.4e-05,0.064535,96.3
2017-02-08,197.662385,198.050904,197.118451,197.921402,51566200,0.00131,0.064517,96.3
2017-02-09,197.921383,199.397756,197.921383,199.095581,65955200,0.005915,0.066172,96.3
2017-02-10,199.440937,200.105744,199.112848,199.881256,66015900,0.003938,0.061134,96.3
2017-02-13,200.373381,201.228133,200.347481,200.969116,55182100,0.005428,0.062302,96.3
2017-02-14,200.78775,201.780645,200.442403,201.772003,71109000,0.003987,0.061016,96.3
2017-02-15,201.556177,203.015293,201.504377,202.825348,86785800,0.005207,0.059282,96.3
2017-02-16,202.851284,203.0326,201.901573,202.65271,84722400,-0.000852,0.058025,96.3
2017-02-17,201.987869,202.972122,201.970598,202.972122,77204100,0.001575,0.057732,96.3
2017-02-21,203.343413,204.353566,203.33477,204.180893,88946100,0.005938,0.058951,96.3
2017-02-22,203.775144,204.224093,203.6111,203.999619,62115200,-0.000888,0.0577,96.3
2017-02-23,204.517585,204.534843,203.377916,204.137695,74615900,0.000677,0.057589,96.3
2017-02-24,203.291618,204.439902,203.248446,204.396744,82381600,0.001268,0.05744,96.3
2017-02-27,204.31032,204.888784,204.059946,204.71611,56515400,0.001561,0.056238,96.3
2017-02-28,204.336309,204.578054,203.775117,204.163635,96961900,-0.002702,0.057492,96.3
2017-03-01,205.82131,207.487641,205.804038,207.021408,149158200,0.0139,0.066164,96.9
2017-03-02,206.831468,206.84011,205.665912,205.717712,70246000,-0.006317,0.070341,96.9
2017-03-03,205.631399,206.011289,205.251509,205.847244,81974300,0.000629,0.068568,96.9
2017-03-06,205.052937,205.588229,204.629876,205.234253,55391500,-0.002982,0.06969,96.9
2017-03-07,204.932049,205.286038,204.414015,204.621231,65103700,-0.002991,0.0699,96.9
2017-03-08,204.9148,205.173816,204.103219,204.241364,78168800,-0.001858,0.069031,96.9
2017-03-09,204.362222,204.828455,203.533384,204.500366,90683900,0.001267,0.065442,96.9
2017-03-10,205.45868,205.501851,204.26721,205.216934,81991700,0.003498,0.065507,96.9
2017-03-13,205.156512,205.363728,204.828437,205.320557,57256800,0.000505,0.06502,96.9
2017-03-14,204.776627,204.828441,203.921889,204.534882,59880800,-0.003834,0.062969,96.9
2017-03-15,205.104696,206.727856,204.871579,206.304794,96081800,0.008616,0.06622,96.9
2017-03-16,206.443013,206.520714,205.571003,205.899078,78344000,-0.001969,0.066954,96.9
2017-03-17,206.161769,206.35254,205.53743,205.53743,89002100,-0.001758,0.067598,96.9
2017-03-20,205.537447,205.823604,204.921788,205.311996,52537000,-0.001097,0.065996,96.9
2017-03-21,205.918954,206.040352,202.545792,202.675858,131809300,-0.012923,0.077308,96.9
2017-03-22,202.710567,203.438958,202.086227,203.152802,97569200,0.00235,0.077392,96.9
2017-03-23,203.152804,204.071967,202.563157,202.93602,100410300,-0.001068,0.077592,96.9
2017-03-24,203.239581,203.811881,202.008248,202.788666,112504900,-0.000726,0.076188,96.9
2017-03-27,201.115027,202.840634,200.83755,202.58049,87454500,-0.001027,0.075662,96.9
2017-03-28,202.276993,204.479515,202.164261,204.054626,93483900,0.00725,0.076879,96.9
2017-03-29,203.768447,204.479492,203.542983,204.245361,61950400,0.000934,0.076185,96.9
2017-03-30,204.184691,205.095188,204.011267,204.895737,56737900,0.003179,0.075296,96.9
2017-03-31,204.55754,205.086494,204.366769,204.418808,73733100,-0.00233,0.07562,96.9
2017-04-03,204.470879,204.670317,202.831991,204.063324,85546500,-0.001741,0.075741,97.0
2017-04-04,203.777137,204.280078,203.395595,204.193359,56466200,0.000637,0.073771,97.0
2017-04-05,204.869723,205.849592,203.378247,203.586365,108800600,-0.002977,0.074237,97.0
2017-04-06,203.725108,204.67895,203.28286,204.158676,69135800,0.002807,0.074678,97.0
2017-04-07,203.907217,204.644289,203.464982,203.950577,74412300,-0.00102,0.074636,97.0
2017-04-10,204.089292,204.869709,203.542991,204.071945,67615300,0.000595,0.074504,97.0
2017-04-11,203.690387,203.933184,202.337656,203.829132,88045300,-0.001191,0.074175,97.0
2017-04-12,203.551693,203.742464,202.710569,202.93602,81864400,-0.004391,0.062258,97.0
2017-04-13,202.597804,203.334875,201.617935,201.617935,92880400,-0.006516,0.062418,97.0
2017-04-17,202.138241,203.404266,201.938803,203.404266,68405400,0.008821,0.068153,97.0
2017-04-18,202.667176,203.334875,202.112209,202.797241,83225800,-0.002989,0.068155,97.0
2017-04-19,203.360917,203.73378,202.198944,202.424408,68699900,-0.00184,0.067855,97.0
2017-04-20,203.04005,204.514193,202.719214,204.071945,92572200,0.008106,0.071964,97.0
2017-04-21,203.993914,204.04594,203.022725,203.4216,110389800,-0.003192,0.072426,97.0
2017-04-24,205.667526,205.866977,203.395631,205.658859,119209900,0.010938,0.078649,97.0
2017-04-25,206.300487,207.202303,206.213768,206.855453,76698300,0.005801,0.080381,97.0
2017-04-26,206.820773,207.705256,206.682041,206.725388,84702500,-0.000629,0.079499,97.0
2017-04-27,207.046276,207.202355,206.361231,206.898865,57410300,0.000839,0.075575,97.0
2017-04-28,207.158936,207.184949,206.317813,206.447891,63532800,-0.002182,0.075628,97.0
2017-05-01,206.968185,207.393087,206.551964,206.968185,66882500,0.002517,0.075736,97.1
2017-05-02,207.106927,207.228325,206.638679,207.046234,57375700,0.000377,0.075631,97.1
2017-05-03,207.046292,207.141678,206.118449,206.794815,73137700,-0.001215,0.064692,97.1
2017-05-04,207.098258,207.176297,206.187762,207.037552,61462700,0.001173,0.064516,97.1
2017-05-05,207.410441,207.870023,206.968193,207.852676,62001300,0.003929,0.064996,97.1
2017-05-08,207.896017,208.043429,207.393076,207.817978,48385700,-0.000167,0.064902,97.1
2017-05-09,208.078112,208.27755,207.280335,207.627197,51363200,-0.000918,0.064876,97.1
2017-05-10,207.583824,208.000046,207.375706,208.000046,54293800,0.001794,0.062042,97.1
2017-05-11,207.549121,207.739892,206.491214,207.575134,62358300,-0.002045,0.062518,97.1
2017-05-12,207.323672,207.618496,206.959477,207.228287,53912700,-0.001672,0.062318,97.1
2017-05-15,207.653185,208.494308,207.635838,208.37291,61918900,0.005508,0.063489,97.1
2017-05-16,208.667769,208.693782,207.791966,208.182175,51241800,-0.000916,0.063265,97.1
2017-05-17,208.182187,208.182187,204.427484,204.48819,172174100,-0.017903,0.083062,97.1
2017-05-18,204.410167,206.161787,204.150023,205.311996,107047700,0.004021,0.083323,97.1
2017-05-19,205.797549,207.315038,205.745523,206.647339,115011400,0.006483,0.084956,97.1
2017-05-22,207.15896,207.861352,207.089601,207.696594,61010600,0.005065,0.085895,97.1
2017-05-23,208.0695,208.320978,207.687958,208.156219,48341700,0.002211,0.086021,97.1
2017-05-24,208.390306,208.745822,208.05211,208.641769,46927700,0.00233,0.085967,97.1
2017-05-25,209.153383,209.916467,208.945278,209.638977,64071700,0.004768,0.085278,97.1
2017-05-26,209.448187,209.760356,209.370148,209.595612,46629900,-0.000207,0.0823,97.1
2017-05-30,209.274768,209.664977,209.11869,209.413513,35201900,-0.000869,0.079337,97.1
2017-05-31,209.708345,209.743038,208.667784,209.361496,91796000,-0.000248,0.078543,97.1
2017-06-01,209.821048,211.043714,209.534891,211.026367,68962000,0.007921,0.08048,95.0
2017-06-02,211.078453,211.884897,210.78363,211.728806,88666100,0.003323,0.07817,95.0
2017-06-05,211.555346,211.841503,211.373242,211.572693,44698800,-0.000738,0.077283,95.0
2017-06-06,211.009035,211.564002,210.818264,210.896317,50375400,-0.003202,0.072705,95.0
2017-06-07,211.234519,211.511996,210.56682,211.286545,54144300,0.001849,0.071248,95.0
2017-06-08,211.381897,211.867492,210.86161,211.390564,65950700,0.000492,0.07114,95.0
2017-06-09,211.659379,212.457143,209.803707,211.069733,132256400,-0.001519,0.07144,95.0
2017-06-12,210.826929,211.078393,210.176577,211.026367,86108100,-0.000205,0.070984,95.0
2017-06-13,211.563999,212.110299,211.21715,212.058273,60067000,0.004878,0.071825,95.0
2017-06-14,212.327064,212.335731,210.965654,211.789444,78602300,-0.001269,0.072069,95.0
2017-06-15,210.436754,211.503341,210.159277,211.381943,66464900,-0.001926,0.072267,95.0
2017-06-16,211.541337,211.593616,210.547981,211.428055,84553100,0.000218,0.072269,95.0
2017-06-19,212.255865,213.249221,212.160014,213.188232,65123800,0.008291,0.075016,95.0
2017-06-20,212.831001,212.83971,211.733086,211.750504,56906400,-0.006767,0.078162,95.0
2017-06-21,212.142586,212.255854,211.22765,211.698181,55977600,-0.000247,0.078071,95.0
2017-06-22,211.70699,212.203661,211.428147,211.602417,44148100,-0.000452,0.078056,95.0
2017-06-23,211.66334,212.186151,211.279937,211.855042,66986800,0.001193,0.077676,95.0
2017-06-26,212.52601,212.944275,211.785357,211.994476,56700500,0.000658,0.077356,95.0
2017-06-27,211.776649,212.072923,210.26919,210.286621,82247700,-0.008089,0.08009,95.0
2017-06-28,211.306151,212.369218,211.070879,212.168808,70042600,0.008911,0.083768,95.0
2017-06-29,212.316852,212.369132,209.092804,210.304001,106949700,-0.008828,0.069176,95.0
2017-06-30,211.114388,211.489082,210.504435,210.696136,86820700,0.001863,0.068621,95.0
2017-07-03,211.63728,212.072963,211.053467,211.053467,39153800,0.001695,0.066586,93.4
2017-07-05,211.419422,211.750532,210.609045,211.541412,54427600,0.002309,0.065487,93.4
2017-07-06,210.77456,210.896551,209.423941,209.606934,65400800,-0.009187,0.071155,93.4
2017-07-07,210.182085,211.114439,209.615689,210.966309,57972300,0.006464,0.073194,93.4
2017-07-10,210.966275,211.567519,210.661292,211.192825,36663300,0.001073,0.072039,93.4
2017-07-11,211.192835,211.349688,209.868369,211.035995,50354600,-0.000743,0.072085,93.4
2017-07-12,212.003195,212.787418,212.003195,212.621857,59610400,0.007487,0.074989,93.4
2017-07-13,212.630585,213.092408,212.404022,212.979126,39471600,0.001679,0.075028,93.4
2017-07-14,212.979148,214.329767,212.883297,213.972504,60262700,0.004653,0.072812,93.4
2017-07-17,213.894086,214.277488,213.772095,213.946365,33531900,-0.000122,0.072318,93.4
2017-07-18,213.536792,214.111896,213.19696,214.059616,42742500,0.000529,0.072246,93.4
2017-07-19,214.373311,215.227245,214.364589,215.218536,51034300,0.005399,0.072829,93.4
2017-07-20,215.471216,215.593207,214.765412,215.314377,47135200,0.000445,0.072747,93.4
2017-07-21,214.739339,215.148882,214.512775,215.122742,82340800,-0.00089,0.07288,93.4
2017-07-24,215.044236,215.209797,214.599844,215.070389,46622300,-0.000243,0.072653,93.4
2017-07-25,215.819797,215.92437,215.366696,215.593246,54915600,0.002428,0.072792,93.4
2017-07-26,215.880803,215.915651,215.34056,215.601959,47575400,4e-05,0.07173,93.4
2017-07-27,216.063812,216.098661,214.077086,215.401566,70766600,-0.00093,0.071662,93.4
2017-07-28,214.92224,215.279503,214.46914,215.148804,50088400,-0.001174,0.071468,93.4
2017-07-31,215.549651,215.645502,214.817708,215.02684,65838700,-0.000567,0.071539,93.4
2017-08-01,215.628079,215.662928,214.983264,215.506088,55050400,0.002226,0.067914,96.8
2017-08-02,215.636781,215.750063,214.678274,215.610641,47211200,0.000485,0.064465,96.8
2017-08-03,215.497353,215.523493,214.91354,215.192383,40856000,-0.001942,0.064845,96.8
2017-08-04,215.6804,215.915659,215.201146,215.584549,60191800,0.001821,0.064876,96.8
2017-08-07,215.654272,215.985382,215.549699,215.985382,31995000,0.001858,0.064955,96.8
2017-08-08,215.671653,216.891573,215.079131,215.453812,61719400,-0.002464,0.065577,96.8
2017-08-09,214.76545,215.497394,214.408187,215.445114,62632600,-4e-05,0.060312,96.8
2017-08-10,214.608637,214.73935,212.351803,212.404083,120479500,-0.014216,0.06981,96.8
2017-08-11,212.630569,213.310232,212.395296,212.717697,74869900,0.001475,0.064635,96.8
2017-08-14,213.998637,215.044273,213.963788,214.826431,73291900,0.009864,0.070155,96.8
2017-08-15,215.20979,215.227221,214.495277,214.800247,55242700,-0.000122,0.070117,96.8
2017-08-16,215.323073,215.723906,214.747968,215.174942,56715500,0.001743,0.070015,96.8
2017-08-17,214.564968,214.87866,211.82016,211.82016,128490400,-0.015714,0.07979,96.8
2017-08-18,211.654623,212.778692,211.04467,211.489075,136748000,-0.001564,0.077812,96.8
2017-08-21,211.428128,211.916091,210.722324,211.654678,65469700,0.000783,0.077785,96.8
2017-08-22,212.238471,214.024759,212.22104,213.86792,63140100,0.010403,0.083282,96.8
2017-08-23,212.90071,213.528094,212.752579,213.10112,50203800,-0.003592,0.081308,96.8
2017-08-24,213.484521,213.64136,212.395314,212.604446,50741700,-0.002333,0.081452,96.8
2017-08-25,213.397381,214.016056,212.952989,213.10112,64445900,0.002333,0.080558,96.8
2017-08-28,213.632644,213.658784,212.691568,213.109833,40565600,4.1e-05,0.08056,96.8
2017-08-29,211.794054,213.615205,211.680772,213.353806,51135700,0.001144,0.080623,96.8
2017-08-30,213.336389,214.634728,213.153396,214.364594,62030800,0.004726,0.080246,96.8
2017-08-31,214.983266,215.898202,214.399452,215.654221,103803900,0.005998,0.082184,96.8
2017-09-01,216.028924,216.386187,215.811083,215.959213,62007000,0.001413,0.082225,95.1
2017-09-05,215.453808,215.680372,213.440956,214.408173,91398800,-0.007208,0.084933,95.1
2017-09-06,215.087826,215.471229,214.556293,215.140106,57916900,0.003408,0.085233,95.1
2017-09-07,215.445106,215.462537,214.70444,215.113983,58034700,-0.000121,0.085233,95.1
2017-09-08,214.826436,215.32312,214.617316,214.861298,63832800,-0.001175,0.085257,95.1
2017-09-11,216.133475,217.231404,216.116058,217.152985,71364800,0.010609,0.090619,95.1
2017-09-12,217.518931,217.919752,217.335939,217.884903,56896000,0.003365,0.091005,95.1
2017-09-13,217.597375,218.024349,217.484093,217.989487,59228000,0.00048,0.090847,95.1
2017-09-14,217.667094,218.120208,217.492824,217.919785,95446300,-0.00032,0.090869,95.1
2017-09-15,217.775275,218.30068,217.670196,218.21312,95432400,0.001345,0.090647,95.1
2017-09-18,218.580904,219.027501,218.291925,218.677231,46235200,0.002125,0.09069,95.1
2017-09-19,218.922418,218.983723,218.572148,218.896149,47108100,0.001001,0.090611,95.1
2017-09-20,218.983787,219.088865,217.976735,218.975021,59574100,0.00036,0.090191,95.1
2017-09-21,218.817368,218.904929,218.21314,218.388275,48211400,-0.002683,0.090663,95.1
2017-09-22,218.090519,218.598421,218.064249,218.432037,51214000,0.0002,0.079313,95.1
2017-09-25,218.178081,218.528365,217.2411,217.985428,57064400,-0.002047,0.079759,95.1
2017-09-26,218.414507,218.659699,217.880336,218.116776,54082000,0.000602,0.075004,95.1
2017-09-27,218.817367,219.351538,217.932911,218.966232,81001400,0.003887,0.075609,95.1
2017-09-28,218.686037,219.307782,218.598476,219.228973,44778800,0.001199,0.075557,95.1
2017-09-29,219.220179,220.078364,219.036291,219.999542,85578000,0.003509,0.057925,95.1
2017-10-02,220.227277,220.954102,220.052129,220.954102,59023000,0.00433,0.057944,100.7
2017-10-03,220.954059,221.453195,220.875237,221.426926,66810200,0.002138,0.057939,100.7
2017-10-04,221.27803,221.934798,221.164187,221.689606,55953600,0.001186,0.051432,100.7
2017-10-05,222.022392,223.020678,221.724661,223.003174,63522800,0.005908,0.051113,100.7
2017-10-06,222.556538,223.03817,222.293842,222.749191,80646000,-0.00114,0.050445,100.7
2017-10-09,222.976885,223.038176,222.118699,222.381409,35803100,-0.001652,0.051227,100.7
2017-10-10,222.950635,223.344693,222.407699,222.96814,43057400,0.002635,0.051171,100.7
2017-10-11,222.871841,223.318451,222.705471,223.318451,47674300,0.00157,0.05116,100.7
2017-10-12,223.003144,223.353414,222.749186,222.985626,47065100,-0.001491,0.050949,100.7
2017-10-13,223.423509,223.537353,222.985664,223.257126,54800400,0.001217,0.048975,100.7
2017-10-16,223.484781,223.747478,223.143263,223.554825,38221700,0.001333,0.048972,100.7
2017-10-17,223.502339,223.756296,223.283416,223.712509,31561000,0.000705,0.042125,100.7
2017-10-18,224.088999,224.132786,223.738728,223.931381,40888300,0.000978,0.041713,100.7
2017-10-19,223.152036,224.027726,222.731709,223.992691,61903800,0.000274,0.041609,100.7
2017-10-20,224.789596,225.174902,223.975198,225.148605,89176400,0.005147,0.042306,100.7
2017-10-23,225.472606,225.498875,224.194079,224.272888,63915300,-0.003897,0.035718,100.7
2017-10-24,224.702012,224.903404,224.307941,224.666977,66935900,0.001756,0.035121,100.7
2017-10-25,224.334188,224.448032,222.425191,223.554825,103715300,-0.004963,0.03916,100.7
2017-10-26,224.16781,224.439258,223.7212,223.843796,69798000,0.001292,0.039024,100.7
2017-10-27,224.588149,225.83164,223.852573,225.673996,85562500,0.008143,0.044321,100.7
2017-10-30,224.588167,225.5777,224.535627,224.833359,54285700,-0.003732,0.046371,100.7
2017-10-31,225.209863,225.437551,224.885862,225.183594,60304800,0.001557,0.046407,100.7
2017-11-01,225.962969,226.304474,225.113549,225.481323,54202700,0.001321,0.046385,98.5
2017-11-02,225.411291,225.709022,224.342948,225.568909,56449500,0.000388,0.045117,98.5
2017-11-03,225.726502,226.365765,225.314927,226.321991,59589700,0.003333,0.045499,98.5
2017-11-06,226.190672,226.803666,226.120629,226.672318,49652600,0.001547,0.044463,98.5
2017-11-07,226.777375,227.110142,226.006764,226.514679,57502200,-0.000696,0.044798,98.5
2017-11-08,226.339566,226.996334,226.059339,226.899994,50469600,0.0017,0.044127,98.5
2017-11-09,225.691507,226.269466,224.49179,226.076813,95085500,-0.003635,0.046286,98.5
2017-11-10,225.691524,226.181908,225.376262,226.00676,59984700,-0.00031,0.045826,98.5
2017-11-13,225.323771,226.444653,225.288736,226.216965,50228600,0.00093,0.044658,98.5
2017-11-14,225.411301,225.796607,224.631924,225.691528,61315200,-0.002325,0.045351,98.5
2017-11-15,224.719492,225.244911,223.852568,224.561874,80811500,-0.005018,0.048174,98.5
2017-11-16,225.507577,226.838642,225.463803,226.47084,67777000,0.008465,0.051178,98.5
2017-11-17,226.120652,226.444653,225.726581,225.805389,75756800,-0.002943,0.051945,98.5
2017-11-20,226.050587,226.383327,225.805368,226.190674,48075500,0.001705,0.051672,98.5
2017-11-21,226.961226,227.854446,226.155606,227.670532,69176800,0.006521,0.054191,98.5
2017-11-22,227.679319,227.810667,227.302779,227.469162,45033400,-0.000885,0.054314,98.5
2017-11-24,227.95959,228.099704,227.819476,227.994598,27856500,0.002307,0.05415,98.5
2017-11-27,228.038386,228.336117,227.67935,227.880768,52274900,-0.000499,0.054247,98.5
2017-11-28,228.344873,230.218836,228.248534,230.192566,98971700,0.010094,0.060715,98.5
2017-11-29,230.323952,230.858137,229.605907,230.05249,77512100,-0.000609,0.060885,98.5
2017-11-30,230.971931,232.977242,230.893123,232.066544,127894400,0.008717,0.064933,98.5
2017-12-01,231.847623,232.329242,228.344864,231.5849,164390900,-0.002078,0.065576,95.9
2017-12-04,233.204904,233.633983,231.252106,231.304672,94040600,-0.001211,0.064759,95.9
2017-12-05,230.472809,232.189153,230.341461,230.472809,77994500,-0.003603,0.064575,95.9
2017-12-06,230.56911,230.945677,230.052457,230.516571,75898600,0.00019,0.064556,95.9
2017-12-07,231.243408,231.558644,230.253874,231.243408,77218600,0.003148,0.062448,95.9
2017-12-08,232.197867,232.513103,231.208334,232.504364,76563900,0.005438,0.063687,95.9
2017-12-11,233.204941,233.266245,232.47813,233.204941,83077500,0.003009,0.060529,95.9
2017-12-12,233.993041,234.089381,233.239961,233.616501,85195800,0.001763,0.058793,95.9
2017-12-13,233.861717,234.299562,233.502681,233.590256,102905400,-0.000112,0.058922,95.9
2017-12-14,233.887926,234.00177,232.583157,232.635696,100666700,-0.004095,0.060901,95.9
2017-12-15,233.640024,235.039485,233.587217,234.572998,144610300,0.008293,0.064375,95.9
2017-12-18,235.972464,236.412547,235.866848,236.060486,83653600,0.006321,0.06576,95.9
2017-12-19,236.306946,236.350943,235.083502,235.153931,82382900,-0.003848,0.067495,95.9
2017-12-20,236.122067,236.174875,234.731417,235.03067,76751500,-0.000524,0.067454,95.9
2017-12-21,235.655631,236.22776,235.268356,235.514801,67032300,0.002058,0.067484,95.9
2017-12-22,235.532352,235.567566,234.916225,235.45314,78720900,-0.000262,0.066059,95.9
2017-12-26,235.048303,235.391581,234.9075,235.171539,45244400,-0.001197,0.066302,95.9
2017-12-27,235.338696,235.64676,235.013039,235.285889,57751000,0.000486,0.066338,95.9
2017-12-28,235.787655,235.814059,235.40038,235.770035,45116100,0.002056,0.065461,95.9
2017-12-29,236.350916,236.36851,234.687417,234.881027,96007400,-0.003778,0.064486,95.9
2018-01-02,235.743632,236.597394,235.356357,236.56218,86655700,0.007132,0.063341,95.7
2018-01-03,236.729367,238.208066,236.729367,238.058426,90070400,0.006305,0.063434,95.7
2018-01-04,238.701015,239.545967,238.120102,239.061859,80636400,0.004206,0.063828,95.7
2018-01-05,239.853984,240.778147,239.361093,240.654938,83524000,0.006642,0.063906,95.7
2018-01-08,240.558117,241.253455,240.267674,241.095032,57319200,0.001827,0.063379,95.7
2018-01-09,241.517541,242.265688,241.235882,241.640778,57254000,0.002261,0.063377,95.7
2018-01-10,240.883721,241.535062,240.214813,241.270996,69574300,-0.001531,0.063791,95.7
2018-01-11,241.825534,243.031357,241.6583,243.031357,62361500,0.00727,0.061109,95.7
2018-01-12,243.295428,244.782884,242.996148,244.615677,90816100,0.006498,0.062128,95.7
2018-01-16,245.874355,246.52567,243.084218,243.779556,106555100,-0.003424,0.06075,95.7
2018-01-17,244.712545,246.49047,243.779571,246.103195,113258800,0.009487,0.063768,95.7
2018-01-18,245.988813,246.411276,245.196642,245.68956,100728000,-0.001682,0.063991,95.7
2018-01-19,246.270382,246.807297,245.689496,246.807297,140920100,0.004539,0.062107,95.7
2018-01-22,246.596033,248.814041,246.543199,248.814041,91322400,0.008098,0.063992,95.7
2018-01-23,248.858117,249.632667,248.53246,249.342224,97084700,0.002121,0.063977,95.7
2018-01-24,249.984697,250.583231,248.065942,249.245361,134816100,-0.000389,0.06389,95.7
2018-01-25,250.107893,250.204699,248.558793,249.350937,84587300,0.000423,0.064086,95.7
2018-01-26,250.187095,252.281894,249.931839,252.237869,107743100,0.011511,0.069469,95.7
2018-01-29,251.665805,252.105888,250.407174,250.565598,90118300,-0.006652,0.074084,95.7
2018-01-30,248.734881,250.618422,247.520247,247.995544,131796400,-0.01031,0.080671,95.7
2018-01-31,248.849251,249.350925,247.044895,248.118698,108364800,0.000496,0.078635,95.7
2018-02-01,247.388185,249.139706,247.044908,247.837051,90102500,-0.001136,0.077935,99.7
2018-02-02,246.516842,246.648888,242.406482,242.441696,173174800,-0.02201,0.102818,99.7
2018-02-05,240.681398,242.793791,231.756502,232.3022,294681800,-0.042722,0.163278,99.7
2018-02-06,228.790317,237.380745,227.69892,236.879044,355026800,0.019511,0.173091,99.7
2018-02-07,236.324505,239.721932,235.51474,235.593979,167376100,-0.00544,0.173858,99.7
2018-02-08,235.893267,236.034097,226.721927,226.757141,246449500,-0.03823,0.206229,99.7
2018-02-09,229.547249,232.020513,222.611551,230.163376,283565300,0.01491,0.211433,99.7
2018-02-12,232.214139,235.013086,230.304194,233.543198,143736000,0.014578,0.215936,99.7
2018-02-13,232.337425,234.669859,231.756512,234.124161,81223600,0.002485,0.215826,99.7
2018-02-14,232.636616,237.644761,232.627805,237.28389,120735700,0.013406,0.218405,99.7
2018-02-15,239.026626,240.320471,236.562146,240.311661,111200300,0.012679,0.220748,99.7
2018-02-16,239.686768,242.327266,239.642744,240.38208,160420100,0.000293,0.220439,99.7
2018-02-20,239.431477,240.874962,238.084825,238.876968,86369700,-0.006281,0.220331,99.7
2018-02-21,239.317063,241.799137,237.591946,237.688751,98883700,-0.004987,0.220658,99.7
2018-02-22,238.612938,240.329245,237.327903,237.996811,110511300,0.001295,0.220572,99.7
2018-02-23,239.22026,241.790329,238.744963,241.790329,92766400,0.015814,0.225544,99.7
2018-02-26,242.86408,244.694839,242.274384,244.598007,86491400,0.011545,0.227065,99.7
2018-02-27,244.782934,245.495893,241.482312,241.54393,99099200,-0.012565,0.229193,99.7
2018-02-28,242.644098,243.092991,238.780184,239.097031,121907800,-0.010182,0.230793,99.7
2018-03-01,238.885799,240.4349,234.124099,235.620392,176855100,-0.014647,0.232181,101.4
2018-03-02,233.948079,237.398341,233.085534,236.835022,139083200,0.005142,0.232963,101.4
2018-03-05,235.64681,240.188469,235.541167,239.572342,97307400,0.011492,0.235317,101.4
2018-03-06,240.549296,240.628535,238.683349,240.179642,79213200,0.002532,0.233998,101.4
2018-03-07,238.014451,240.44369,237.820813,240.091629,87063500,-0.000367,0.233804,101.4
2018-03-08,240.769296,241.376612,239.774731,241.253403,66901200,0.004827,0.234461,101.4
2018-03-09,242.661687,245.451797,242.344814,245.451797,113625300,0.017253,0.240401,101.4
2018-03-12,245.742378,246.367288,244.756569,245.143845,71924800,-0.001255,0.237679,101.4
2018-03-13,246.305561,246.807262,242.952132,243.559448,91968900,-0.006484,0.237644,101.4
2018-03-14,244.518902,244.70373,241.755195,242.309677,105895100,-0.005144,0.236343,101.4
2018-03-15,242.820189,243.462693,241.543938,242.045639,83433000,-0.00109,0.236314,101.4
2018-03-16,242.573202,243.3597,242.255086,242.308105,100343700,0.001084,0.236376,101.4
2018-03-19,241.556957,242.484822,237.377089,239.029587,109208400,-0.013623,0.231011,101.4
2018-03-20,239.427251,240.072355,238.755637,239.436096,59757300,0.001699,0.193194,101.4
2018-03-21,239.391868,241.486211,238.764455,238.976532,78709600,-0.001921,0.185178,101.4
2018-03-22,236.749649,237.597984,232.728839,233.002808,148785900,-0.025315,0.198971,101.4
2018-03-23,233.444634,233.771595,227.84201,228.036423,183534800,-0.021545,0.175923,101.4
2018-03-26,231.641857,234.558026,229.238217,234.275238,141956100,0.026991,0.187793,101.4
2018-03-27,235.212021,235.742214,228.734551,230.289856,129941400,-0.017158,0.189767,101.4
2018-03-28,230.422428,232.092617,228.504807,229.609421,146452300,-0.002959,0.189687,101.4
2018-03-29,230.749382,234.407876,229.618259,232.543274,111601600,0.012697,0.189241,101.4
2018-04-02,232.013126,232.525683,225.049649,227.523987,186286300,-0.021821,0.194434,98.8
2018-04-03,228.761056,230.917264,226.967165,230.440063,119956900,0.012735,0.198903,98.8
2018-04-04,226.88766,233.612536,226.755112,232.905594,123715300,0.010642,0.201333,98.8
2018-04-05,234.664127,235.627374,233.577204,234.743683,82652600,0.007861,0.202476,98.8
2018-04-06,232.781905,234.275318,227.992288,229.512238,179521200,-0.022538,0.212272,98.8
2018-04-09,230.970272,234.03668,229.7066,230.643311,105442900,0.004916,0.20696,98.8
2018-04-10,233.533032,235.097182,232.39309,234.310684,103529000,0.015776,0.209636,98.8
2018-04-11,232.826089,234.74371,232.755406,233.082367,91140200,-0.005256,0.207321,98.8
2018-04-12,234.407896,235.94551,234.231147,234.999954,68890500,0.008193,0.207235,98.8
2018-04-13,236.307835,236.422719,233.30329,234.310684,85079200,-0.002937,0.203063,98.8
2018-04-16,235.9455,237.00594,235.123674,236.237106,63405300,0.008188,0.203947,98.8
2018-04-17,238.004523,239.365415,237.491994,238.764511,64682000,0.010642,0.203543,98.8
2018-04-18,239.206243,239.745282,238.48161,238.941147,57303900,0.00074,0.203407,98.8
2018-04-19,238.287218,238.490476,236.581701,237.615631,77655900,-0.005563,0.204006,98.8
2018-04-20,237.544946,237.765868,234.717124,235.600815,99953100,-0.008515,0.20473,98.8
2018-04-23,236.175255,236.731985,234.487402,235.565506,65558000,-0.00015,0.197488,98.8
2018-04-24,236.590568,236.81149,230.890751,232.393036,112885500,-0.013559,0.20062,98.8
2018-04-25,232.331225,233.409329,230.510823,232.967484,103840900,0.002469,0.200474,98.8
2018-04-26,233.992539,236.166411,233.550693,235.335739,67731900,0.010114,0.202915,98.8
2018-04-27,235.945421,236.245873,234.619885,235.556595,57053600,0.000938,0.20299,98.8
2018-04-30,236.175237,236.731966,233.674376,233.745087,82182300,-0.00772,0.203842,98.8
2018-05-01,233.179566,234.266515,231.624261,234.160477,74203400,0.001776,0.200546,98.0
2018-05-02,233.965973,234.778953,232.198592,232.587418,86368900,-0.006741,0.201164,98.0
2018-05-03,231.756851,232.728889,228.920183,232.074966,136311500,-0.002206,0.201178,98.0
2018-05-04,231.102888,235.759958,230.775927,235.079498,91222100,0.012863,0.191226,98.0
2018-05-07,235.848261,236.846809,235.158957,235.874771,55304900,0.003377,0.179791,98.0
2018-05-08,235.503609,236.237061,234.310621,235.874771,67499200,0.0,0.162209,98.0
2018-05-09,236.54637,238.481655,236.024995,238.154694,59666100,0.009619,0.155706,98.0
2018-05-10,238.897028,240.708611,238.790989,240.381622,72063900,0.009307,0.156967,98.0
2018-05-11,240.505333,241.380178,239.992777,241.115082,59871500,0.003047,0.153453,98.0
2018-05-14,241.548096,242.202019,240.682069,241.22998,54790600,0.000476,0.137116,98.0
2018-05-15,240.001588,240.019252,238.623033,239.568588,87036100,-0.006911,0.135501,98.0
2018-05-16,239.60395,241.035525,239.577414,240.575989,53942600,0.004196,0.1329,98.0
2018-05-17,240.310938,241.450907,239.59515,240.372803,56536400,-0.000845,0.131427,98.0
2018-05-18,240.028113,240.39043,239.418364,239.771835,64368000,-0.002503,0.111903,98.0
2018-05-21,241.256515,242.113696,240.867689,241.574631,58025900,0.007491,0.112839,98.0
2018-05-22,242.096004,242.352281,240.576054,240.903015,52966400,-0.002784,0.10505,98.0
2018-05-23,239.630522,241.592317,239.471437,241.565781,64694200,0.002747,0.103508,98.0
2018-05-24,241.168082,241.442024,239.285816,241.070862,76043800,-0.002051,0.101729,98.0
2018-05-25,240.496475,241.123888,239.992765,240.496475,56374800,-0.002385,0.101563,98.0
2018-05-29,238.870529,239.630518,236.617128,237.73056,115908600,-0.011568,0.105263,98.0
2018-05-30,239.03844,241.344861,238.967756,240.903015,69678400,0.013256,0.107758,98.0
2018-05-31,240.496459,240.79691,238.826297,239.4272,93519900,-0.006145,0.109348,98.0
2018-06-01,240.726253,242.078299,240.655543,241.777847,71258400,0.00977,0.111496,98.2
2018-06-04,242.59969,243.182929,242.361103,242.926651,45385200,0.00474,0.108685,98.2
2018-06-05,243.059239,243.48342,242.290432,243.103439,51135000,0.000727,0.108632,98.2
2018-06-06,243.71315,245.241918,243.094555,245.13588,62732200,0.008326,0.10133,98.2
2018-06-07,245.621931,245.913537,244.199174,245.109375,72969400,-0.000108,0.101452,98.2
2018-06-08,244.649902,245.887065,244.481999,245.834045,72139700,0.002952,0.098363,98.2
2018-06-11,246.054926,246.876753,245.940042,246.160965,58892500,0.001329,0.098352,98.2
2018-06-12,246.576243,246.841339,245.833946,246.47905,72329000,0.001291,0.094426,98.2
2018-06-13,246.717574,246.973852,245.489231,245.69249,79070600,-0.003196,0.095516,98.2
2018-06-14,246.55859,246.84135,245.719072,246.311157,77097600,0.002515,0.0922,98.2
2018-06-15,245.52646,246.334232,244.416886,245.996918,120041600,-0.001277,0.091878,98.2
2018-06-18,244.54115,245.615237,244.061834,245.490952,52917600,-0.002059,0.086486,98.2
2018-06-19,243.21856,244.771964,242.80136,244.550049,97531500,-0.00384,0.087607,98.2
2018-06-20,245.233572,245.633029,244.62997,244.967285,53785500,0.001705,0.087542,98.2
2018-06-21,244.958385,244.976155,242.934523,243.43161,71061400,-0.006289,0.086478,98.2
2018-06-22,244.69207,244.80747,243.653497,243.875412,54898500,0.001821,0.082664,98.2
2018-06-25,242.721524,242.881296,238.869087,240.555634,137854200,-0.013706,0.091891,98.2
2018-06-26,241.12374,241.940372,240.369225,241.088226,68547400,0.002212,0.092119,98.2
2018-06-27,241.674002,243.10312,238.939998,239.090912,105110700,-0.008319,0.093119,98.2
2018-06-28,239.037748,241.221382,238.327604,240.458008,76650500,0.005702,0.093818,98.2
2018-06-29,241.549784,242.916786,240.688753,240.804153,97592500,0.001438,0.093876,98.2
2018-07-02,239.232978,241.478754,238.993292,241.318954,63554800,0.002136,0.093738,97.9
2018-07-03,242.215532,242.313189,240.040784,240.466843,42187100,-0.003537,0.091727,97.9
2018-07-05,241.594184,242.490701,240.520097,242.428558,56925900,0.008125,0.094417,97.9
2018-07-06,242.455203,244.851867,242.073489,244.479065,66493700,0.008423,0.097136,97.9
2018-07-09,245.482029,246.733632,245.437657,246.680374,50550400,0.008964,0.099927,97.9
2018-07-10,247.133156,247.665757,246.840213,247.5681,51966800,0.003592,0.09979,97.9
2018-07-11,246.014722,246.804752,245.455493,245.757294,77054700,-0.007341,0.095852,97.9
2018-07-12,247.0177,248.038502,246.414098,247.985245,60124700,0.009025,0.091894,97.9
2018-07-13,247.807771,248.482373,247.355056,248.180573,48216000,0.000787,0.089395,97.9
2018-07-16,248.225008,248.36701,247.514865,247.958694,48201000,-0.000894,0.085778,97.9
2018-07-17,247.186458,249.352349,247.133201,248.961777,52315500,0.004037,0.085524,97.9
2018-07-18,249.041629,249.591973,248.597799,249.485458,44593500,0.002101,0.085604,97.9
2018-07-19,248.819728,249.201415,248.065212,248.544556,61412100,-0.003779,0.083601,97.9
2018-07-20,248.340384,248.970642,248.100726,248.260498,82337700,-0.001144,0.083716,97.9
2018-07-23,248.056408,248.926297,247.710208,248.722153,47047600,0.001858,0.083488,97.9
2018-07-24,250.133508,250.816996,249.10382,249.973709,68026900,0.005019,0.084528,97.9
2018-07-25,249.725103,252.423594,249.680731,252.10405,78882900,0.008486,0.08762,97.9
2018-07-26,251.385111,252.192857,251.287454,251.509369,57919500,-0.002362,0.087326,97.9
2018-07-27,251.837697,251.935353,248.881805,249.804977,76768700,-0.0068,0.089854,97.9
2018-07-30,249.884822,250.044594,247.976334,248.500076,63742500,-0.005237,0.091245,97.9
2018-07-31,249.263509,250.337569,248.881823,249.725082,68570500,0.004917,0.091891,97.9
2018-08-01,249.92934,250.435313,248.659994,249.307968,53853300,-0.001672,0.091199,96.2
2018-08-02,248.003069,250.834676,247.798898,250.666046,63426400,0.005433,0.092211,96.2
2018-08-03,250.790326,251.793385,250.612783,251.740128,53935400,0.004276,0.09025,96.2
2018-08-06,251.775686,252.974004,251.385114,252.663345,39400900,0.003661,0.090531,96.2
2018-08-07,253.329096,253.879441,253.195926,253.497726,43196600,0.003297,0.078902,96.2
2018-08-08,253.328982,253.790555,252.929525,253.391098,42114600,-0.000421,0.079135,96.2
2018-08-09,253.453344,253.843917,252.911885,253.045029,35717000,-0.001367,0.073911,96.2
2018-08-10,251.607053,252.148513,250.639481,251.349625,77076000,-0.006723,0.077049,96.2
2018-08-13,251.624734,252.237221,250.115703,250.408646,65732900,-0.003751,0.078525,96.2
2018-08-14,251.136566,252.24614,250.745994,252.006454,43842000,0.006361,0.079858,96.2
2018-08-15,250.657158,250.799187,248.686554,250.124557,102925400,-0.007496,0.082774,96.2
2018-08-16,251.562594,253.018368,251.527081,252.148453,69967900,0.008059,0.082727,96.2
2018-08-17,251.944287,253.479947,251.535971,253.036118,65618500,0.003514,0.080246,96.2
2018-08-20,253.488865,253.843924,253.03615,253.577637,39807500,0.002138,0.076834,96.2
2018-08-21,254.092401,255.033317,253.613057,254.172287,67272000,0.002342,0.076541,96.2
2018-08-22,253.763949,254.545093,253.497635,254.021378,44993300,-0.000594,0.072645,96.2
2018-08-23,253.843824,254.704854,253.36448,253.684052,49204900,-0.001329,0.068936,96.2
2018-08-24,254.260999,255.352829,254.207741,255.2108,57487400,0.006,0.070591,96.2
2018-08-27,256.409233,257.332406,256.249461,257.225891,57072400,0.007865,0.073142,96.2
2018-08-28,257.687385,257.793927,256.888498,257.350098,46943500,0.000483,0.072677,96.2
2018-08-29,257.563177,258.965667,257.323519,258.734894,61485500,0.005367,0.073676,96.2
2018-08-30,258.255584,258.628386,257.092753,257.687469,61229500,-0.004056,0.073844,96.2
2018-08-31,257.279088,258.140119,256.790887,257.696289,66140800,3.4e-05,0.073597,96.2
2018-09-04,257.279009,257.607438,256.249322,257.25238,57594400,-0.001724,0.074068,100.1
2018-09-05,256.897465,257.101636,255.548233,256.56015,72452400,-0.002694,0.073916,100.1
2018-09-06,256.666677,256.968478,254.758215,255.787903,65909900,-0.003015,0.071076,100.1
2018-09-07,254.740412,256.267187,254.500727,255.290756,73524800,-0.001945,0.070941,100.1
2018-09-10,256.302753,256.569067,255.539379,255.734665,50210900,0.001737,0.067544,100.1
2018-09-11,255.08665,257.021741,254.740477,256.577911,50530500,0.003292,0.06543,100.1
2018-09-12,256.586757,257.243616,255.850012,256.640015,59810800,0.000242,0.064434,100.1
2018-09-13,257.70521,258.344326,257.421153,258.157898,51034200,0.005897,0.065523,100.1
2018-09-14,258.362134,258.548535,257.421217,258.202362,55079900,0.000172,0.064307,100.1
2018-09-17,258.149073,258.184559,256.560155,256.835327,68244000,-0.005308,0.066024,100.1
2018-09-18,257.048311,258.823629,257.021682,258.228912,61930400,0.005411,0.066903,100.1
2018-09-19,258.282114,258.921229,258.157828,258.504028,49080600,0.001065,0.066469,100.1
2018-09-20,259.764533,260.918479,258.521789,260.598907,100360600,0.008071,0.069754,100.1
2018-09-21,261.34166,261.457582,260.200314,260.360809,105479700,-0.000914,0.069636,100.1
2018-09-24,259.781284,259.923956,258.916356,259.495941,53409600,-0.003327,0.067032,100.1
2018-09-25,259.950726,260.057723,259.014475,259.255219,44370000,-0.000928,0.065758,100.1
2018-09-26,259.397919,260.583838,258.060403,258.479492,79739700,-0.002997,0.064911,100.1
2018-09-27,258.951931,260.289446,258.675513,259.201599,59249500,0.00279,0.060092,100.1
2018-09-28,258.57752,259.727792,258.541873,259.228455,70091400,0.000104,0.056504,100.1
2018-10-01,260.467843,261.199025,259.46027,260.129028,62078900,0.003468,0.056486,98.6
2018-10-02,259.977448,260.690779,259.602958,259.977448,47258200,-0.000583,0.056527,98.6
2018-10-03,261.029649,261.448738,259.763482,260.120148,64694600,0.000549,0.056349,98.6
2018-10-04,259.638607,259.692106,256.499913,258.087097,111545900,-0.007847,0.061556,98.6
2018-10-05,258.31001,258.827171,255.215889,256.642578,105951700,-0.005613,0.063888,98.6
2018-10-08,255.955969,256.999244,254.57388,256.642578,87742200,0.0,0.061633,98.6
2018-10-09,256.259199,257.569938,255.706336,256.268097,74339000,-0.00146,0.057312,98.6
2018-10-10,255.7598,255.831149,247.779304,248.153793,214731000,-0.032175,0.109084,98.6
2018-10-11,247.065901,248.68876,241.073829,242.68779,274840500,-0.022273,0.123109,98.6
2018-10-12,246.789581,247.074924,242.866205,246.058426,183186500,0.013793,0.131285,98.6
2018-10-15,245.701601,247.030218,244.587005,244.676178,102263700,-0.005633,0.131722,98.6
2018-10-16,246.637988,250.400868,246.165401,250.026352,118255800,0.021631,0.148102,98.6
2018-10-17,250.062013,250.695096,247.493977,250.070938,110626000,0.000178,0.148042,98.6
2018-10-18,249.134719,249.732155,245.184594,246.459686,134557500,-0.014546,0.153187,98.6
2018-10-19,247.110608,249.045533,245.63042,246.325928,139901600,-0.000543,0.153185,98.6
2018-10-22,246.994598,247.315589,244.685157,245.220169,82415800,-0.004499,0.153215,98.6
2018-10-23,241.599934,245.095293,239.513386,243.971771,146352700,-0.005104,0.152913,98.6
2018-10-24,243.722151,244.105593,236.026998,236.579834,177806700,-0.030767,0.174425,98.6
2018-10-25,238.416706,242.36683,237.391283,240.824219,138061500,0.017782,0.182726,98.6
2018-10-26,237.114859,241.644568,233.878065,236.588745,201574600,-0.017744,0.18791,98.6
2018-10-29,239.682858,240.975801,231.702362,235.277969,160749100,-0.005556,0.187939,98.6
2018-10-30,235.108534,239.076481,234.618096,238.764389,157116000,0.01471,0.193375,98.6
2018-10-31,241.332429,243.632972,240.859842,241.314606,128296300,0.010624,0.196907,98.6
2018-11-01,242.179553,244.07883,241.091706,243.88266,99495000,0.010586,0.198188,97.5
2018-11-02,244.988356,245.416371,240.387297,242.438171,122634100,-0.00594,0.198438,97.5
2018-11-05,242.928531,244.32847,241.956606,243.775635,65622500,0.005502,0.199716,97.5
2018-11-06,243.713244,245.478748,243.65082,245.318253,60085900,0.006308,0.201175,97.5
2018-11-07,247.493848,250.650392,247.065834,250.570145,102752100,0.021183,0.21189,97.5
2018-11-08,249.767681,250.757457,248.974102,250.115448,65584900,-0.001816,0.211587,97.5
2018-11-09,248.804753,248.991998,246.263467,247.672333,98812600,-0.009816,0.213009,97.5
2018-11-12,247.16404,247.404783,242.527307,243.044495,99673600,-0.018862,0.218233,97.5
2018-11-13,243.50824,245.505589,241.867557,242.589813,98176600,-0.001873,0.218178,97.5
2018-11-14,244.462232,244.863471,239.370763,240.931198,125335900,-0.006861,0.218392,97.5
2018-11-15,239.665036,243.909429,238.086777,243.44574,135101400,0.010383,0.22093,97.5
2018-11-16,242.348971,244.988328,241.831783,244.078827,126668000,0.002597,0.221027,97.5
2018-11-19,243.472472,243.766741,239.031937,239.950363,103061700,-0.017059,0.225392,97.5
2018-11-20,236.615483,238.077846,234.644883,235.509811,136021300,-0.01868,0.230344,97.5
2018-11-21,237.061307,238.211579,236.303403,236.312302,75563700,0.003402,0.213394,97.5
2018-11-23,234.671646,236.13401,234.573574,234.73407,42807900,-0.006701,0.204908,97.5
2018-11-26,236.990026,238.746632,236.597686,238.523712,79981400,0.016015,0.206409,97.5
2018-11-27,237.489334,239.326187,236.883,239.326187,75502400,0.003359,0.206314,97.5
2018-11-28,240.396226,244.836761,239.263778,244.836761,127629600,0.022764,0.207405,97.5
2018-11-29,244.060988,245.701671,242.919642,244.301758,82346400,-0.002188,0.207431,97.5
2018-11-30,244.15018,246.352624,243.829189,245.790863,98204200,0.006077,0.204122,97.5
2018-12-03,249.919279,250.026276,247.449343,249.045425,103176300,0.013154,0.207687,98.3
2018-12-04,248.216168,248.644183,240.663661,240.975754,177986000,-0.032939,0.228763,98.3
2018-12-06,237.114809,240.726091,234.011763,240.610168,204185400,-0.001518,0.228383,98.3
2018-12-07,240.271359,241.84072,234.181215,235.019394,161018900,-0.02351,0.22086,98.3
2018-12-10,234.84104,236.43715,230.605573,235.465225,151445900,0.001895,0.214311,98.3
2018-12-11,238.666327,238.853571,234.047445,235.518707,121504400,0.000227,0.208169,98.3
2018-12-12,238.496962,239.861227,236.624434,236.704681,97976700,0.005023,0.20804,98.3
2018-12-13,237.649844,238.514772,235.509823,236.62442,96662700,-0.000339,0.203442,98.3
2018-12-14,234.47544,235.429542,231.702337,232.255173,116961100,-0.018638,0.207426,98.3
2018-12-17,231.301101,232.415698,226.066959,227.69873,165492300,-0.019813,0.211001,98.3
2018-12-18,229.339416,230.008174,225.844029,227.449051,134515100,-0.001097,0.21074,98.3
2018-12-19,227.529324,231.301116,222.339768,224.042862,214992800,-0.015089,0.212703,98.3
2018-12-20,222.794504,224.363851,218.148859,220.395889,252053400,-0.016412,0.214422,98.3
2018-12-21,221.297286,223.961035,215.234339,215.880096,255345600,-0.020702,0.206626,98.3
2018-12-24,214.391242,216.005637,210.113113,210.175888,147311600,-0.026778,0.215781,98.3
2018-12-26,211.637831,220.795013,209.65571,220.795013,218485400,0.04929,0.26792,98.3
2018-12-27,217.557263,222.68743,214.31951,222.490128,186267300,0.007648,0.266004,98.3
2018-12-28,223.844394,225.476717,221.037142,222.203094,153100200,-0.001291,0.26603,98.3
2018-12-31,223.826474,224.391516,221.951989,224.149353,144299400,0.008721,0.267854,98.3
2019-01-02,220.615626,225.306341,220.588721,224.382538,126925200,0.00104,0.265335,91.2
2019-01-03,222.633634,222.938585,218.543842,219.028168,144140700,-0.024152,0.271922,91.2
2019-01-04,222.059622,227.010428,221.682932,226.36467,142628800,0.032947,0.288545,91.2
2019-01-07,226.633723,229.557561,225.736839,228.14946,103139100,0.007854,0.285402,91.2
2019-01-08,230.33786,230.777325,227.808639,230.292999,102512600,0.009351,0.286728,91.2
2019-01-09,231.001583,232.212382,229.772855,231.369308,95006600,0.004663,0.286608,91.2
2019-01-10,229.835592,232.436551,229.153951,232.185425,96823900,0.003521,0.282619,91.2
2019-01-11,231.109104,232.301976,230.526135,232.27507,73858100,0.000386,0.282361,91.2
2019-01-14,230.373707,231.665223,229.970125,230.858032,70908200,-0.006119,0.27351,91.2
2019-01-15,231.234759,233.817791,231.225782,233.503876,85208300,0.011396,0.276232,91.2
2019-01-16,233.934324,234.956785,233.728058,234.068878,77636700,0.002417,0.275561,91.2
2019-01-17,233.198934,236.705755,233.154073,235.844727,96118400,0.007558,0.273421,91.2
2019-01-18,237.656424,239.450193,235.880583,238.983795,127900300,0.013222,0.260172,91.2
2019-01-22,237.512964,237.728208,234.140669,235.755051,115531200,-0.013602,0.263015,91.2
2019-01-23,236.786442,237.486011,233.781874,236.248306,86030300,0.00209,0.254017,91.2
2019-01-24,236.068933,236.956868,235.05545,236.373871,59204100,0.000531,0.253967,91.2
2019-01-25,238.221373,239.199001,236.472466,238.373856,96883400,0.008426,0.255104,91.2
2019-01-28,236.230398,236.625002,234.795377,236.562241,85613700,-0.007629,0.255747,91.2
2019-01-29,236.705726,237.27074,235.41421,236.248306,66136300,-0.001328,0.255773,91.2
2019-01-30,237.764101,240.831431,237.001744,239.988358,92473700,0.015707,0.253447,91.2
2019-01-31,239.925609,242.580379,239.710338,242.096054,104012100,0.008744,0.246395,91.2
2019-02-01,242.293363,243.235108,241.423384,242.212646,85782500,0.000481,0.246263,93.8
2019-02-04,242.257445,243.979475,241.584782,243.916687,60744800,0.007011,0.241138,93.8
2019-02-05,244.347155,245.24404,243.844902,244.939102,79552800,0.004183,0.234141,93.8
2019-02-06,244.661026,245.154301,243.880741,244.616165,58347800,-0.001319,0.2232,93.8
2019-02-07,243.001844,243.54893,240.625106,242.284348,95482000,-0.009578,0.207494,93.8
2019-02-08,241.037665,242.678951,240.212519,242.580307,75788900,0.001221,0.158886,93.8
2019-02-11,243.235052,243.495129,242.185685,242.714844,68021400,0.000554,0.158465,93.8
2019-02-12,244.329255,246.21269,244.257489,245.836014,72270200,0.012777,0.160465,93.8
2019-02-13,246.670069,247.477259,246.248532,246.634186,65277200,0.003242,0.159661,93.8
2019-02-14,245.548961,247.21718,244.732793,246.087097,83234400,-0.002221,0.16032,93.8
2019-02-15,247.862937,248.804682,247.656671,248.768799,97088700,0.010838,0.139385,93.8
2019-02-19,247.970568,249.854003,247.96159,249.199295,59120800,0.001729,0.109735,93.8
2019-02-20,249.163478,250.159034,248.661225,249.701614,76610800,0.002014,0.108887,93.8
2019-02-21,249.064817,249.423565,247.854017,248.81369,64214700,-0.003562,0.108783,93.8
2019-02-22,249.432536,250.553642,248.795756,250.356354,78114600,0.006181,0.109124,93.8
2019-02-25,251.782439,252.302621,250.616473,250.697189,69030700,0.00136,0.10915,93.8
2019-02-26,250.347275,251.396614,250.140982,250.517685,56844100,-0.000716,0.109387,93.8
2019-02-27,249.800178,250.759851,248.867438,250.41008,56921600,-0.00043,0.106692,93.8
2019-02-28,250.194806,250.634298,249.620815,249.94368,69268300,-0.001864,0.104204,93.8
2019-03-01,251.522231,251.916862,250.069283,251.504303,78880500,0.006224,0.104834,98.4
2019-03-04,252.562634,252.804783,248.293456,250.589478,106494600,-0.003644,0.105067,98.4
2019-03-05,250.7151,250.912416,249.701617,250.248703,59114600,-0.001361,0.099933,98.4
2019-03-06,250.365231,250.374208,248.41003,248.732895,75039800,-0.006076,0.0921,98.4
2019-03-07,248.284485,248.427989,245.809102,246.652176,94885100,-0.0084,0.096702,98.4
2019-03-08,244.79562,246.329285,244.32925,246.158875,85795800,-0.002002,0.097186,98.4
2019-03-11,246.876414,249.889933,246.849509,249.7285,65098900,0.014397,0.102366,98.4
2019-03-12,250.284512,251.190374,250.096174,250.670166,79667500,0.003764,0.098749,98.4
2019-03-13,251.558099,253.262174,251.396639,252.329407,80639200,0.006597,0.099147,98.4
2019-03-14,252.356337,252.777874,251.728535,252.167999,67518400,-0.00064,0.090753,98.4
2019-03-15,252.720231,254.22461,252.531036,253.413864,81309000,0.004928,0.088814,98.4
2019-03-18,253.630068,254.630009,253.404859,254.332718,62199800,0.003619,0.08896,98.4
2019-03-19,255.395662,256.16135,253.503904,254.395721,90268100,0.000248,0.087552,98.4
2019-03-20,254.179528,255.386644,252.521996,253.630005,84609200,-0.003014,0.088049,98.4
2019-03-21,252.810219,256.899988,252.765161,256.494629,79550400,0.011231,0.092383,98.4
2019-03-22,255.134451,255.656924,251.495071,251.558136,122659300,-0.019434,0.106121,98.4
2019-03-25,251.215865,252.404973,250.107855,251.369019,85575200,-0.000752,0.10628,98.4
2019-03-26,253.125578,254.197574,251.837391,253.242691,68125900,0.007426,0.107781,98.4
2019-03-27,253.23373,253.819294,250.369081,251.918518,72224700,-0.005243,0.103856,98.4
2019-03-28,252.548958,253.323662,251.395891,252.873245,56238500,0.003783,0.103977,98.4
2019-03-29,254.386824,254.792183,253.26078,254.467896,82186800,0.006286,0.104727,98.4
2019-04-01,256.467736,257.782948,256.197469,257.485657,77617900,0.011789,0.105527,97.2
2019-04-02,257.67479,257.845951,256.818986,257.611725,40070400,0.000489,0.105529,97.2
2019-04-03,258.827836,259.224205,257.413518,258.01709,68243200,0.001572,0.105504,97.2
2019-04-04,258.341423,258.953984,257.64779,258.701752,48997500,0.00265,0.104655,97.2
2019-04-05,259.368442,260.008027,259.080168,259.953979,58621700,0.004829,0.10418,97.2
2019-04-08,259.530521,260.260195,258.872902,260.1521,53566300,0.000762,0.104189,97.2
2019-04-09,259.188132,259.512419,258.269291,258.818787,66142300,-0.005138,0.105686,97.2
2019-04-10,259.233361,259.791902,258.818984,259.701813,52601500,0.003406,0.105792,97.2
2019-04-11,260.188152,260.197169,259.062108,259.629639,55093100,-0.000278,0.10549,97.2
2019-04-12,261.242155,261.665548,259.67471,261.386292,69727800,0.006743,0.105713,97.2
2019-04-15,261.458303,261.55741,260.413332,261.215088,49596700,-0.000655,0.104853,97.2
2019-04-16,262.097959,262.152007,260.791737,261.386292,52153200,0.000655,0.104557,97.2
2019-04-17,262.503316,262.53034,260.3323,260.746704,58268300,-0.00245,0.102802,97.2
2019-04-18,261.332245,261.530429,260.03504,261.260162,68708500,0.001967,0.098358,97.2
2019-04-22,260.494394,261.638445,260.404305,261.485291,40160100,0.000861,0.097714,97.2
2019-04-23,261.85473,264.070804,261.620532,263.836578,52246600,0.008952,0.092872,97.2
2019-04-24,263.755381,264.088685,263.106779,263.250916,50392900,-0.002222,0.093409,97.2
2019-04-25,263.151841,263.746395,261.899695,263.088776,57770900,-0.000616,0.092411,97.2
2019-04-26,263.133904,264.38605,262.359171,264.313995,50916400,0.004646,0.092671,97.2
2019-04-29,264.404076,265.250863,264.313987,264.728363,57197700,0.001566,0.092122,97.2
2019-04-30,264.386053,265.151769,262.971763,264.863495,81111700,0.00051,0.091928,97.2
2019-05-01,265.494052,265.701254,262.863602,262.87262,71671900,-0.007545,0.095449,100.0
2019-05-02,262.755563,263.674432,260.809756,262.305145,65030200,-0.002161,0.095161,100.0
2019-05-03,263.782465,265.151724,262.413178,264.872467,56543700,0.00974,0.093874,100.0
2019-05-06,260.566514,264.223902,260.251216,263.782501,107198100,-0.004124,0.072975,100.0
2019-05-07,261.377266,261.97182,257.467645,259.377411,144729900,-0.016841,0.09029,100.0
2019-05-08,259.017029,260.728609,258.422475,259.017029,91568300,-0.00139,0.088473,100.0
2019-05-09,256.94518,258.836912,255.206548,258.233368,103471100,-0.00303,0.087396,100.0
2019-05-10,257.296498,260.287277,254.305719,259.530579,112429300,0.005011,0.087829,100.0
2019-05-13,254.413827,255.3777,252.170729,253.008499,127290500,-0.025451,0.114828,100.0
2019-05-14,254.026374,256.827985,253.900272,255.296555,77003200,0.009003,0.112563,100.0
2019-05-15,253.666154,257.431638,253.458952,256.792053,73956400,0.005841,0.113943,100.0
2019-05-16,257.49469,260.5305,257.422635,259.170258,76749600,0.009219,0.117035,100.0
2019-05-17,256.864031,259.980911,256.845996,257.494598,100353000,-0.006486,0.118327,100.0
2019-05-20,255.891117,257.602697,255.04433,255.792038,62877600,-0.006634,0.118793,100.0
2019-05-21,257.485556,258.47648,257.233323,258.098145,46847100,0.008975,0.121918,100.0
2019-05-22,257.143307,258.260333,256.828009,257.30545,49482500,-0.003076,0.121347,100.0
2019-05-23,255.080463,255.125494,252.747303,254.161621,98733800,-0.012294,0.125749,100.0
2019-05-24,255.602907,256.017311,254.116535,254.738113,55268100,0.002266,0.126042,100.0
2019-05-28,255.017415,255.972298,252.350951,252.368958,70029400,-0.009344,0.126483,100.0
2019-05-29,251.251902,251.657261,249.270054,250.675354,104972900,-0.006733,0.127491,100.0
2019-05-30,251.432025,252.269822,250.26095,251.35997,62523800,0.002727,0.127918,100.0
2019-05-31,248.810606,249.639359,247.945785,247.972809,86862800,-0.013567,0.13275,100.0
2019-06-03,248.008864,249.12589,246.009009,247.342255,96428000,-0.002546,0.132318,98.2
2019-06-04,249.639332,252.846301,249.188914,252.711182,77231900,0.021474,0.148457,98.2
2019-06-05,254.332723,254.927277,252.522063,254.900253,71169700,0.008625,0.148267,98.2
2019-06-06,255.197497,257.233365,254.548895,256.557739,69430400,0.006481,0.149856,98.2
2019-06-07,257.575776,260.206227,257.404615,259.125214,74272200,0.009958,0.153103,98.2
2019-06-10,260.67466,261.980882,260.224242,260.314331,60799100,0.004578,0.153084,98.2
2019-06-11,262.133932,262.503277,259.602588,260.25119,58641300,-0.000243,0.15296,98.2
2019-06-12,260.017048,260.575562,259.278357,259.79184,47096300,-0.001767,0.152963,98.2
2019-06-13,260.701626,261.224125,259.998976,260.86377,48945200,0.004118,0.152124,98.2
2019-06-14,260.575439,261.178983,259.809725,260.575439,52324700,-0.001106,0.15204,98.2
2019-06-17,260.809772,261.440367,260.503491,260.674652,39205700,0.000381,0.149103,98.2
2019-06-18,262.494289,264.458103,262.133933,263.404114,85434800,0.010416,0.151987,98.2
2019-06-19,263.539284,264.530208,262.566394,263.998718,78674400,0.002255,0.143492,98.2
2019-06-20,266.683137,266.926352,264.061704,266.520966,116570000,0.009509,0.145647,98.2
2019-06-21,266.251258,267.509494,265.916332,266.133575,83309500,-0.001455,0.145344,98.2
2019-06-24,266.341814,266.658617,265.65384,265.807739,47582700,-0.001225,0.144973,98.2
2019-06-25,265.862022,265.889177,263.092062,263.200684,82028700,-0.009856,0.126278,98.2
2019-06-26,264.096847,264.603766,262.82955,262.938171,51584900,-0.000998,0.1243,98.2
2019-06-27,263.698582,264.377494,263.318406,263.870575,40355200,0.00354,0.123696,98.2
2019-06-28,264.84813,265.72619,264.332177,265.228333,59350900,0.005132,0.121863,98.2
2019-07-01,268.55951,268.776781,266.432247,267.6362,78705600,0.009038,0.122136,98.4
2019-07-02,267.590938,268.387532,266.749093,268.333221,61504500,0.002601,0.119842,98.4
2019-07-03,269.012161,270.496729,268.867323,270.478607,40898900,0.007963,0.119335,98.4
2019-07-05,269.247527,270.333797,267.953074,270.170837,51677300,-0.001139,0.118812,98.4
2019-07-08,268.858334,269.989854,268.143205,268.68634,45841800,-0.00551,0.11341,98.4
2019-07-09,267.527578,269.319888,267.473267,269.021179,41101300,0.001245,0.113416,98.4
2019-07-10,270.089398,271.257134,269.555323,270.306641,58448500,0.004767,0.10862,98.4
2019-07-11,270.949308,271.184645,269.93547,270.940247,50826100,0.002341,0.1052,98.4
2019-07-12,271.429097,272.225692,271.121327,272.153259,40326000,0.004467,0.105341,98.4
2019-07-15,272.587761,272.587761,271.736856,272.243774,33900000,0.000333,0.09382,98.4
2019-07-16,272.153318,272.361527,271.058013,271.365784,36650100,-0.00323,0.094199,98.4
2019-07-17,271.338567,271.501499,269.519073,269.519073,36036300,-0.006829,0.080989,98.4
2019-07-18,269.021319,270.886062,268.577771,270.505859,51392600,0.003655,0.078786,98.4
2019-07-19,271.601141,271.628296,268.83118,269.003174,58678600,-0.005571,0.080527,98.4
2019-07-22,269.401359,270.207015,268.885407,269.663879,43638100,0.002453,0.076582,98.4
2019-07-23,270.786291,271.591919,269.95348,271.591919,44564500,0.007124,0.077866,98.4
2019-07-24,270.831671,272.868408,270.741144,272.868408,47213200,0.004689,0.078265,98.4
2019-07-25,272.415786,272.470097,270.759225,271.56488,55394100,-0.004789,0.079861,98.4
2019-07-26,272.252879,273.583548,272.126135,273.384399,45084100,0.006678,0.080934,98.4
2019-07-29,273.266678,273.38436,272.334306,272.886475,38126500,-0.001823,0.081166,98.4
2019-07-30,271.483391,272.623972,271.103188,272.216614,45849000,-0.002458,0.081931,98.4
2019-07-31,272.461063,272.651178,267.21988,269.238495,104245200,-0.011001,0.085007,98.4
2019-08-01,269.392449,272.352498,266.097448,266.894043,142646600,-0.008746,0.089169,89.8
2019-08-02,265.997825,266.242224,263.327426,264.884399,116749700,-0.007558,0.087666,89.8
2019-08-05,260.78372,260.892342,255.017498,256.918457,178745400,-0.030535,0.124178,89.8
2019-08-06,258.810426,260.738541,257.334919,260.521271,120711700,0.013926,0.131663,89.8
2019-08-07,257.443572,261.444641,255.307274,260.675201,140572300,0.000591,0.128779,89.8
2019-08-08,262.168747,265.789612,261.616578,265.789612,87713900,0.01943,0.140887,89.8
2019-08-09,264.848218,265.445664,262.19594,263.979218,93730000,-0.006835,0.142056,89.8
2019-08-12,262.476592,263.970194,259.815253,260.765747,65527600,-0.012248,0.145503,89.8
2019-08-13,260.466926,266.269366,260.12294,264.821014,94299800,0.015432,0.150272,89.8
2019-08-14,260.765639,261.372118,256.864159,256.990875,135622100,-0.030014,0.172751,89.8
2019-08-15,257.878071,258.566044,255.62409,257.669861,99556600,0.002639,0.170912,89.8
2019-08-16,259.326443,261.906288,257.724192,261.471802,83018300,0.014647,0.1773,89.8
2019-08-19,264.495171,265.300799,263.816259,264.621887,53571800,0.011976,0.180723,89.8
2019-08-20,264.114934,264.649008,262.467461,262.594177,51596400,-0.007692,0.181822,89.8
2019-08-21,264.757746,265.101705,264.069773,264.730591,49524700,0.008103,0.182964,89.8
2019-08-22,265.436671,266.070306,262.874892,264.649109,51666400,-0.000308,0.182743,89.8
2019-08-23,263.345624,265.011219,256.601749,257.850952,149161500,-0.026023,0.196015,89.8
2019-08-26,260.041483,260.702301,258.511665,260.702301,72423800,0.010997,0.199431,89.8
2019-08-27,262.096353,262.467495,258.919034,259.679413,66668900,-0.003931,0.199496,89.8
2019-08-28,259.01856,261.670836,258.212904,261.507904,59696700,0.007017,0.200296,89.8
2019-08-29,264.069702,265.373216,263.064898,264.848175,57899400,0.012692,0.203806,89.8
2019-08-30,266.332814,266.350909,263.798219,264.730591,62901200,-0.000444,0.203283,89.8
2019-09-03,263.028715,263.942965,261.851918,263.182587,69101400,-0.005865,0.20365,93.2
2019-09-04,265.35505,266.187833,264.603705,266.169739,46887300,0.011286,0.205409,93.2
2019-09-05,268.659181,270.505803,266.133619,269.591553,83258100,0.012774,0.208555,93.2
2019-09-06,269.908301,270.442375,269.229389,269.799652,49584300,0.000772,0.208161,93.2
2019-09-09,270.786483,270.876983,268.994144,269.935577,51260300,0.000504,0.207151,93.2
2019-09-10,269.175097,269.935503,267.916861,269.872131,57947100,-0.000235,0.207109,93.2
2019-09-11,270.179884,271.872634,269.528128,271.791168,68821100,0.007086,0.208117,93.2
2019-09-12,272.69648,273.791784,271.936102,272.732697,72908700,0.003458,0.205713,93.2
2019-09-13,273.176146,273.529193,272.180402,272.551544,62104800,-0.000664,0.203906,93.2
2019-09-16,271.41998,272.596777,271.06696,271.709656,58191200,-0.003094,0.202742,93.2
2019-09-17,271.510522,272.488144,271.338529,272.397644,41475500,0.002529,0.179594,93.2
2019-09-18,272.008381,272.669199,269.971645,272.560577,73375800,0.000598,0.175989,93.2
2019-09-19,272.949869,273.945613,272.207585,272.542511,76560500,-6.6e-05,0.176029,93.2
2019-09-20,273.146385,273.428324,270.463682,271.254852,89565000,-0.004736,0.168389,93.2
2019-09-23,270.591048,271.909685,270.336418,271.191254,43476800,-0.000234,0.16691,93.2
2019-09-24,272.282443,272.673477,268.099213,269.063171,94869400,-0.007878,0.16438,93.2
2019-09-25,269.145061,271.100259,267.66274,270.654663,71854000,0.005898,0.159375,93.2
2019-09-26,270.663714,270.872858,268.681236,270.09079,56179700,-0.002086,0.130507,93.2
2019-09-27,270.845538,270.954689,267.080651,268.635712,84746600,-0.005402,0.132053,93.2
2019-09-30,269.154116,270.590951,269.108657,269.881622,51662400,0.004627,0.126382,93.2
2019-10-01,270.763794,271.418561,266.453262,266.671509,88242400,-0.011966,0.12745,95.5
2019-10-02,265.089142,265.098245,260.669488,261.960815,122539500,-0.017823,0.136034,95.5
2019-10-03,261.733364,264.134184,259.014278,264.106903,85278800,0.008159,0.136063,95.5
2019-10-04,264.761692,267.935477,264.707103,267.680847,65091200,0.013441,0.141585,95.5
2019-10-07,266.880618,268.508446,266.244029,266.52594,59610500,-0.004324,0.11851,95.5
2019-10-08,264.670747,265.407356,262.351769,262.388153,95708100,-0.015647,0.124202,95.5
2019-10-09,264.407068,265.816621,263.779582,264.879944,62359400,0.009452,0.126358,95.5
2019-10-10,264.798154,267.553625,264.634469,266.671509,55296300,0.006741,0.12624,95.5
2019-10-11,269.426902,271.673112,269.308704,269.436005,98720400,0.010313,0.124444,95.5
2019-10-14,269.117781,269.790753,268.790411,269.135986,40394800,-0.001114,0.124506,95.5
2019-10-15,270.18166,272.546096,270.063434,271.800385,46754500,0.009851,0.125795,95.5
2019-10-16,271.336672,272.055103,270.92746,271.363953,48928200,-0.001607,0.122199,95.5
2019-10-17,272.527999,273.037259,271.473095,272.164246,45736600,0.002945,0.116927,95.5
2019-10-18,271.627728,272.273392,270.118126,270.972961,64304000,-0.004387,0.117706,95.5
2019-10-21,272.29151,273.009913,271.85499,272.809845,39048600,0.006756,0.119257,95.5
2019-10-22,273.346402,273.637416,271.827725,271.918671,48594700,-0.003272,0.119711,95.5
2019-10-23,271.664008,272.76437,271.454837,272.709808,34352200,0.002905,0.118241,95.5
2019-10-24,273.646538,273.792045,272.327902,273.155457,35453100,0.001633,0.11791,95.5
2019-10-25,272.582495,274.81963,272.527933,274.273987,45205400,0.004086,0.118462,95.5
2019-10-28,275.492638,276.320192,275.465357,275.820007,42147000,0.005621,0.119041,95.5
2019-10-29,275.547133,276.6657,275.419804,275.738098,44284900,-0.000297,0.118905,95.5
2019-10-30,275.938201,276.956721,274.628668,276.583893,49643900,0.003063,0.119153,95.5
2019-10-31,276.574732,276.574732,274.392186,275.847198,69053800,-0.002667,0.119497,95.5
2019-11-01,277.293245,278.448169,277.129532,278.40271,71141500,0.009222,0.121118,96.8
2019-11-04,279.95773,280.094134,279.148354,279.52121,60606900,0.00401,0.121407,96.8
2019-11-05,279.721235,280.021351,278.920962,279.211975,42933200,-0.001107,0.118655,96.8
2019-11-06,279.212001,279.548473,278.329885,279.275665,46487100,0.000228,0.117854,96.8
2019-11-07,280.61249,281.594626,279.784936,280.257812,54272300,0.003511,0.117678,96.8
2019-11-08,279.912219,281.003506,279.211994,280.948944,49032100,0.002463,0.116021,96.8
2019-11-11,279.566713,280.585233,279.430281,280.412445,35797300,-0.001911,0.116035,96.8
2019-11-12,280.77616,281.903803,280.230517,281.00351,46484600,0.002106,0.109037,96.8
2019-11-13,280.012268,281.494589,279.784919,281.094452,53917700,0.000324,0.092108,96.8
2019-11-14,280.81257,281.585563,280.175981,281.503693,51219900,0.001455,0.090469,96.8
2019-11-15,282.840457,283.586169,282.149335,283.54071,62023600,0.00721,0.085355,96.8
2019-11-18,283.304252,283.986299,282.849554,283.749847,49228000,0.000737,0.083376,96.8
2019-11-19,284.350169,284.359272,283.022457,283.668121,67804700,-0.000288,0.064803,96.8
2019-11-20,283.07696,283.595323,281.058099,282.613159,79406200,-0.003726,0.063943,96.8
2019-11-21,282.722266,282.831389,281.358171,282.158417,54664700,-0.00161,0.063322,96.8
2019-11-22,282.904145,283.040549,281.776502,282.785919,44850200,0.002221,0.058086,96.8
2019-11-25,283.713523,284.97757,283.713523,284.97757,48647200,0.00772,0.060092,96.8
2019-11-26,285.01395,285.80512,284.695656,285.62323,37569000,0.002263,0.055199,96.8
2019-11-27,286.105225,286.896423,285.886979,286.896423,44444600,0.004448,0.05488,96.8
2019-11-29,286.332616,286.57817,285.605109,285.832458,36592700,-0.003715,0.057082,96.8
2019-12-02,286.087092,286.150756,282.976971,283.404388,75767800,-0.008531,0.061937,99.3
2019-12-03,280.685241,281.585563,279.302969,281.503693,73941700,-0.006729,0.064271,99.3
2019-12-04,282.549509,283.840836,282.203934,283.240631,49080000,0.006151,0.064572,99.3
2019-12-05,283.940841,283.959019,282.440314,283.749847,40709000,0.001796,0.064422,99.3
2019-12-06,285.659597,286.741781,285.650494,286.341644,48927000,0.009093,0.068248,99.3
2019-12-09,285.950697,286.623641,285.368669,285.441437,34838500,-0.003149,0.069147,99.3
2019-12-10,285.38681,286.050652,284.468311,285.123077,52649800,-0.001116,0.068265,99.3
2019-12-11,285.577787,286.187095,285.041246,285.932465,53429100,0.002835,0.06831,99.3
2019-12-12,285.9415,289.178949,285.705076,288.396881,96389600,0.008582,0.071413,99.3
2019-12-13,288.160554,289.797485,287.387561,288.569794,81503900,0.000599,0.070419,99.3
2019-12-16,290.297647,291.143379,288.506134,290.552277,82749700,0.006847,0.068466,99.3
2019-12-17,290.934108,291.234197,290.533972,290.615814,61097700,0.000219,0.068103,99.3
2019-12-18,291.006859,291.234208,290.579441,290.634003,48133000,6.3e-05,0.067828,99.3
2019-12-19,290.825067,291.898176,290.570437,291.825409,85310500,0.004091,0.068202,99.3
2019-12-20,292.857974,294.237923,291.880157,293.104736,147142100,0.004374,0.068473,99.3
2019-12-23,293.890739,293.945569,293.40639,293.552612,52990000,0.001527,0.068411,99.3
2019-12-24,293.781056,293.826739,293.260145,293.561737,20270000,3.1e-05,0.067808,99.3
2019-12-26,293.945553,295.133598,293.936434,295.124451,30911200,0.005309,0.068675,99.3
2019-12-27,295.855508,295.910338,294.521269,295.0513,42528800,-0.000248,0.06879,99.3
2019-12-30,295.133578,295.270652,292.940273,293.424622,49729100,-0.005528,0.071841,99.3
2019-12-31,292.921959,294.384152,292.574684,294.13739,57077300,0.002426,0.069777,99.3
2020-01-02,295.672782,296.906509,294.749767,296.888214,59151200,0.009309,0.073578,99.8
2020-01-03,293.497741,295.764143,293.442911,294.640076,77709700,-0.007601,0.078047,99.8
2020-01-06,292.885455,295.846405,292.766647,295.76416,55653900,0.003808,0.076906,99.8
2020-01-07,295.197558,295.672787,294.484742,294.932556,40496400,-0.002816,0.07741,99.8
2020-01-08,295.124476,297.719857,294.877741,296.504425,68296000,0.005315,0.078184,99.8
2020-01-09,298.067076,298.587987,297.482187,298.514862,48473300,0.006758,0.077574,99.8
2020-01-10,299.099749,299.255091,297.189769,297.655823,53029300,-0.002882,0.078588,99.8
2020-01-13,298.27725,299.712001,297.847731,299.702881,47086800,0.006854,0.079707,99.8
2020-01-14,299.26427,300.315212,298.688528,299.246002,62832800,-0.001526,0.078719,99.8
2020-01-15,299.154504,300.680647,299.07226,299.92215,72056600,0.002257,0.07272,99.8
2020-01-16,301.302195,302.417114,301.073728,302.417114,54050300,0.008284,0.070236,99.8
2020-01-17,303.12984,303.568479,302.353047,303.358307,95846000,0.003107,0.069368,99.8
2020-01-21,302.398832,303.568582,302.325735,302.764374,77742400,-0.00196,0.070445,99.8
2020-01-22,303.623409,304.272275,302.645592,302.800934,48914900,0.000121,0.067513,99.8
2020-01-23,302.15205,303.559414,301.037131,303.148163,51963000,0.001146,0.06587,99.8
2020-01-24,303.806146,303.888391,299.163683,300.45224,87578400,-0.008933,0.072638,99.8
2020-01-27,295.206681,297.116661,294.868554,295.6362,84062500,-0.016159,0.089147,99.8
2020-01-28,297.061799,299.611497,295.72756,298.734192,63834000,0.010425,0.090636,99.8
2020-01-29,300.095843,300.32431,298.286375,298.487427,53888900,-0.000826,0.090809,99.8
2020-01-30,296.422039,299.666285,295.672688,299.456085,75491800,0.00324,0.089425,99.8
2020-01-31,298.834626,298.989995,293.104687,294.018555,113845600,-0.018325,0.105542,99.8
2020-02-03,295.499121,298.067087,295.380314,296.202789,69083000,0.007401,0.107471,101.0
2020-02-04,299.812535,301.58544,299.492675,300.717255,62573200,0.015126,0.115049,101.0
2020-02-05,303.650763,304.400141,302.188597,304.189941,65951100,0.011482,0.118648,101.0
2020-02-06,305.149493,305.405375,304.135086,305.21347,50359700,0.003359,0.118805,101.0
2020-02-07,304.153447,305.222656,303.038527,303.586853,64139400,-0.005344,0.120315,101.0
2020-02-10,302.700354,305.917157,302.663791,305.85318,42070000,0.007437,0.121115,101.0
2020-02-11,307.205837,307.99175,305.853303,306.383362,54864500,0.001732,0.121046,101.0
2020-02-12,307.818032,308.56741,307.452491,308.357239,43992700,0.006422,0.120178,101.0
2020-02-13,306.931546,308.996896,306.657397,308.028198,54501900,-0.001068,0.120409,101.0
2020-02-14,308.439514,308.640566,307.24235,308.521759,64582200,0.001601,0.118138,101.0
2020-02-18,307.525572,308.585661,306.337527,307.726624,57226200,-0.002581,0.115729,101.0
2020-02-19,308.695382,309.874251,308.412085,309.197998,48814700,0.00477,0.115933,101.0
2020-02-20,308.649639,309.472142,304.939339,307.927704,74163400,-0.004117,0.116413,101.0
2020-02-21,306.575149,306.88586,303.934058,304.756561,113788200,-0.010352,0.120656,101.0
2020-02-24,295.307217,304.829702,293.570846,294.649231,161088400,-0.033728,0.155612,101.0
2020-02-25,296.038308,296.650584,284.843428,285.720734,218913200,-0.030771,0.178703,101.0
2020-02-26,287.118989,290.710483,283.938747,284.66983,194773800,-0.003685,0.177094,101.0
2020-02-27,279.150059,284.724658,271.884827,271.884827,284353500,-0.045951,0.21862,101.0
2020-02-28,263.833654,272.232102,260.945828,270.742493,384975800,-0.00421,0.218021,101.0
2020-03-02,272.524403,282.531263,269.0974,282.467285,238703600,0.042395,0.253456,89.1
2020-03-03,282.841968,286.80815,271.939537,274.379547,300139100,-0.02905,0.264422,89.1
2020-03-04,279.753199,286.132006,277.2035,285.912659,176613400,0.041174,0.294257,89.1
2020-03-05,278.711381,281.900771,274.169458,276.408417,186366800,-0.033807,0.308317,89.1
2020-03-06,267.900253,273.045332,265.231776,271.83902,228667200,-0.016669,0.310531,89.1
2020-03-09,251.587787,259.712085,249.897154,250.60997,309417300,-0.081312,0.383537,89.1
2020-03-10,260.12331,263.669093,249.94281,263.577728,276444100,0.05045,0.415528,89.1
2020-03-11,256.522706,257.655893,247.548518,250.72876,255316300,-0.049977,0.433993,89.1
2020-03-12,233.950131,243.691964,226.346745,226.739716,392220700,-0.100569,0.513058,89.1
2020-03-13,240.429443,248.096806,227.114398,246.122849,329566100,0.082028,0.576504,89.1
2020-03-16,220.406578,234.772578,216.915612,219.191147,297240000,-0.115887,0.657492,89.1
2020-03-17,223.934105,234.10547,216.650593,231.025726,262070500,0.052585,0.6804,89.1
2020-03-18,215.901243,226.977315,208.380116,219.328247,327597100,-0.05196,0.68808,89.1
2020-03-19,218.642828,226.072576,212.21834,219.794296,289322000,0.002123,0.686011,89.1
2020-03-20,222.943582,224.726912,210.046628,210.322403,347158800,-0.04405,0.69123,89.1
2020-03-23,209.761684,211.131345,200.633611,204.944855,326025200,-0.025901,0.691971,89.1
2020-03-24,215.488591,224.386856,214.918665,223.513565,235494500,0.086731,0.74829,89.1
2020-03-25,225.094707,235.647612,220.388194,226.85965,299430300,0.014859,0.751109,89.1
2020-03-26,229.369104,241.576614,228.937059,240.10585,257632800,0.056748,0.774479,89.1
2020-03-27,232.816282,239.747356,230.775565,232.954163,224341200,-0.030238,0.776711,89.1
2020-03-30,235.050002,241.236493,233.05525,240.519485,171369500,0.031959,0.785353,89.1
2020-03-31,239.51756,242.063849,235.528056,236.934494,194881100,-0.015017,0.785393,89.1
2020-04-01,227.953484,236.851749,224.202978,226.271271,189554600,-0.046049,0.791597,71.8
2020-04-02,225.388792,232.2739,224.837241,231.492554,177660400,0.022813,0.797285,71.8
2020-04-03,230.509004,232.862274,225.416412,228.146561,135561200,-0.014559,0.797416,71.8
2020-04-06,237.017211,245.437466,228.128148,243.470276,188061200,0.065007,0.822463,71.8
2020-04-07,252.065222,252.819007,243.497912,243.718521,201427200,0.001019,0.819419,71.8
2020-04-08,246.319962,253.710672,243.828825,251.899765,153774500,0.033017,0.826918,71.8
2020-04-09,255.163094,258.490773,253.223508,255.733047,189999200,0.015103,0.818946,71.8
2020-04-13,254.758482,255.098597,249.49122,253.397995,114839100,-0.009173,0.819187,71.8
2020-04-14,258.288455,261.891865,253.260203,260.871521,134143400,0.029067,0.813774,71.8
2020-04-15,255.153803,261.009365,253.214189,255.328461,121775000,-0.021477,0.811933,71.8
2020-04-16,256.606193,257.415129,253.489979,256.560242,131798300,0.004813,0.801752,71.8
2020-04-17,262.333141,264.098069,259.593791,263.491394,146684800,0.026657,0.801115,71.8
2020-04-20,259.786798,263.629249,258.628573,258.849182,100109300,-0.017775,0.801302,71.8
2020-04-21,254.381765,255.58597,250.052117,250.989761,126385700,-0.030833,0.770446,71.8
2020-04-22,255.870811,258.306794,254.547101,256.560242,92951600,0.021951,0.758582,71.8
2020-04-23,257.838034,261.009429,256.238563,256.541901,104709700,-7.1e-05,0.744178,71.8
2020-04-24,258.058706,260.788854,256.008787,260.117798,85063200,0.013843,0.679902,71.8
2020-04-27,262.094096,264.989701,261.634475,263.868225,77896600,0.014315,0.64003,71.8
2020-04-28,267.517644,267.86696,262.351511,262.654877,105270000,-0.004609,0.533899,71.8
2020-04-29,267.986443,271.065907,266.956897,269.530762,118745600,0.025842,0.519055,71.8
2020-04-30,268.15195,269.631944,265.283921,267.021301,122901700,-0.009354,0.492329,71.8
2020-05-01,262.268718,267.186664,258.784786,259.95224,125180000,-0.026831,0.501658,72.3
2020-05-04,258.067842,260.972649,256.587877,260.669312,80873200,0.002755,0.47925,72.3
2020-05-05,263.491429,265.890636,260.798029,263.077759,79569900,0.009197,0.468899,72.3
2020-05-06,264.778274,265.16434,260.862298,261.294342,73632600,-0.006802,0.407306,72.3
2020-05-07,264.511772,266.377831,263.941847,264.447418,75250400,0.011995,0.4068,72.3
2020-05-08,267.581986,269.29179,266.451309,268.822968,76452400,0.016411,0.378093,72.3
2020-05-11,266.892578,270.257006,266.469735,268.878143,79514200,0.000205,0.364346,72.3
2020-05-12,270.063977,270.477619,263.381073,263.518982,95870800,-0.020133,0.361852,72.3
2020-05-13,262.958207,263.996955,256.431588,258.858398,144721100,-0.017844,0.363168,72.3
2020-05-14,256.422384,262.084886,250.943686,261.956207,121977900,0.011896,0.332793,72.3
2020-05-15,259.566164,263.206351,258.619346,263.1604,111146300,0.004586,0.328423,72.3
2020-05-18,269.383646,272.78485,269.061934,271.176178,119703800,0.030005,0.331598,72.3
2020-05-19,270.57876,272.288536,268.372586,268.390961,95189300,-0.010324,0.282947,72.3
2020-05-20,271.930003,273.814437,271.700193,272.950348,85861700,0.016845,0.285569,72.3
2020-05-21,272.821672,273.630609,269.972018,271.065918,78293900,-0.006928,0.273226,72.3
2020-05-22,270.780983,271.755377,269.540002,271.580719,63958200,0.001897,0.270578,72.3
2020-05-26,277.546633,277.785645,271.599138,274.926788,88951400,0.012245,0.27001,72.3
2020-05-27,277.721261,279.054173,272.895243,279.017395,104817400,0.014769,0.260913,72.3
2020-05-28,280.046852,282.059992,277.831477,278.502533,90405200,-0.001847,0.251437,72.3
2020-05-29,278.033818,280.331922,275.285294,279.743622,119090800,0.004446,0.251415,72.3
2020-06-01,279.100108,281.48094,278.585335,280.874237,55758300,0.004033,0.241167,78.1
2020-06-02,281.793421,283.245839,280.460538,283.19986,74267200,0.008246,0.234195,78.1
2020-06-03,285.18545,287.924799,284.909689,286.968781,92567600,0.013221,0.212717,78.1
2020-06-04,285.985186,287.722566,284.119127,286.214996,75794400,-0.00263,0.207012,78.1
2020-06-05,291.610982,295.324697,291.546628,293.550568,150524700,0.025307,0.215927,78.1
2020-06-08,294.359467,297.291849,293.817118,297.098816,73641200,0.012015,0.215303,78.1
2020-06-09,294.433036,297.172386,293.568947,294.883484,77479200,-0.007484,0.215876,78.1
2020-06-10,295.462552,296.354218,292.520969,293.237976,95000800,-0.005596,0.216225,78.1
2020-06-11,286.306999,286.941278,275.781699,276.333221,209243600,-0.059377,0.273717,78.1
2020-06-12,283.346998,284.119158,274.485525,279.642456,194678900,0.011904,0.273778,78.1
2020-06-15,273.952303,283.383729,272.775675,282.253052,135782700,0.009292,0.260969,78.1
2020-06-16,290.002236,290.149318,282.822964,287.68573,137627500,0.019065,0.265221,78.1
2020-06-17,288.706097,289.000261,285.755313,286.490723,83398900,-0.004163,0.265461,78.1
2020-06-18,284.974027,287.07907,284.514406,286.601074,80828700,0.000385,0.264005,78.1
2020-06-19,290.069032,290.262914,283.015107,284.963257,135549600,-0.005731,0.263803,78.1
2020-06-22,284.363042,287.188297,283.218176,286.79129,74649400,0.006394,0.260791,78.1
2020-06-23,289.441107,290.373636,287.705324,288.111572,68471200,0.004593,0.260815,78.1
2020-06-24,286.071136,286.68975,278.924906,280.762238,132813500,-0.02584,0.265562,78.1
2020-06-25,280.189739,284.039856,278.167739,283.772095,89468000,0.010663,0.259735,78.1
2020-06-26,282.673431,282.885797,276.450488,277.032135,127961000,-0.024038,0.269801,78.1
2020-06-29,278.287808,281.242308,275.998047,281.103821,79773300,0.014591,0.272225,78.1
2020-06-30,280.669923,286.403554,280.51298,284.704681,113394800,0.012728,0.261275,78.1
2020-07-01,285.821839,287.96387,285.360195,286.698944,72396500,0.00698,0.259205,72.5
2020-07-02,290.13365,291.481669,287.613095,288.277863,69344200,0.005492,0.255695,72.5
2020-07-06,292.10023,293.309733,291.35237,292.728058,61713800,0.015319,0.257206,72.5
2020-07-07,291.186126,293.161945,289.330311,289.708862,82910000,-0.010368,0.259923,72.5
2020-07-08,290.475207,292.035564,288.711755,291.924774,54638600,0.00762,0.258706,72.5
2020-07-09,292.534094,292.774158,286.846646,290.262817,83354200,-0.005709,0.256723,72.5
2020-07-10,290.198214,293.494354,288.767131,293.226593,57550400,0.010159,0.257793,72.5
2020-07-13,295.571755,297.953822,290.032035,290.687561,102997500,-0.008697,0.259393,72.5
2020-07-14,289.265635,295.230086,288.065374,294.454529,93657000,0.012876,0.261467,72.5
2020-07-15,297.676859,298.258534,294.777725,297.159821,87196500,0.009146,0.261679,72.5
2020-07-16,295.257866,296.633554,294.611554,296.181152,54622500,-0.003299,0.259679,72.5
2020-07-17,297.187433,297.824502,295.211586,297.039703,62774900,0.002895,0.259492,72.5
2020-07-20,296.772026,300.188198,296.024166,299.440338,56308800,0.008049,0.250237,72.5
2020-07-21,301.406989,301.850149,299.08953,300.077454,57292200,0.002125,0.24797,72.5
2020-07-22,299.717308,302.099404,299.606518,301.785461,57792900,0.005676,0.247297,72.5
2020-07-23,301.425407,302.127114,296.818216,298.184662,75738000,-0.012003,0.249419,72.5
2020-07-24,296.32898,297.289178,294.759381,296.264343,73766600,-0.006461,0.174963,72.5
2020-07-27,296.95666,298.600109,296.162619,298.424683,48293000,0.007265,0.173264,72.5
2020-07-28,297.695274,298.812471,296.236493,296.531952,57495000,-0.006363,0.17361,72.5
2020-07-29,297.409156,300.742236,297.372216,300.179016,48454200,0.012224,0.168708,72.5
2020-07-30,297.205972,299.523431,295.119364,299.107941,61861700,-0.003575,0.168548,72.5
2020-07-31,300.899063,301.573073,296.679637,301.471497,84986800,0.007871,0.169536,72.5
2020-08-03,303.133528,304.33379,302.588793,303.567474,53077900,0.006928,0.168691,74.1
2020-08-04,302.708779,304.740021,302.708779,304.740021,41917900,0.003855,0.16829,74.1
2020-08-05,306.041741,306.891177,305.77398,306.632629,42697700,0.006191,0.168566,74.1
2020-08-06,306.05112,308.802496,305.727964,308.682465,43679400,0.006663,0.146694,74.1
2020-08-07,307.713066,309.19033,306.808234,308.904114,57308300,0.000718,0.145097,74.1
2020-08-10,309.356477,310.012003,307.417569,309.827362,44282100,0.002984,0.120704,74.1
2020-08-11,311.009165,311.646235,306.54046,307.269836,69601100,-0.008289,0.121029,74.1
2020-08-12,309.70726,312.32939,309.679562,311.553833,53774400,0.013846,0.121853,74.1
2020-08-13,310.787415,312.301619,310.067253,310.99054,41816100,-0.00181,0.122023,74.1
2020-08-14,310.60281,311.535339,309.873406,310.999817,47260400,3e-05,0.121968,74.1
2020-08-17,312.015521,312.38483,311.009142,311.987823,35481000,0.003172,0.115826,74.1
2020-08-18,312.384832,313.086539,310.787536,312.661835,38733900,0.002158,0.109609,74.1
2020-08-19,313.040346,313.557384,310.796766,311.359985,68054200,-0.004172,0.110189,74.1
2020-08-20,309.633428,312.809536,309.504182,312.329437,42207800,0.003109,0.107659,74.1
2020-08-21,311.997053,313.658958,311.655413,313.437378,55106600,0.003541,0.105218,74.1
2020-08-24,315.874818,316.687315,313.409659,316.613464,48588700,0.010082,0.102322,74.1
2020-08-25,317.176578,317.804406,316.013228,317.721313,38463400,0.003493,0.097847,74.1
2020-08-26,318.312214,321.174379,317.767479,320.906647,50790200,0.009976,0.098362,74.1
2020-08-27,321.774673,323.058026,319.946555,321.608459,58034100,0.002185,0.096794,74.1
2020-08-28,322.633198,323.815004,321.442151,323.68573,48588900,0.006438,0.097385,74.1
2020-08-31,323.47344,324.350545,322.282392,322.513214,66099200,-0.003629,0.097862,74.1
2020-09-01,323.344204,325.652421,322.448615,325.550873,54908700,0.009375,0.099872,80.4
2020-09-02,327.462116,331.229114,326.317222,330.259674,69540000,0.01436,0.105141,80.4
2020-09-03,328.569976,329.040861,316.308732,318.893951,148011100,-0.035021,0.146659,80.4
2020-09-04,319.577212,321.146782,309.180995,316.290314,139156300,-0.008198,0.147637,80.4
2020-09-08,310.879849,316.354961,307.343674,307.648346,114465300,-0.027703,0.170229,80.4
2020-09-09,311.65536,316.188701,310.787469,313.723541,91462300,0.019555,0.176911,80.4
2020-09-10,315.597778,316.253303,307.315897,308.276123,90569500,-0.017516,0.182702,80.4
2020-09-11,310.058068,311.119842,305.607821,308.433075,84680200,0.000509,0.182218,80.4
2020-09-14,311.599895,314.268206,308.580758,312.495483,65605700,0.013085,0.184532,80.4
2020-09-15,314.951538,315.78249,312.504834,314.074432,52920900,0.00504,0.184103,80.4
2020-09-16,315.311677,316.74276,312.551031,312.828033,82096000,-0.003976,0.184496,80.4
2020-09-17,307.971537,311.793958,307.445257,310.07663,91523300,-0.008834,0.185867,80.4
2020-09-18,310.882103,310.993336,304.022438,306.506744,105877900,-0.01158,0.18801,80.4
2020-09-21,301.918262,303.243841,298.23814,303.09552,99450800,-0.011192,0.190635,80.4
2020-09-22,304.578711,306.738568,302.066568,306.182373,63612100,0.010133,0.192926,80.4
2020-09-23,306.738459,307.016571,298.581026,299.081604,93112200,-0.023464,0.203069,80.4
2020-09-24,297.765326,302.937876,296.448999,299.878845,76681300,0.002662,0.198548,80.4
2020-09-25,299.025994,305.514872,298.154657,304.726959,71069400,0.016038,0.20477,80.4
2020-09-28,308.889095,310.502035,307.897217,309.788269,64584600,0.016473,0.210723,80.4
2020-09-29,309.584405,310.32598,307.40599,308.101227,51304000,-0.005461,0.211032,80.4
2020-09-30,308.768518,313.588837,308.57386,310.437103,104081100,0.007553,0.212181,80.4
2020-10-01,313.032739,314.00606,310.548433,312.430206,88698700,0.0064,0.212689,81.8
2020-10-02,307.480048,312.402322,307.007278,309.463776,89431100,-0.00954,0.214295,81.8
2020-10-05,311.521752,315.136979,311.475415,314.951599,45713100,0.017578,0.220264,81.8
2020-10-06,315.090626,317.185616,309.964414,310.474243,90128900,-0.014318,0.222059,81.8
2020-10-07,313.431232,316.684949,313.403424,315.878479,56999600,0.017257,0.2278,81.8
2020-10-08,317.815953,318.742935,316.898221,318.67804,45242500,0.008824,0.227378,81.8
2020-10-09,320.328049,321.987356,319.706987,321.523865,59528600,0.00889,0.228823,81.8
2020-10-12,324.063815,328.17034,323.572515,326.696442,80388500,0.01596,0.232784,81.8
2020-10-13,326.557337,326.733466,323.600262,324.564331,73255500,-0.006548,0.233366,81.8
2020-10-14,325.139153,326.232985,321.792759,322.525055,57727900,-0.006303,0.232438,81.8
2020-10-15,318.613132,322.608425,318.075495,322.126404,60357700,-0.001237,0.228241,81.8
2020-10-16,323.4799,325.139207,321.755725,321.931854,89501900,-0.000604,0.203946,81.8
2020-10-19,323.192504,323.822845,316.138179,317.037354,68425600,-0.01532,0.207542,81.8
2020-10-20,318.381397,321.55169,317.621293,318.307251,60051900,0.003998,0.190287,81.8
2020-10-21,318.260879,320.430043,317.398792,317.704712,63575000,-0.001895,0.182229,81.8
2020-10-22,317.917903,320.031422,315.776576,319.447418,55399300,0.00547,0.174587,81.8
2020-10-23,320.671055,320.726671,318.075515,320.532013,49143900,0.003389,0.174689,81.8
2020-10-26,317.148474,317.936414,311.113809,314.608551,91473000,-0.018653,0.180187,81.8
2020-10-27,314.95164,315.28534,313.310862,313.524078,65994100,-0.003453,0.179896,81.8
2020-10-28,307.850861,313.551798,302.316775,302.808075,127094300,-0.034777,0.205982,81.8
2020-10-29,303.039868,309.055976,301.352753,305.885712,90597700,0.010112,0.207105,81.8
2020-10-30,304.30984,305.616889,299.044586,302.696899,120287300,-0.01048,0.206616,81.8
2020-11-02,306.08963,308.091887,303.345742,306.08963,86068300,0.011146,0.206636,76.9
2020-11-03,309.324791,313.551829,306.173057,311.493927,93294200,0.017502,0.210737,76.9
2020-11-04,315.971262,322.534315,314.794004,318.455597,126959700,0.022103,0.20692,76.9
2020-11-05,323.739338,326.473948,323.387081,324.666321,82039700,0.019315,0.212862,76.9
2020-11-06,324.378947,325.843595,322.265428,324.592163,74973000,-0.000228,0.209159,76.9
2020-11-09,337.393838,337.773904,328.207438,328.670929,172304200,0.012488,0.207088,76.9
2020-11-10,327.679016,329.245619,324.916626,328.188873,85552000,-0.001468,0.206164,76.9
2020-11-11,330.376467,331.45177,329.134314,330.62677,58649000,0.007401,0.20613,76.9
2020-11-12,329.616408,330.673182,325.611865,327.419464,67546200,-0.009748,0.208502,76.9
2020-11-13,329.329077,332.694028,328.809969,331.952454,62892200,0.01375,0.208652,76.9
2020-11-16,334.62217,336.290728,333.333651,336.096069,74541100,0.012405,0.20589,76.9
2020-11-17,333.68598,335.493608,332.174994,334.288513,66111000,-0.005393,0.201253,76.9
2020-11-18,334.557284,335.104201,330.228263,330.26535,70591300,-0.012108,0.200491,76.9
2020-11-19,329.634947,332.026549,328.290811,331.655762,59940900,0.004201,0.199465,76.9
2020-11-20,331.396208,331.600145,329.310497,329.384644,70417300,-0.006871,0.199505,76.9
2020-11-23,331.192342,332.619903,328.95831,331.359192,63230600,0.005977,0.194962,76.9
2020-11-24,333.908352,337.245494,333.055544,336.698578,62415900,0.015985,0.198812,76.9
2020-11-25,336.615218,336.643026,335.085702,336.179535,45330900,-0.001543,0.197721,76.9
2020-11-27,337.273355,337.588526,336.105348,337.115784,28514100,0.002781,0.197602,76.9
2020-11-30,336.337088,336.605921,332.944357,335.623322,83872700,-0.004437,0.19827,76.9
2020-12-01,338.877064,340.832984,338.283782,339.294189,74231400,0.010878,0.193569,80.7
2020-12-02,338.181778,340.165506,337.607053,340.007935,45927000,0.002101,0.193499,80.7
2020-12-03,339.905943,341.305696,338.812111,339.915222,62882000,-0.000273,0.193258,80.7
2020-12-04,340.499248,342.844513,340.406544,342.844513,50749900,0.008581,0.193917,80.7
2020-12-07,342.075119,342.631314,340.870053,342.140015,48944300,-0.002057,0.194307,80.7
2020-12-08,340.869995,343.706559,340.823657,343.141113,42458900,0.002922,0.183999,80.7
2020-12-09,343.799276,343.956847,339.229259,340.063538,74098300,-0.009009,0.186354,80.7
2020-12-10,338.691529,340.999706,337.820164,339.95224,57735400,-0.000327,0.149177,80.7
2020-12-11,338.255911,339.961555,336.735674,339.55368,57698600,-0.001173,0.14865,80.7
2020-12-14,341.722817,342.798092,337.857288,338.033417,69216200,-0.004487,0.144722,80.7
2020-12-15,340.573391,342.603485,339.201475,342.603485,63865300,0.013429,0.145892,80.7
2020-12-16,342.816664,344.058817,341.936019,343.141113,58420500,0.001568,0.140039,80.7
2020-12-17,344.781884,345.263904,343.956856,345.059967,64119500,0.005576,0.128386,80.7
2020-12-18,345.34857,345.516131,341.671369,343.68219,136542300,-0.004001,0.11961,80.7
2020-12-21,339.762924,352.321212,337.025976,342.453308,96386700,-0.003582,0.12052,80.7
2020-12-22,342.779136,342.890844,340.749707,341.876129,47949000,-0.001687,0.116517,80.7
2020-12-23,342.844366,344.091814,341.857578,342.183411,46201400,0.000898,0.116228,80.7
2020-12-24,342.658085,343.542484,342.071621,343.514557,26457900,0.003883,0.115089,80.7
2020-12-28,346.065375,346.856675,345.441665,346.465698,39000400,0.008554,0.112041,80.7
2020-12-29,347.992418,348.169298,345.218225,345.804718,53680500,-0.00191,0.106696,80.7
2020-12-30,346.623928,347.331447,345.907119,346.298096,49455300,0.001426,0.101437,80.7
2020-12-31,346.102589,348.783683,345.590587,348.057556,78520700,0.005068,0.100235,80.7
2021-01-04,349.388801,349.519146,339.623314,343.319122,110210800,-0.013707,0.102189,79.0
2021-01-05,342.676696,346.772799,342.630132,345.683594,66426200,0.006863,0.103134,79.0
2021-01-06,344.175583,350.943491,343.626336,347.750366,107997700,0.005961,0.100894,79.0
2021-01-07,350.124251,353.661789,349.947372,352.917053,68766800,0.014748,0.107057,79.0
2021-01-08,354.304149,355.141984,351.055198,354.927887,71677200,0.005682,0.099332,79.0
2021-01-11,351.753389,354.29482,351.632363,352.53537,51034700,-0.006764,0.101957,79.0
2021-01-12,352.721569,353.624547,350.366279,352.609833,52547700,0.000211,0.101967,79.0
2021-01-13,352.535415,354.555526,351.753434,353.559448,45303600,0.002689,0.100443,79.0
2021-01-14,354.304122,354.806834,351.986105,352.321228,49989100,-0.003508,0.09768,79.0
2021-01-15,350.701465,351.502055,347.890055,349.751923,107160000,-0.007319,0.100739,79.0
2021-01-19,352.209551,353.038096,350.72937,352.498138,51233300,0.007821,0.102605,79.0
2021-01-20,354.788228,358.214086,354.397251,357.376251,61836100,0.013744,0.106832,79.0
2021-01-21,357.934821,358.363071,356.780472,357.702087,47840100,0.000911,0.106346,79.0
2021-01-22,355.849481,357.599641,355.467795,356.435974,52860500,-0.003546,0.107234,79.0
2021-01-25,357.171401,358.195406,352.321216,357.841675,70402000,0.003936,0.102931,79.0
2021-01-26,358.791189,359.200802,357.050348,357.283081,42665300,-0.001562,0.103204,79.0
2021-01-27,353.959688,354.052787,346.316729,348.550964,123351100,-0.024744,0.128365,79.0
2021-01-28,350.366371,355.551681,349.928859,351.548676,94198100,0.008564,0.129201,79.0
2021-01-29,349.686671,350.65485,342.834983,344.510681,126765100,-0.020223,0.13826,79.0
2021-02-01,347.908647,351.278623,344.799331,350.2453,75817600,0.016509,0.146116,76.8
2021-02-02,353.429137,356.752579,350.329139,355.197906,64450700,0.014041,0.150571,76.8
2021-02-03,356.026329,357.199315,354.201707,355.477081,52427100,0.000786,0.149837,76.8
2021-02-04,356.510408,359.563869,355.588792,359.517334,47142600,0.011302,0.151968,76.8
2021-02-05,361.388581,361.639922,359.470859,360.932404,48669800,0.003928,0.151778,76.8
2021-02-08,362.384655,363.585567,361.528211,363.539032,38365200,0.007196,0.152545,76.8
2021-02-09,362.701125,363.892747,362.29154,363.296936,35551100,-0.000666,0.152632,76.8
2021-02-10,365.037724,365.186676,360.736814,363.138611,59154400,-0.000436,0.151428,76.8
2021-02-11,364.218583,364.637515,361.295465,363.725189,42913300,0.001614,0.151069,76.8
2021-02-12,362.924568,365.763905,362.850077,365.521881,50593300,0.004928,0.151358,76.8
2021-02-16,366.750706,366.946223,364.488544,365.205353,50972400,-0.000866,0.151222,76.8
2021-02-17,363.455213,365.540496,362.44047,365.289154,52290600,0.000229,0.144191,76.8
2021-02-18,362.682507,364.479202,360.960274,363.734467,59712800,-0.004265,0.144582,76.8
2021-02-19,364.991276,365.279864,362.645305,363.092163,83241000,-0.001767,0.144336,76.8
2021-02-22,360.327335,362.710524,360.029429,360.299408,67414200,-0.007721,0.140984,76.8
2021-02-23,358.092998,362.086712,353.941042,360.736847,107284100,0.001213,0.140202,76.8
2021-02-24,359.647602,365.140133,358.660815,364.711884,72433900,0.010959,0.141581,76.8
2021-02-25,363.445943,364.814417,354.481044,355.923981,146670500,-0.024391,0.159759,76.8
2021-02-26,357.804411,358.949441,352.107101,354.089966,152701600,-0.005166,0.160364,76.8
2021-03-01,358.95877,363.920664,354.285493,362.673187,105348800,0.023951,0.174219,84.9
2021-03-02,362.896663,363.129396,359.340488,359.843201,79595300,-0.007834,0.174438,84.9
2021-03-03,359.144989,360.11314,354.974395,355.076813,119940200,-0.013334,0.177935,84.9
2021-03-04,354.890642,357.478637,346.195722,350.682831,183433000,-0.012452,0.176858,84.9
2021-03-05,354.183143,358.186176,346.903261,357.134216,152039600,0.018229,0.1851,84.9
2021-03-08,358.092996,360.904406,355.07678,355.356049,123149200,-0.004991,0.185384,84.9
2021-03-09,359.200878,362.980468,358.698166,360.429718,113633600,0.014177,0.189649,84.9
2021-03-10,362.775605,364.367494,361.360596,362.673187,109899400,0.006205,0.190342,84.9
2021-03-11,365.140291,368.32407,364.684114,366.350494,86245000,0.010088,0.176467,84.9
2021-03-12,364.991231,366.983415,364.181323,366.843781,64653600,0.001346,0.175249,84.9
2021-03-15,367.095166,369.292185,364.954029,369.031525,73427200,0.005946,0.163162,84.9
2021-03-16,369.645957,370.353448,367.793379,368.566071,73722500,-0.001262,0.157746,84.9
2021-03-17,367.281385,370.623435,366.136326,369.822845,97959300,0.003404,0.153468,84.9
2021-03-18,367.234849,369.320132,363.762455,364.442047,115349100,-0.014657,0.16033,84.9
2021-03-19,364.141288,365.719721,361.591504,363.7677,113624500,-0.001852,0.15737,84.9
2021-03-22,364.2814,368.054699,364.225363,366.672394,73778600,0.007953,0.158584,84.9
2021-03-23,366.037279,367.484942,363.001835,363.786377,90686600,-0.007902,0.159102,84.9
2021-03-24,365.187313,366.821783,361.890354,361.937042,97588600,-0.005097,0.159785,84.9
2021-03-25,360.498727,364.767007,358.556027,363.973145,116128600,0.00561,0.160641,84.9
2021-03-26,365.121961,370.240198,364.524227,369.838593,114409100,0.015987,0.167107,84.9
2021-03-29,368.362863,370.557729,366.877833,369.651764,108107600,-0.000505,0.166613,84.9
2021-03-30,368.381549,369.34355,367.07395,368.671082,76262200,-0.002657,0.16681,84.9
2021-03-31,369.240832,371.72523,369.212814,370.165466,112734200,0.004045,0.167159,84.9
2021-04-01,372.098808,374.218968,371.893331,374.162903,99682900,0.010741,0.169134,88.3
2021-04-05,376.82478,380.075051,376.750074,379.533325,91684800,0.014251,0.173226,88.3
2021-04-06,378.972923,380.355199,378.636674,379.309143,62021000,-0.000591,0.171156,88.3
2021-04-07,379.140994,380.093646,378.683352,379.748077,55836300,0.001157,0.171158,88.3
2021-04-08,380.999643,381.606726,380.06566,381.55069,57863100,0.004736,0.169175,88.3
2021-04-09,381.429352,384.492815,381.30793,384.324677,61104600,0.007244,0.150963,88.3
2021-04-12,383.726928,384.735617,383.119845,384.464783,56704900,0.000364,0.149346,88.3
2021-04-13,384.361972,386.229938,383.979035,385.604156,56551000,0.002959,0.135161,88.3
2021-04-14,385.576165,386.63157,383.745566,384.287292,61659900,-0.003421,0.132946,88.3
2021-04-15,386.426109,388.68636,386.379421,388.415497,60229800,0.010685,0.12665,88.3
2021-04-16,389.704396,390.320828,388.284752,389.713745,82037300,0.003337,0.117883,88.3
2021-04-19,388.779772,389.228065,386.472832,387.799072,78498500,-0.004925,0.111713,88.3
2021-04-20,386.584838,387.686931,383.484008,384.959717,81851800,-0.007349,0.113329,88.3
2021-04-21,384.343335,388.807772,384.203215,388.602295,66793000,0.009418,0.109917,88.3
2021-04-22,388.434142,389.265372,383.988375,385.053101,97582800,-0.009175,0.114371,88.3
2021-04-23,385.613609,390.638443,385.538903,389.228119,73209200,0.010784,0.114816,88.3
2021-04-26,389.881888,390.610394,389.293474,390.040649,52182400,0.002085,0.114798,88.3
2021-04-27,390.339571,390.535728,388.817174,389.956635,51303100,-0.000215,0.114367,88.3
2021-04-28,390.227388,391.348179,389.37746,389.844452,51238900,-0.000288,0.114172,88.3
2021-04-29,392.571702,392.94529,388.947844,392.328857,78544300,0.006353,0.114834,88.3
2021-04-30,390.05936,390.909288,388.854513,389.751129,85527000,-0.006592,0.106784,88.3
2021-05-03,391.740394,392.123331,390.096604,390.591614,68128300,0.002154,0.10608,82.9
2021-05-04,388.602311,389.09732,384.492791,388.182007,101591200,-0.006188,0.107522,82.9
2021-05-05,389.825864,390.05936,387.743071,388.303467,60162200,0.000313,0.103578,82.9
2021-05-06,388.378112,391.534979,386.370054,391.404236,74321400,0.007954,0.102518,82.9
2021-05-07,392.170105,394.906668,391.488287,394.252869,67733800,0.007252,0.103045,82.9
2021-05-10,394.607776,394.831922,390.227394,390.348816,81852400,-0.009952,0.101311,82.9
2021-05-11,385.828374,387.855101,382.989058,386.865082,116888000,-0.008965,0.105848,82.9
2021-05-12,384.081783,385.351986,377.329077,378.645996,134811000,-0.021474,0.124673,82.9
2021-05-13,380.196442,385.127871,380.149726,383.194519,106394000,0.011941,0.128452,82.9
2021-05-14,385.931004,389.928449,385.902986,389.078522,82201600,0.015238,0.131982,82.9
2021-05-17,387.967199,388.901182,386.071186,388.088593,65129200,-0.002548,0.126529,82.9
2021-05-18,388.350125,388.59297,384.586175,384.744965,59810200,-0.008653,0.129393,82.9
2021-05-19,380.05634,383.913665,378.571282,383.736206,106467100,-0.002625,0.129683,82.9
2021-05-20,384.61423,389.125385,384.492837,387.864502,78022200,0.010701,0.132557,82.9
2021-05-21,389.349486,390.591699,387.089263,387.546906,76578700,-0.000819,0.131069,82.9
2021-05-24,389.788415,392.571694,389.54557,391.49762,51376700,0.010143,0.134153,82.9
2021-05-25,392.581019,392.935937,390.049933,390.628998,57451400,-0.002221,0.134202,82.9
2021-05-26,391.217428,391.908566,390.18072,391.404236,43088600,0.001983,0.133768,82.9
2021-05-27,392.431559,392.945238,391.329438,391.60965,56707700,0.000525,0.130316,82.9
2021-05-28,393.178839,393.440353,392.076746,392.310242,58520200,0.001787,0.130076,82.9
2021-06-01,394.673175,394.813267,391.525657,391.96463,54216600,-0.000881,0.129211,85.5
2021-06-02,392.618422,393.421662,391.609733,392.581055,49097100,0.001571,0.127159,85.5
2021-06-03,390.264775,392.263484,388.798415,391.124023,58138800,-0.003718,0.124972,85.5
2021-06-04,392.973359,395.000114,391.189448,394.701233,55938800,0.009104,0.124264,85.5
2021-06-07,394.691886,394.869345,393.384315,394.318298,51555000,-0.000971,0.120696,85.5
2021-06-08,395.177507,395.270911,392.571715,394.402313,47134300,0.000213,0.120596,85.5
2021-06-09,395.242897,395.317631,393.589757,393.813904,48436300,-0.001493,0.120706,85.5
2021-06-10,395.037387,396.597151,393.720468,395.64447,51020100,0.004638,0.12133,85.5
2021-06-11,396.195585,396.410383,394.906684,396.298309,45570800,0.001651,0.120116,85.5
2021-06-14,396.410417,397.288363,395.168232,397.185638,42358500,0.002237,0.118405,85.5
2021-06-15,397.335039,397.372377,395.579146,396.457092,51508500,-0.001836,0.118523,85.5
2021-06-16,396.597155,396.821302,392.198103,394.2435,80386100,-0.005599,0.118246,85.5
2021-06-17,393.832579,395.093433,391.637713,394.112762,90949700,-0.000332,0.118271,85.5
2021-06-18,390.829409,391.522808,388.589901,388.796051,118676300,-0.013582,0.12285,85.5
2021-06-21,390.557656,394.549449,389.742437,394.36203,72822000,0.014214,0.128078,85.5
2021-06-22,394.35271,397.304376,393.631172,396.470398,57700300,0.005332,0.12538,85.5
2021-06-23,396.545373,397.351212,395.908193,395.992523,49445400,-0.001206,0.122259,85.5
2021-06-24,398.138313,398.756733,397.885294,398.335083,45110300,0.005898,0.103225,85.5
2021-06-25,399.084619,400.199697,398.75665,399.749908,58129500,0.003546,0.098751,85.5
2021-06-28,400.274778,400.724538,399.075369,400.555878,53159600,0.002014,0.089681,85.5
2021-06-29,400.940083,401.577263,400.237304,400.771423,35970500,0.000538,0.089073,85.5
2021-06-30,400.312276,401.783434,400.284166,401.108765,64827900,0.000841,0.084182,85.5
2021-07-01,401.86772,403.488807,401.802121,403.329498,53441000,0.005521,0.084117,81.2
2021-07-02,404.491436,406.768433,403.413819,406.412354,57697700,0.007614,0.081675,81.2
2021-07-06,406.468608,406.684137,402.935982,405.672119,68710400,-0.001823,0.08198,81.2
2021-07-07,406.356154,407.386903,404.341527,407.105774,63549500,0.003528,0.078086,81.2
2021-07-08,401.783359,404.547634,400.602682,403.788635,97595200,-0.008181,0.082225,81.2
2021-07-09,405.297293,408.398889,403.591876,408.09903,76238600,0.010618,0.086713,81.2
2021-07-12,408.014714,409.81384,407.583684,409.560822,52889600,0.003576,0.086899,81.2
2021-07-13,408.773742,410.27301,407.902303,408.164673,52911300,-0.003415,0.088046,81.2
2021-07-14,409.860589,410.347867,407.527372,408.773621,64130400,0.001491,0.087799,81.2
2021-07-15,407.433722,408.108391,405.475315,407.377502,55126400,-0.003421,0.088899,81.2
2021-07-16,408.558203,408.605044,403.78868,404.18222,75874700,-0.007874,0.091684,81.2
2021-07-19,399.356476,404.247818,395.402172,398.213287,147987000,-0.014878,0.099493,81.2
2021-07-20,398.878558,405.194218,398.08207,403.91983,99608200,0.014229,0.107261,81.2
2021-07-21,405.119247,407.330673,403.872998,407.190094,64724400,0.008064,0.109281,81.2
2021-07-22,407.368086,408.286394,406.384207,408.042755,47878500,0.002092,0.109046,81.2
2021-07-23,409.973198,412.578165,409.289178,412.240845,63766600,0.010236,0.11176,81.2
2021-07-26,411.650358,413.262065,411.603517,413.252686,43719200,0.002451,0.111802,81.2
2021-07-27,412.212622,412.240732,408.539419,411.369293,67397100,-0.004568,0.113089,81.2
2021-07-28,411.997172,412.578132,409.776395,411.200684,52472400,-0.00041,0.112835,81.2
2021-07-29,412.128246,413.983564,412.118866,412.905975,47435300,0.004139,0.111242,81.2
2021-07-30,410.338558,412.353186,410.207359,410.900787,68951200,-0.004868,0.112673,81.2
2021-08-02,412.615614,413.168463,409.682678,410.038757,58783300,-0.0021,0.103995,70.3
2021-08-03,410.835176,413.496362,408.642509,413.374542,58053900,0.008102,0.099031,70.3
2021-08-04,412.090806,413.346434,411.106927,411.341187,46732200,-0.004931,0.100104,70.3
2021-08-05,412.503089,414.030467,412.1845,413.946136,38969700,0.006313,0.100885,70.3
2021-08-06,414.264697,415.051806,413.983568,414.630127,46930000,0.001651,0.100015,70.3
2021-08-09,414.602118,414.920708,413.524529,414.292908,41222600,-0.000814,0.099976,70.3
2021-08-10,414.742658,415.520417,414.058639,414.808258,43339300,0.001243,0.099946,70.3
2021-08-11,415.876448,415.932668,414.751991,415.838959,44034300,0.002482,0.099999,70.3
2021-08-12,415.689118,417.225875,414.789569,417.085297,38909400,0.002993,0.100121,70.3
2021-08-13,417.53503,417.862999,417.04778,417.844269,39470300,0.001818,0.099337,70.3
2021-08-16,416.54184,418.959387,414.986352,418.828217,73740000,0.002352,0.097528,70.3
2021-08-17,416.269971,416.94464,413.093425,416.082581,92673900,-0.006577,0.099675,70.3
2021-08-18,415.07063,416.635498,411.285015,411.528625,89351900,-0.011005,0.105031,70.3
2021-08-19,408.801837,413.365239,408.661287,412.165802,92812200,0.001547,0.101894,70.3
2021-08-20,412.512467,415.773343,412.025189,415.445374,72008700,0.007925,0.099892,70.3
2021-08-23,417.132097,420.008813,415.52039,419.099884,54973000,0.008758,0.102335,70.3
2021-08-24,419.765045,420.299164,419.249686,419.765045,38744700,0.001586,0.101583,70.3
2021-08-25,419.952566,421.161325,419.577728,420.645966,40529700,0.002096,0.101627,70.3
2021-08-26,420.36486,420.599119,418.069132,418.162842,57829600,-0.005921,0.102813,70.3
2021-08-27,418.968737,422.276482,418.912517,421.901672,77235100,0.008901,0.101906,70.3
2021-08-30,422.576311,424.544098,422.332672,423.756989,48357400,0.004388,0.089678,70.3
2021-08-31,423.663269,424.000589,422.529461,423.12915,59300200,-0.001483,0.082441,70.3
2021-09-01,424.066193,424.581553,423.119775,423.354034,48721400,0.000531,0.080126,72.8
2021-09-02,424.778283,425.462303,423.457056,424.656464,42501000,0.003072,0.080261,72.8
2021-09-03,423.522747,425.068855,423.119799,424.553467,47170500,-0.000243,0.075778,72.8
2021-09-07,424.206668,424.300377,422.360701,423.03537,51671500,-0.003582,0.076772,72.8
2021-09-08,422.50132,423.232208,420.599104,422.52005,56181900,-0.001219,0.075345,72.8
2021-09-09,422.323316,424.075574,420.46797,420.711609,57970400,-0.004289,0.076753,72.8
2021-09-10,422.641923,423.063573,417.272681,417.394501,89948200,-0.007916,0.080027,72.8
2021-09-13,420.392972,420.655342,416.14816,418.462646,83738600,0.002556,0.078693,72.8
2021-09-14,419.905753,420.111903,415.31427,416.204468,78197100,-0.005411,0.080253,72.8
2021-09-15,416.626153,420.177538,415.520454,419.680908,78792200,0.008318,0.080433,72.8
2021-09-16,419.156084,420.130583,416.063839,419.015533,77786700,-0.001587,0.079041,72.8
2021-09-17,418.242891,418.665892,414.576709,414.933929,118425000,-0.009789,0.08265,72.8
2021-09-20,408.80489,410.384151,403.145826,408.015259,166445500,-0.016815,0.09587,72.8
2021-09-21,410.355872,411.653133,407.10334,407.629761,92526100,-0.000945,0.095874,72.8
2021-09-22,409.90473,413.646102,407.742648,411.606201,102350100,0.009708,0.10028,72.8
2021-09-23,413.476855,418.214668,413.241845,416.607178,76396000,0.012077,0.106237,72.8
2021-09-24,414.971464,418.007805,414.755245,417.293365,62094800,0.001646,0.105985,72.8
2021-09-27,416.259339,417.42498,415.403899,416.099548,61371100,-0.002865,0.106163,72.8
2021-09-28,413.326398,413.655418,406.981125,407.714355,130436300,-0.020358,0.12091,72.8
2021-09-29,409.096256,410.835336,407.836605,408.400635,82329200,0.001682,0.119904,72.8
2021-09-30,409.876513,410.581544,403.070628,403.409058,140506000,-0.012298,0.12093,72.8
2021-10-01,405.138673,409.885867,401.613522,408.203186,129240100,0.011814,0.126112,71.7
2021-10-04,407.037528,407.939958,400.795645,402.938965,128570000,-0.01298,0.128759,71.7
2021-10-05,404.442909,409.37812,403.643898,407.131439,90682500,0.010351,0.129887,71.7
2021-10-06,403.531116,409.030357,401.904864,408.823547,113032200,0.004148,0.130535,71.7
2021-10-07,412.104445,415.197158,411.925835,412.358246,72437500,0.008609,0.133164,71.7
2021-10-08,413.129091,413.514511,410.97639,411.606201,74557400,-0.001825,0.132285,71.7
2021-10-11,410.948122,413.862253,408.560411,408.626221,65233300,-0.007266,0.13056,71.7
2021-10-12,409.547492,409.951703,406.830761,407.620392,71181200,-0.002465,0.12958,71.7
2021-10-13,408.645002,409.904653,405.66509,409.086823,72974000,0.003591,0.130348,71.7
2021-10-14,412.753005,416.118366,412.282985,415.967957,70236800,0.016681,0.140165,71.7
2021-10-15,418.082993,419.502463,417.462563,419.135834,66260200,0.007587,0.14179,71.7
2021-10-18,417.349777,420.71511,416.691738,420.376709,62213200,0.002956,0.142131,71.7
2021-10-19,422.003033,423.685685,421.391983,423.619904,46996800,0.007685,0.143634,71.7
2021-10-20,424.080532,425.584603,423.967732,425.283783,49571600,0.00392,0.144012,71.7
2021-10-21,424.682094,426.618575,424.249684,426.392975,41305400,0.002605,0.143523,71.7
2021-10-22,425.960581,427.408252,424.005281,425.951172,58845100,-0.001037,0.141409,71.7
2021-10-25,427.041632,428.564494,425.264971,428.235474,45214500,0.005348,0.141962,71.7
2021-10-26,429.786519,430.999151,428.244839,428.62085,56075100,0.0009,0.140748,71.7
2021-10-27,429.081465,429.748886,426.646735,426.721954,72438000,-0.00444,0.139822,71.7
2021-10-28,428.150855,430.914577,428.141474,430.839386,51437900,0.009603,0.142075,71.7
2021-10-29,428.536251,432.005003,428.244841,431.713593,70162400,0.002027,0.138411,71.7
2021-11-01,432.700598,433.076637,430.726536,432.456207,48433600,0.001719,0.127284,67.4
2021-11-02,432.625451,434.514941,432.493831,434.204712,48908400,0.004035,0.127122,67.4
2021-11-03,433.64064,437.259801,433.19882,436.855591,52509800,0.006087,0.125665,67.4
2021-11-04,437.457227,438.998907,437.109416,438.914307,52847100,0.004702,0.12229,67.4
2021-11-05,441.142225,442.430076,438.923743,440.437195,66390600,0.003464,0.122392,67.4
2021-11-08,441.537021,442.035241,440.12696,440.813171,50405200,0.000853,0.121633,67.4
2021-11-09,441.179729,441.414739,437.945988,439.356049,51149100,-0.003311,0.103124,67.4
2021-11-10,437.664066,439.356156,434.336343,435.821594,69429700,-0.008077,0.107572,67.4
2021-11-11,437.316277,437.391496,435.943825,435.962616,34848500,0.000324,0.098678,67.4
2021-11-12,437.231695,439.807398,436.282245,439.252777,53466700,0.007519,0.095935,67.4
2021-11-15,440.540668,440.700459,438.275167,439.403198,46980500,0.000342,0.084399,67.4
2021-11-16,439.139921,442.279653,439.06473,441.142212,48857500,0.00395,0.081469,67.4
2021-11-17,440.879008,441.057618,439.450157,440.070587,47858300,-0.002432,0.082658,67.4
2021-11-18,441.104577,441.828426,438.378465,441.565216,50625600,0.003391,0.080641,67.4
2021-11-19,441.452467,442.702737,440.409036,440.775665,57315600,-0.00179,0.080626,67.4
2021-11-22,442.655762,445.146864,439.32801,439.534821,72762000,-0.002819,0.076998,67.4
2021-11-23,439.205744,440.973025,436.601842,440.117584,73206500,0.001325,0.075676,67.4
2021-11-24,438.115291,441.414843,437.297461,441.292633,61858800,0.002666,0.075614,67.4
2021-11-26,434.618372,436.084833,430.322379,431.450439,112669600,-0.022556,0.094853,67.4
2021-11-29,436.244639,438.58533,434.044947,436.742859,86268800,0.012192,0.098412,67.4
2021-11-30,434.298737,436.207018,428.000453,428.244873,148559600,-0.019649,0.115563,67.4
2021-12-01,433.960316,436.808637,423.29085,423.488251,131939200,-0.011169,0.118428,70.6
2021-12-02,423.704584,431.544521,423.309754,429.97464,127637800,0.0152,0.125955,70.6
2021-12-03,431.638418,432.700639,422.003002,426.233185,137331600,-0.00874,0.128469,70.6
2021-12-06,428.780678,433.16127,426.364767,431.281189,98977500,0.011774,0.132871,70.6
2021-12-07,436.564227,440.766209,431.149584,440.202179,95484700,0.020474,0.144476,70.6
2021-12-08,440.597047,441.819089,438.839147,441.367859,72238800,0.002645,0.144563,70.6
2021-12-09,440.080001,441.471271,438.190539,438.387939,61272600,-0.006774,0.145478,70.6
2021-12-10,441.095176,442.665028,438.538265,442.514618,77159800,0.009369,0.145359,70.6
2021-12-13,441.9977,442.34551,438.312728,438.594757,87724700,-0.008898,0.148041,70.6
2021-12-14,435.323409,437.814511,432.653697,435.577209,97264100,-0.006904,0.149539,70.6
2021-12-15,435.633573,442.627448,433.114243,442.383057,116899300,0.015504,0.155639,70.6
2021-12-16,444.235008,444.517009,436.930874,438.481964,116568600,-0.008857,0.157099,70.6
2021-12-17,435.400056,438.409324,432.107798,433.815247,135511600,-0.0107,0.159522,70.6
2021-12-20,428.730599,429.598459,425.579836,429.202271,107134800,-0.01069,0.16181,70.6
2021-12-21,432.626605,436.965989,430.456927,436.824493,69806300,0.017603,0.170406,70.6
2021-12-22,436.569793,441.305366,436.371671,441.192169,58890200,0.009949,0.17269,70.6
2021-12-23,442.192065,445.437168,442.088311,443.937256,56439700,0.006203,0.171743,70.6
2021-12-27,445.314545,450.267096,445.267389,450.21994,56808600,0.014053,0.176095,70.6
2021-12-28,450.653807,451.682047,449.087854,449.851959,47274600,-0.000818,0.175098,70.6
2021-12-29,449.955819,451.446288,448.955877,450.42749,54503000,0.001279,0.175098,70.6
2021-12-30,450.851989,451.861373,448.720053,449.182281,55329000,-0.002768,0.17514,70.6
2021-12-31,448.691758,449.842609,447.776714,448.050262,65237400,-0.002523,0.175153,70.6
2022-01-03,449.314353,450.776552,447.003179,450.64447,72668200,0.005773,0.175619,67.2
2022-01-04,452.068865,452.785815,448.635082,450.493469,71178700,-0.000335,0.175492,67.2
2022-01-05,450.125599,450.899148,441.748708,441.843048,104538900,-0.019389,0.184729,67.2
2022-01-06,441.380823,444.144811,439.060178,441.427979,86858900,-0.00094,0.184723,67.2
2022-01-07,441.437403,442.616582,438.324353,439.68277,85111600,-0.003961,0.184921,67.2
2022-01-10,436.48492,439.352662,430.73052,439.135712,119362000,-0.001245,0.172343,67.2
2022-01-11,438.871627,443.229869,435.871773,443.135529,74303100,0.009067,0.170745,67.2
2022-01-12,444.871178,446.389975,442.371325,444.333466,67605400,0.0027,0.159779,67.2
2022-01-13,445.437224,446.088134,437.182972,438.211212,91173100,-0.013874,0.161783,67.2
2022-01-14,435.060381,438.739413,433.84346,438.390381,95890900,0.000409,0.156195,67.2
2022-01-18,433.692544,433.90008,429.513541,430.626678,109709100,-0.017868,0.163052,67.2
2022-01-19,432.173746,433.569875,425.881635,426.155212,109357600,-0.010438,0.162225,67.2
2022-01-20,428.04197,432.749244,419.316046,421.438568,122379700,-0.01113,0.152456,67.2
2022-01-21,420.315964,422.674322,413.137137,413.165436,202271200,-0.019826,0.160886,67.2
2022-01-24,407.552566,415.429488,396.921099,414.920074,251783900,0.004238,0.161331,67.2
2022-01-25,408.524131,414.806799,402.94897,409.854248,167997300,-0.012284,0.160469,67.2
2022-01-26,415.750185,418.882091,404.56212,408.82605,186391100,-0.002512,0.159339,67.2
2022-01-27,413.429631,416.570951,405.118779,406.807343,149878300,-0.00495,0.158953,67.2
2022-01-28,408.165713,416.957678,403.581079,416.910522,164457400,0.024532,0.169531,67.2
2022-01-31,416.240637,424.768466,414.891664,424.419434,152251400,0.017851,0.177592,67.2
2022-02-01,425.145885,427.928759,421.617791,427.287292,123155400,0.006734,0.176576,62.8
2022-02-02,429.692798,432.164352,427.381596,431.437988,117361000,0.009667,0.17623,62.8
2022-02-03,425.400637,427.30618,420.457499,421.297089,118024400,-0.023786,0.181408,62.8
2022-02-04,421.061214,427.126903,418.683971,423.278076,118454400,0.004691,0.179225,62.8
2022-02-07,424.042169,425.438299,420.58953,421.919647,84472900,-0.003214,0.177835,62.8
2022-02-08,421.419708,426.315661,419.99525,425.391174,81012000,0.008194,0.174098,62.8
2022-02-09,429.428625,431.937921,429.230531,431.617188,92589900,0.01453,0.180485,62.8
2022-02-10,425.768488,431.77758,421.863063,423.862946,140103700,-0.018129,0.186661,62.8
2022-02-11,423.947846,426.023184,414.071042,415.504913,153214600,-0.019916,0.193735,62.8
2022-02-14,414.995577,416.580387,410.675049,414.146545,123006300,-0.003275,0.193745,62.8
2022-02-15,418.589569,420.995082,418.070713,420.825287,88482700,0.015998,0.199768,62.8
2022-02-16,418.77835,422.674362,416.901106,421.297089,84863600,0.001121,0.199936,62.8
2022-02-17,418.108574,421.26878,411.693852,412.297577,102259100,-0.021593,0.201674,62.8
2022-02-18,412.552209,413.806872,407.354408,409.627869,132642900,-0.006496,0.201989,62.8
2022-02-22,407.420497,410.825952,401.73211,405.231934,124391800,-0.01079,0.203385,62.8
2022-02-23,408.146837,408.712848,397.477629,398.04364,132578000,-0.017898,0.20801,62.8
2022-02-24,387.732905,404.467833,387.374459,404.033875,213942900,0.014937,0.2117,62.8
2022-02-25,405.269659,413.033384,403.618808,412.948486,121804500,0.021824,0.223181,62.8
2022-02-28,407.552523,413.372962,406.297889,411.891907,145615000,-0.002562,0.220538,62.8
2022-03-01,410.391997,412.401322,402.911264,405.618683,137785900,-0.015347,0.223708,59.4
2022-03-02,407.873294,414.806872,407.11863,413.080566,117726500,0.018229,0.226728,59.4
2022-03-03,415.514401,416.118126,409.222289,411.024078,105501700,-0.004991,0.225384,59.4
2022-03-04,407.288354,408.816565,403.637621,407.68457,113978200,-0.008158,0.224409,59.4
2022-03-07,407.099664,407.807171,395.60031,395.666351,137896600,-0.029922,0.233454,59.4
2022-03-08,395.845534,403.005503,391.600491,392.666473,164772700,-0.007611,0.233474,59.4
2022-03-09,401.052957,405.175362,398.864394,403.194336,116990800,0.026458,0.245121,59.4
2022-03-10,398.58128,402.269755,396.619139,401.373596,93972700,-0.004526,0.245331,59.4
2022-03-11,403.86398,404.477147,395.760667,396.270081,95636300,-0.012797,0.24758,59.4
2022-03-14,397.043734,400.496345,392.232678,393.374115,95729200,-0.007335,0.236125,59.4
2022-03-15,395.987117,402.65656,394.713627,402.024536,106219100,0.021752,0.239217,59.4
2022-03-16,405.53384,410.995777,400.732198,410.939178,144954800,0.021932,0.247832,59.4
2022-03-17,409.024166,416.080383,408.646834,416.080383,102676900,0.012433,0.249023,59.4
2022-03-18,414.467879,420.959303,413.729787,420.637573,106345500,0.010893,0.241883,59.4
2022-03-21,420.467317,422.473413,417.003952,420.514648,88349800,-0.000292,0.241464,59.4
2022-03-22,421.905539,426.371952,421.905539,425.43515,74650400,0.011633,0.243688,59.4
2022-03-23,422.899164,424.394264,419.871077,419.956238,79426100,-0.012962,0.245423,59.4
2022-03-24,421.981331,426.296337,420.864735,426.286865,64736900,0.014962,0.245654,59.4
2022-03-25,426.920824,428.643049,424.337487,428.368622,77101300,0.004872,0.240226,59.4
2022-03-28,427.77246,431.415619,425.879912,431.415619,68529800,0.007088,0.233071,59.4
2022-03-29,435.304827,437.244705,432.617413,436.752625,86581500,0.012295,0.234805,59.4
2022-03-30,435.607629,436.42144,431.945555,434.055756,79666900,-0.006194,0.231912,59.4
2022-03-31,433.28921,434.112463,426.920778,427.375,121699900,-0.015511,0.236815,59.4
2022-04-01,428.955366,429.097301,425.00942,428.586334,89048800,0.00283,0.227429,65.2
2022-04-04,428.784974,432.361887,427.961721,432.257782,59601000,0.00853,0.227127,65.2
2022-04-05,430.762772,433.232533,425.652899,426.797882,74214500,-0.012712,0.228118,65.2
2022-04-06,422.880266,424.810644,419.643998,422.530121,106898000,-0.01005,0.223335,65.2
2022-04-07,421.650067,426.476068,419.700746,424.65921,78097200,0.005026,0.220167,65.2
2022-04-08,423.902216,426.419307,421.981281,423.523712,79272700,-0.002677,0.211967,65.2
2022-04-11,420.249651,421.091848,415.783266,416.28479,89770500,-0.01724,0.218193,65.2
2022-04-12,419.274971,421.801534,413.190437,414.74234,84363600,-0.003712,0.213472,65.2
2022-04-13,414.496321,420.249653,414.316526,419.492645,74070400,0.011389,0.209486,65.2
2022-04-14,419.719744,420.836369,414.165121,414.269226,97869500,-0.01253,0.212328,65.2
2022-04-18,413.341833,416.12388,412.206293,414.439514,66002500,0.000411,0.210822,65.2
2022-04-19,414.335372,421.848787,414.16505,421.129639,77821000,0.016014,0.194539,65.2
2022-04-20,422.908638,423.52371,419.653454,420.817352,65224400,-0.000742,0.192574,65.2
2022-04-21,424.44168,425.832703,413.616304,414.524719,85417300,-0.015066,0.184772,65.2
2022-04-22,413.436411,414.543535,402.582651,403.150421,132471800,-0.027823,0.202253,65.2
2022-04-25,400.907831,405.658115,396.337313,405.487793,119647700,0.005781,0.199063,65.2
2022-04-26,402.951763,403.150501,393.71615,393.744537,103996300,-0.029388,0.216371,65.2
2022-04-27,394.823206,400.198062,392.713034,394.851593,122030000,0.002808,0.206591,65.2
2022-04-28,399.601958,406.557076,395.163931,404.825378,105449100,0.024946,0.20961,65.2
2022-04-29,400.832117,402.98962,389.117243,389.864807,145491100,-0.037656,0.231847,65.2
2022-05-02,389.931025,393.574184,383.259778,392.211548,158312500,0.006001,0.229877,58.4
2022-05-03,392.713009,396.422386,391.151635,394.009399,100028200,0.004573,0.230683,58.4
2022-05-04,394.67178,406.575918,391.482843,406.008148,144247900,0.029998,0.245873,58.4
2022-05-05,401.740547,402.166382,387.442364,391.577576,172929100,-0.03619,0.263798,58.4
2022-05-06,389.013107,392.514303,383.931622,389.240204,151770800,-0.005987,0.258803,58.4
2022-05-09,383.335471,384.575087,375.197512,376.777802,155586100,-0.032541,0.271291,58.4
2022-05-10,382.758218,384.262789,373.607768,377.648346,132497200,0.002308,0.269901,58.4
2022-05-11,376.683232,382.332488,370.901483,371.649048,142361000,-0.016013,0.267107,58.4
2022-05-12,368.450583,374.535116,364.457307,371.261017,125090800,-0.001045,0.267387,58.4
2022-05-13,375.396184,381.518575,374.355277,380.137024,104174400,0.023626,0.278128,58.4
2022-05-16,378.490528,382.266151,376.238392,378.594604,78622400,-0.004066,0.277394,58.4
2022-05-17,384.688669,386.619076,380.950876,386.382507,83029700,0.020362,0.284126,58.4
2022-05-18,381.821464,382.105335,369.567207,370.806824,117674500,-0.041147,0.303238,58.4
2022-05-19,367.7409,372.96435,366.312018,368.535767,98510700,-0.006143,0.302849,58.4
2022-05-20,372.122131,375.699044,360.095,368.696625,131432200,0.000436,0.301877,58.4
2022-05-23,371.724716,376.361481,369.406363,375.595001,76414900,0.018537,0.309289,58.4
2022-05-24,371.469193,373.920038,366.170054,372.727753,91448800,-0.007663,0.306965,58.4
2022-05-25,371.23264,377.989048,370.835221,376.020782,91472900,0.008796,0.309088,58.4
2022-05-26,377.250968,385.171274,377.042786,383.53421,82168300,0.019784,0.313474,58.4
2022-05-27,385.994468,393.063133,385.795759,392.949585,84768700,0.024252,0.321762,58.4
2022-05-31,391.331436,394.085096,388.000563,390.744751,95937000,-0.005627,0.321883,58.4
2022-06-01,392.864514,393.877005,385.067198,387.58429,86585800,-0.008121,0.317745,50.0
2022-06-02,387.423437,395.012543,385.171301,394.96524,79609600,0.018864,0.323853,50.0
2022-06-03,390.243271,391.795173,387.508555,388.483215,71874300,-0.016548,0.324396,50.0
2022-06-06,392.495426,394.227094,388.492678,389.666077,57508900,0.00304,0.315389,50.0
2022-06-07,386.174293,393.85803,385.710599,393.403809,59272400,0.009546,0.316294,50.0
2022-06-08,391.691072,393.479543,388.331812,389.126678,64350000,-0.010932,0.306268,50.0
2022-06-09,387.347657,389.618708,379.872101,379.872101,86289800,-0.02407,0.313645,50.0
2022-06-10,373.66457,374.51621,368.810181,368.857483,132893900,-0.029424,0.313711,50.0
2022-06-13,359.442033,361.296721,353.243923,354.8526,170004900,-0.038708,0.314732,50.0
2022-06-14,356.603262,357.634697,350.679579,353.783356,104011800,-0.003018,0.313539,50.0
2022-06-15,357.085827,363.274465,352.127362,358.826996,125666800,0.014156,0.316879,50.0
2022-06-16,350.603803,351.010693,344.519242,346.951172,134473300,-0.033656,0.31275,50.0
2022-06-17,347.366615,351.04451,344.192412,347.699219,111113900,0.002154,0.299229,50.0
2022-06-21,353.429884,357.839546,353.353839,356.452026,76811900,0.024862,0.310558,50.0
2022-06-22,352.222936,359.920869,351.804774,355.805817,90059400,-0.001815,0.2976,50.0
2022-06-23,357.944143,360.025408,354.380288,359.29364,79292100,0.009755,0.299295,50.0
2022-06-24,362.46779,370.726432,362.43928,370.716919,98050300,0.031299,0.310771,50.0
2022-06-27,371.638753,371.933363,368.207963,369.300873,66009600,-0.003827,0.310951,50.0
2022-06-28,370.859513,373.644065,361.640997,361.755035,86548900,-0.020644,0.307961,50.0
2022-06-29,362.306285,363.29464,359.635772,361.460449,65676000,-0.000815,0.307883,50.0
2022-06-30,357.564021,361.764632,354.066697,358.523895,112508300,-0.008157,0.301275,50.0
2022-07-01,357.868051,362.752922,355.245044,362.315735,74839700,0.010521,0.280149,51.5
2022-07-05,357.221816,363.019026,354.389729,363.0,81438000,0.001887,0.279777,51.5
2022-07-06,363.142526,366.715894,360.757139,364.225952,70426200,0.003372,0.279992,51.5
2022-07-07,366.003137,370.47933,364.244963,369.68103,64525900,0.014866,0.278029,51.5
2022-07-08,368.046424,371.249166,366.516356,369.376953,72397800,-0.000823,0.27721,51.5
2022-07-11,366.696899,367.666257,364.463544,365.157318,58366900,-0.011489,0.277659,51.5
2022-07-12,364.606112,366.991528,360.177425,361.926086,62219200,-0.008888,0.271394,51.5
2022-07-13,356.480591,362.962064,356.06243,360.025421,84224600,-0.005265,0.259886,51.5
2022-07-14,355.064521,360.234489,352.622114,359.151093,89704800,-0.002431,0.259761,51.5
2022-07-15,363.560747,366.126734,361.65054,366.012695,79060400,0.018925,0.266691,51.5
2022-07-18,369.101418,369.776167,361.764626,362.990601,63203600,-0.008291,0.259836,51.5
2022-07-19,366.915539,373.368501,366.259816,372.798279,78506000,0.026661,0.26997,51.5
2022-07-20,372.988314,376.590191,371.619791,375.174133,71843800,0.006353,0.270611,51.5
2022-07-21,374.594391,379.042074,372.189978,378.994568,64903900,0.010132,0.270819,51.5
2022-07-22,379.118172,380.315607,373.254429,375.478271,72197300,-0.009321,0.270358,51.5
2022-07-25,376.105537,376.789798,373.691611,375.934479,53631500,0.001214,0.261552,51.5
2022-07-26,374.290304,374.499385,370.593413,371.486755,52946400,-0.011902,0.249267,51.5
2022-07-27,374.784469,382.881565,374.489859,381.132904,82342100,0.025635,0.230999,51.5
2022-07-28,381.940735,386.606984,378.386364,385.913239,73966600,0.012464,0.23221,51.5
2022-07-29,387.34821,392.52769,386.57842,391.539307,87003700,0.014473,0.232346,51.5
2022-08-01,388.840333,392.888881,388.127562,390.379913,69997500,-0.002966,0.205897,58.2
2022-08-02,388.811824,392.499231,386.626005,387.804443,63435400,-0.006619,0.208113,58.2
2022-08-03,389.933296,395.046245,389.648199,393.877319,67820600,0.015538,0.2015,58.2
2022-08-04,393.80123,394.485492,391.96704,393.611176,45656600,-0.000676,0.201275,58.2
2022-08-05,389.324988,393.5921,389.267968,392.945862,56814900,-0.001692,0.200851,58.2
2022-08-08,394.637572,396.889924,391.387323,392.489746,53886100,-0.001161,0.18226,58.2
2022-08-09,391.75787,392.261561,389.857148,390.931061,44931800,-0.003979,0.182302,58.2
2022-08-10,397.992313,399.28482,396.034571,399.142242,68665700,0.020787,0.177263,58.2
2022-08-11,401.993326,403.856055,398.400962,399.142242,59489700,0.0,0.177115,58.2
2022-08-12,401.080954,406.003818,400.130592,405.899292,61694500,0.016787,0.17784,58.2
2022-08-15,403.684986,408.094677,403.627967,407.57196,54048300,0.004112,0.176808,58.2
2022-08-16,406.498087,410.299533,405.690274,408.3703,59289000,0.001957,0.176801,58.2
2022-08-17,404.768391,408.180185,403.466401,405.471649,63563400,-0.007123,0.17968,58.2
2022-08-18,405.671246,407.334379,404.378769,406.650146,49023200,0.002902,0.176464,58.2
2022-08-19,403.88457,404.15067,400.311202,401.185547,68016900,-0.013529,0.1827,58.2
2022-08-22,396.348198,396.519285,391.929024,392.831879,77695600,-0.021042,0.191077,58.2
2022-08-23,392.404248,394.799178,391.330335,391.881561,49105200,-0.002422,0.188651,58.2
2022-08-24,391.653457,394.504541,390.969224,393.136047,49177800,0.003196,0.187154,58.2
2022-08-25,394.628065,398.733633,393.535155,398.686127,50942300,0.014019,0.189119,58.2
2022-08-26,398.572115,399.113799,385.13399,385.19101,103087000,-0.034435,0.212982,58.2
2022-08-29,382.235334,385.694634,381.284972,382.643982,65370800,-0.006634,0.212359,58.2
2022-08-30,383.803473,384.041063,376.34313,378.44342,85652400,-0.011038,0.201789,58.2
2022-08-31,380.077998,381.322969,375.430746,375.563782,76029700,-0.007638,0.202337,58.2
2022-09-01,373.387535,377.084426,370.678999,376.74231,78740100,0.003133,0.200309,58.6
2022-09-02,380.410659,381.62712,370.954551,372.769745,99632100,-0.010601,0.200848,58.6
2022-09-06,373.615572,374.556421,369.139378,371.36322,76637400,-0.00378,0.201055,58.6
2022-09-07,371.049597,378.80455,370.831033,378.03476,70964200,0.017806,0.2047,58.6
2022-09-08,375.763292,380.961739,374.556315,380.505585,80821700,0.006515,0.191437,58.6
2022-09-09,382.748551,387.281794,382.482451,386.416962,76706900,0.015416,0.193297,58.6
2022-09-12,388.488683,391.292261,388.184561,390.569977,69256300,0.01069,0.191142,58.6
2022-09-13,381.883672,383.090649,372.465617,373.587036,122947100,-0.044456,0.230379,58.6
2022-09-14,374.889083,376.533218,371.705366,375.012634,85023700,0.003809,0.230334,58.6
2022-09-15,373.454028,376.305112,369.481524,370.755005,87633800,-0.011418,0.226615,58.6
2022-09-16,366.571443,368.584928,364.634257,367.926483,103084800,-0.007658,0.227159,58.6
2022-09-19,364.777417,370.779724,364.70106,370.779724,73278500,0.007725,0.228992,58.6
2022-09-20,367.449381,368.4609,363.765931,366.523743,77274900,-0.011545,0.230659,58.6
2022-09-21,368.451322,371.504982,360.120605,360.130157,106746600,-0.017598,0.234868,58.6
2022-09-22,359.357216,360.998553,356.360838,357.105164,89472600,-0.008435,0.224477,58.6
2022-09-23,353.631672,353.669851,346.675098,351.121979,122346900,-0.016897,0.227374,58.6
2022-09-26,349.652339,353.278536,346.426918,347.648376,92581200,-0.009942,0.2189,58.6
2022-09-27,351.188639,353.459795,344.365649,346.760864,108294100,-0.002556,0.217292,58.6
2022-09-28,347.715198,355.272962,346.016606,353.583923,110802200,0.019485,0.228109,58.6
2022-09-29,350.034104,350.320372,343.249291,346.197968,112952300,-0.02111,0.232897,58.6
2022-09-30,345.253122,349.175167,340.710839,340.844421,153711200,-0.015585,0.233424,58.6
2022-10-03,344.566115,351.694478,342.781643,349.843201,89756500,0.026059,0.249783,59.9
2022-10-04,355.36836,360.712251,349.805007,360.683624,103602800,0.030516,0.264493,59.9
2022-10-05,356.313108,362.105476,353.984699,359.843872,88065700,-0.002331,0.264494,59.9
2022-10-06,358.441111,361.399339,355.635569,356.131805,82333500,-0.010369,0.264725,59.9
2022-10-07,352.095321,356.217755,344.432571,346.197968,107789500,-0.02829,0.269044,59.9
2022-10-10,347.314404,347.55297,341.312096,343.554596,76042800,-0.007665,0.254112,59.9
2022-10-11,341.855947,346.426886,339.441658,341.378815,92482800,-0.006353,0.254086,59.9
2022-10-12,341.78919,343.363722,340.004689,340.252808,76991800,-0.003304,0.253159,59.9
2022-10-13,333.239016,350.70209,332.189318,349.232513,147254500,0.026049,0.266883,59.9
2022-10-14,351.694424,353.326239,340.634494,341.273865,123737000,-0.023053,0.272869,59.9
2022-10-17,347.362157,351.150591,340.93994,350.04364,93168200,0.025373,0.284185,59.9
2022-10-18,357.973525,358.278896,350.711551,354.156464,97162900,0.011681,0.286909,59.9
2022-10-19,352.11434,354.843554,348.831665,351.646759,79746900,-0.007112,0.281312,59.9
2022-10-20,351.198229,355.626034,347.934629,348.698059,88283100,-0.008421,0.280523,59.9
2022-10-21,348.421341,357.658622,346.913615,357.171967,131038400,0.024011,0.286446,59.9
2022-10-24,358.698819,362.678089,356.045933,361.542511,85436900,0.012162,0.287071,59.9
2022-10-25,361.466175,367.630721,361.351668,367.315826,78846300,0.015842,0.262796,59.9
2022-10-26,364.166731,369.854144,363.90909,364.548431,104087300,-0.007563,0.263218,59.9
2022-10-27,365.550391,367.392116,361.981419,362.601715,81971800,-0.005354,0.261703,59.9
2022-10-28,362.49675,371.705404,362.315437,371.228271,100302000,0.023512,0.270005,59.9
2022-10-31,368.766305,370.636657,367.640279,368.546814,96631300,-0.007249,0.269914,59.9
2022-11-01,372.297047,372.535613,365.760324,366.934052,85407600,-0.004386,0.268091,56.7
2022-11-02,366.342417,370.856102,357.620448,357.725403,126990400,-0.025416,0.273464,56.7
2022-11-03,354.480916,357.08607,351.923492,354.041962,87100100,-0.01035,0.274019,56.7
2022-11-04,359.758023,361.542494,353.078166,359.137756,103505200,0.014291,0.272496,56.7
2022-11-07,360.435516,363.164729,358.355224,362.57309,68286900,0.00952,0.271696,56.7
2022-11-08,363.679987,367.5066,360.445043,364.529297,84641100,0.005381,0.271665,56.7
2022-11-09,362.554014,363.708696,356.523051,357.019287,78495500,-0.020817,0.273797,56.7
2022-11-10,370.302641,376.972976,368.002888,376.638977,141455800,0.053497,0.306482,56.7
2022-11-11,377.497834,381.085881,375.608378,380.284302,93839900,0.009632,0.302013,56.7
2022-11-14,378.518893,381.877897,376.772571,377.049316,71903500,-0.008543,0.296299,56.7
2022-11-15,382.803516,383.910468,376.448106,380.265167,93194500,0.008493,0.284856,56.7
2022-11-16,378.633357,379.587622,376.734378,377.364197,68508500,-0.007658,0.285937,56.7
2022-11-17,372.602412,376.887083,372.297069,376.209534,74496300,-0.003065,0.284061,56.7
2022-11-18,379.549449,379.616255,375.06442,377.917664,92922500,0.00453,0.269369,56.7
2022-11-21,376.591279,377.717305,374.701824,376.543549,51243200,-0.003643,0.268245,56.7
2022-11-22,378.49019,381.772864,377.077867,381.610626,60429000,0.013367,0.268323,56.7
2022-11-23,381.276646,384.502067,381.047631,384.015411,68261600,0.006282,0.267582,56.7
2022-11-25,383.452372,384.482995,383.175656,383.929504,30545400,-0.000224,0.259511,56.7
2022-11-28,380.837718,382.479056,377.039732,377.803162,67881600,-0.016086,0.254126,56.7
2022-11-29,377.936742,379.129573,375.312512,377.154266,52310000,-0.001719,0.245754,56.7
2022-11-30,377.402385,389.034882,375.484331,389.034882,144566700,0.031015,0.258116,56.7
2022-12-01,390.07501,391.248767,386.238874,388.748596,76398200,-0.000736,0.256575,59.8
2022-12-02,383.85317,389.206583,383.748214,388.300049,85342700,-0.001154,0.254536,59.8
2022-12-05,385.475492,386.410654,379.95984,381.31488,77289800,-0.018153,0.25447,59.8
2022-12-06,381.152636,381.696545,373.728454,375.818268,77972200,-0.01452,0.257111,59.8
2022-12-07,374.969016,377.545544,374.043377,375.178955,65927900,-0.001703,0.253485,59.8
2022-12-08,377.068404,379.186845,375.283903,378.118073,60737900,0.007803,0.253042,59.8
2022-12-09,376.87748,379.434903,375.169337,375.293396,81447700,-0.007498,0.253601,59.8
2022-12-12,376.085433,380.704102,375.417464,380.704102,75405800,0.014314,0.247889,59.8
2022-12-13,391.458718,391.716359,380.818665,383.586029,123782500,0.007541,0.247401,59.8
2022-12-14,383.242494,386.9546,378.184899,381.133575,108111300,-0.006414,0.247878,59.8
2022-12-15,376.266797,377.173361,370.149982,371.810394,117705900,-0.024766,0.247276,59.8
2022-12-16,369.251735,370.593835,365.282951,367.420715,119858000,-0.011876,0.247939,59.8
2022-12-19,367.61249,367.948023,362.637108,364.305145,79878100,-0.008516,0.24631,59.8
2022-12-20,363.547855,366.423797,362.224917,364.80368,74427200,0.001368,0.244838,59.8
2022-12-21,367.401582,371.389559,366.864742,370.258362,78167400,0.014842,0.248089,59.8
2022-12-22,367.209832,370.239161,359.272233,364.976196,100120900,-0.014369,0.24394,59.8
2022-12-23,363.950484,367.219475,362.39748,367.075684,59857300,0.005736,0.186741,59.8
2022-12-27,366.960555,367.305654,363.950389,365.628021,51638200,-0.003952,0.184244,59.8
2022-12-28,365.560973,367.535814,360.85404,361.084106,70911500,-0.012506,0.185946,59.8
2022-12-29,363.931296,368.456113,363.404023,367.58374,66970900,0.01784,0.192155,59.8
2022-12-30,364.899521,366.75927,362.780889,366.615479,84022200,-0.002638,0.191222,59.8
2023-01-03,368.475269,370.45008,362.205707,365.072083,74850700,-0.004219,0.191361,64.9
2023-01-04,367.334471,369.922831,364.28598,367.890503,85934100,0.007691,0.192372,64.9
2023-01-05,365.934851,366.049884,363.097263,363.69162,76970500,-0.011479,0.194671,64.9
2023-01-06,366.788028,373.15346,363.720374,372.03183,104189600,0.022673,0.202419,64.9
2023-01-09,374.227137,377.419449,371.638807,371.820923,73978100,-0.000567,0.201293,64.9
2023-01-10,371.236123,374.495518,370.296639,374.428406,65358100,0.006988,0.202639,64.9
2023-01-11,376.010286,379.240923,375.19543,379.164215,68881100,0.012569,0.20091,64.9
2023-01-12,380.266569,382.011285,376.192319,380.544556,90157700,0.003634,0.201083,64.9
2023-01-13,377.342792,382.59619,377.074372,382.020996,63903900,0.003872,0.179258,64.9
2023-01-17,382.001767,383.679399,380.640475,381.321106,62677300,-0.001834,0.179293,64.9
2023-01-18,382.509889,383.573974,375.099535,375.300842,99632300,-0.015914,0.184681,64.9
2023-01-19,373.258862,374.907737,371.245727,372.568665,86958900,-0.007307,0.17857,64.9
2023-01-20,373.968297,379.662664,372.319423,379.509277,91806400,0.018458,0.182055,64.9
2023-01-23,380.314612,385.999385,379.355965,384.062927,84178800,0.011927,0.184998,64.9
2023-01-24,382.385183,384.561301,381.19647,383.650604,59524900,-0.001074,0.183855,64.9
2023-01-25,379.576392,384.129966,377.285211,383.794434,84800300,0.000375,0.182294,64.9
2023-01-26,386.459508,388.175495,383.487696,388.012512,72287400,0.010931,0.180359,64.9
2023-01-27,386.967535,391.281447,386.756631,388.903992,68346200,0.002295,0.17925,64.9
2023-01-30,386.143077,388.376742,383.727297,384.024475,74202000,-0.012626,0.1822,64.9
2023-01-31,384.542221,389.718911,384.197092,389.67099,86811800,0.014596,0.17058,64.9
2023-02-01,388.453452,396.563629,385.711735,393.812286,101459200,0.010572,0.167591,66.9
2023-02-02,397.704428,401.011773,395.806325,399.545044,101654500,0.014452,0.167916,66.9
2023-02-03,394.569636,399.727164,394.090313,395.298218,94736800,-0.010686,0.172553,66.9
2023-02-06,392.84406,394.282031,391.223944,392.882385,60295300,-0.00613,0.170396,66.9
2023-02-07,391.962064,399.266951,390.715835,398.020721,90990700,0.012994,0.165985,66.9
2023-02-08,396.045943,397.388044,392.97826,393.668488,76227500,-0.010995,0.170512,66.9
2023-02-09,397.273074,397.426461,389.0287,390.255768,78694900,-0.008707,0.172579,66.9
2023-02-10,389.076539,391.549865,388.261713,391.166412,70769700,0.002331,0.166877,66.9
2023-02-13,391.818305,395.892556,391.358144,395.758331,64913500,0.011671,0.162913,66.9
2023-02-14,394.234073,397.886516,391.616985,395.576202,88389300,-0.00046,0.162443,66.9
2023-02-15,393.380915,396.937488,392.537301,396.860809,61555700,0.003242,0.161182,66.9
2023-02-16,391.885404,395.835026,391.262289,391.396484,76431500,-0.013865,0.167463,66.9
2023-02-17,389.268282,390.658332,387.341392,390.418671,89257800,-0.002501,0.163119,66.9
2023-02-21,386.392348,387.446866,382.327693,382.586517,82655900,-0.020265,0.164132,66.9
2023-02-22,382.998721,384.542158,380.602103,382.059265,83742300,-0.001379,0.164213,66.9
2023-02-23,384.954421,385.567969,379.864006,384.091644,96242400,0.005305,0.163743,66.9
2023-02-24,379.068293,380.822605,377.361902,379.988586,108194400,-0.01074,0.163181,66.9
2023-02-27,383.334174,384.695465,380.3432,381.282684,80444700,0.0034,0.163138,66.9
2023-02-28,380.803455,382.76867,379.768099,379.873566,96438600,-0.003703,0.163079,66.9
2023-03-01,379.058719,380.285786,377.112666,378.416412,99706800,-0.003843,0.163359,62.0
2023-03-02,376.441571,382.20305,376.106039,381.359436,85127800,0.007747,0.157955,62.0
2023-03-03,383.180897,387.724905,382.529023,387.475647,90120000,0.015911,0.162216,62.0
2023-03-06,388.300082,390.600859,387.30311,387.74408,72795900,0.000693,0.153851,62.0
2023-03-07,387.696119,387.935781,381.186896,381.800415,108310600,-0.015448,0.156942,62.0
2023-03-08,381.915533,383.180925,380.18995,382.423615,74746600,0.001631,0.157006,62.0
2023-03-09,383.209585,384.877651,374.380454,375.367859,111945300,-0.018622,0.165902,62.0
2023-03-10,374.821453,376.90173,368.427293,369.951538,189253000,-0.014534,0.16675,62.0
2023-03-13,366.02113,374.246341,364.909096,369.424316,157790000,-0.001426,0.166346,62.0
2023-03-14,374.351768,377.179789,371.044423,375.530914,149752400,0.016395,0.171001,62.0
2023-03-15,369.932391,373.383498,367.842518,373.18219,172996900,-0.006274,0.165334,62.0
2023-03-16,370.823865,380.074803,370.315783,379.729675,143254200,0.017393,0.170734,62.0
2023-03-17,378.397962,379.533476,373.90398,375.289703,140553400,-0.011761,0.166689,62.0
2023-03-20,376.069194,379.31219,375.36673,378.898376,93055800,0.00957,0.167943,62.0
2023-03-21,382.26641,384.354627,380.668979,383.873474,91524200,0.013045,0.172399,62.0
2023-03-22,383.700294,387.318545,377.291332,377.329803,111746600,-0.017193,0.173647,62.0
2023-03-23,380.197465,384.239161,375.636144,378.349854,119351300,0.0027,0.171858,62.0
2023-03-24,377.069991,380.919215,374.721962,380.832611,107682400,0.006541,0.171847,62.0
2023-03-27,383.113302,383.883165,380.649801,381.544739,74010400,0.001868,0.171779,62.0
2023-03-28,380.851777,381.544639,378.850194,380.688202,62871700,-0.002247,0.167665,62.0
2023-03-29,384.854979,386.462043,383.652096,386.221466,77497900,0.01443,0.173752,62.0
2023-03-30,388.858255,389.108464,386.616095,388.482971,69840000,0.005838,0.174438,62.0
2023-03-31,389.406748,394.256778,389.300879,393.958466,112062600,0.013996,0.174872,62.0
2023-04-03,393.438807,395.863808,393.044258,395.459656,67391100,0.003803,0.174974,63.7
2023-04-04,396.104379,396.393089,391.889475,393.265594,66601500,-0.005564,0.164756,63.7
2023-04-05,392.534213,393.294443,390.580734,392.235901,65200200,-0.002622,0.164946,63.7
2023-04-06,391.437137,394.045007,390.388227,393.76593,63743300,0.003893,0.164667,63.7
2023-04-10,391.283248,394.247167,390.667387,394.170166,63681000,0.001026,0.160973,63.7
2023-04-11,394.795624,395.680929,393.506137,394.27597,59297900,0.000268,0.160861,63.7
2023-04-12,396.3449,396.633609,392.081892,392.668884,86420400,-0.004084,0.160964,63.7
2023-04-13,393.756282,398.240631,392.611136,397.884583,85814800,0.013195,0.16396,63.7
2023-04-14,397.249502,399.443558,394.603161,396.912689,78161500,-0.002446,0.163339,63.7
2023-04-17,396.826117,398.35618,395.594367,398.336945,66436400,0.003582,0.157584,63.7
2023-04-18,399.915126,400.049863,397.220681,398.596771,63560000,0.000652,0.157585,63.7
2023-04-19,396.681779,399.43396,396.624043,398.529419,55227300,-0.000169,0.149825,63.7
2023-04-20,395.709826,398.105988,394.805256,396.354584,75840400,-0.005472,0.151151,63.7
2023-04-21,396.652874,397.124394,394.709026,396.662506,73457400,0.000777,0.139022,63.7
2023-04-24,396.460435,397.499741,395.122844,397.076324,64332100,0.001043,0.130126,63.7
2023-04-25,395.10357,395.661724,390.715457,390.773193,97766700,-0.016001,0.14027,63.7
2023-04-26,391.389099,392.466877,388.559917,389.118042,80447000,-0.004245,0.134332,63.7
2023-04-27,391.658545,397.134069,391.408336,396.864624,92968400,0.019712,0.14265,63.7
2023-04-28,395.979282,400.261555,395.921546,400.251923,89433100,0.008499,0.136536,63.7
2023-05-01,399.809278,401.87823,399.616805,399.847778,62122300,-0.00101,0.130719,59.0
2023-05-02,399.135646,399.183779,392.447637,395.35379,103998500,-0.011303,0.134321,59.0
2023-05-03,395.854113,398.26951,392.399438,392.640015,91531800,-0.006888,0.131725,59.0
2023-05-04,391.591178,391.918359,388.52142,389.859039,94901900,-0.007108,0.12272,59.0
2023-05-05,393.496545,398.125234,393.236733,397.076324,87891800,0.018343,0.132491,59.0
2023-05-08,397.40347,397.663282,395.777171,397.182129,50046800,0.000266,0.131708,59.0
2023-05-09,395.632842,396.556647,395.209425,395.440369,49220100,-0.004395,0.132762,59.0
2023-05-10,398.27926,398.914386,393.458097,397.288086,96142900,0.004662,0.132716,59.0
2023-05-11,396.421976,396.883864,394.5166,396.595184,70157100,-0.001746,0.127101,59.0
2023-05-12,397.836537,398.048245,393.6505,396.0755,70481500,-0.001311,0.126366,59.0
2023-05-15,396.681787,397.846169,394.766807,397.442017,54289400,0.003444,0.120231,59.0
2023-05-16,396.335309,397.259144,394.776378,394.786011,57705500,-0.006705,0.121417,59.0
2023-05-17,396.806832,400.184506,395.161297,399.578278,87287000,0.012066,0.125162,59.0
2023-05-18,399.26078,403.850999,399.039468,403.427582,97177200,0.009587,0.12747,59.0
2023-05-19,404.332015,404.861272,401.618306,402.840424,103793300,-0.001456,0.127335,59.0
2023-05-22,402.859719,404.543754,401.618336,403.004059,60745400,0.000406,0.127337,59.0
2023-05-23,401.358548,402.936743,398.086713,398.481262,86383500,-0.011286,0.132025,59.0
2023-05-24,396.874213,397.25913,394.429948,395.59433,89213700,-0.007271,0.133273,59.0
2023-05-25,399.106746,400.473233,396.864586,399.020142,90961600,0.008623,0.130032,59.0
2023-05-26,399.674497,404.909443,399.597525,404.187714,93830000,0.012868,0.134915,59.0
2023-05-30,406.121977,406.651234,402.955982,404.341705,72216000,0.000381,0.13462,59.0
2023-05-31,402.513363,403.417933,400.531015,402.099579,110811800,-0.005561,0.135758,59.0
2023-06-01,402.33051,406.978464,401.079524,405.919922,88865000,0.009456,0.138316,64.2
2023-06-02,408.498848,412.579016,407.969592,411.789948,91426200,0.014357,0.142609,64.2
2023-06-05,412.13643,413.425916,410.298422,411.000916,65460200,-0.001918,0.142904,64.2
2023-06-06,410.587121,412.4251,409.932731,411.895844,64022200,0.002175,0.142932,64.2
2023-06-07,412.290391,413.425905,410.048202,410.471619,85373300,-0.003464,0.134154,64.2
2023-06-08,410.538979,413.406661,409.769146,412.954376,61952800,0.00603,0.133542,64.2
2023-06-09,413.753049,415.706528,412.704139,413.695312,85742800,0.001793,0.122511,64.2
2023-06-12,414.676887,417.525304,413.955157,417.448303,76104300,0.009031,0.122789,64.2
2023-06-13,418.911045,420.84526,418.247051,420.200531,95899700,0.006571,0.123459,64.2
2023-06-14,420.537352,422.510068,417.246253,420.700928,100612100,0.00119,0.117216,64.2
2023-06-15,419.882919,427.167581,419.786712,425.916595,110303100,0.012321,0.117678,64.2
2023-06-16,427.904414,428.47428,423.992609,424.465881,114165800,-0.003412,0.115465,64.2
2023-06-20,422.524448,423.413042,420.187004,422.263641,76160400,-0.005202,0.107902,64.2
2023-06-21,421.278443,422.08011,419.510865,420.100067,76982300,-0.005137,0.109798,64.2
2023-06-22,419.143864,421.722749,418.8058,421.616516,70637200,0.003603,0.108269,64.2
2023-06-23,418.158693,420.216023,417.714396,418.429138,92074500,-0.007589,0.111558,64.2
2023-06-26,417.859214,419.781307,416.478012,416.719482,72823600,-0.004094,0.112398,64.2
2023-06-27,417.598476,421.906295,417.144511,421.288147,72813700,0.010904,0.115143,64.2
2023-06-28,420.206335,422.514804,419.588187,421.500641,75636000,0.000504,0.115151,64.2
2023-06-29,421.085259,423.326108,420.679605,423.161896,67882300,0.003934,0.112288,64.2
2023-06-30,426.37824,429.140644,426.059483,428.155457,104964000,0.011732,0.112039,64.2
2023-07-03,427.807851,428.928247,427.527738,428.648163,32793400,0.00115,0.109921,71.5
2023-07-05,426.832245,428.744699,426.822577,428.01062,58418400,-0.001488,0.10993,71.5
2023-07-06,424.427256,425.084047,422.147762,424.659058,80658300,-0.007861,0.113537,71.5
2023-07-07,423.66414,427.53733,423.345383,423.586853,86134200,-0.002528,0.107478,71.5
2023-07-10,423.229544,424.832909,422.659678,424.659058,62443500,0.002528,0.103793,71.5
2023-07-11,425.422034,427.856042,424.446486,427.363434,64463800,0.006348,0.102805,71.5
2023-07-12,431.159433,432.212239,429.729919,430.802032,91924500,0.008014,0.09937,71.5
2023-07-13,432.617857,435.013251,432.183228,434.221222,72425200,0.007905,0.100607,71.5
2023-07-14,435.109843,435.959794,433.187721,433.950775,69815800,-0.000623,0.098212,71.5
2023-07-17,433.805963,436.510417,433.757652,435.457611,52680200,0.003466,0.096058,71.5
2023-07-18,435.129166,439.340391,434.694508,438.693268,80668200,0.007403,0.090449,71.5
2023-07-19,439.485304,440.856837,438.615988,439.668823,65891700,0.002221,0.089639,71.5
2023-07-20,438.673953,439.572215,436.037089,436.751831,70591600,-0.006657,0.093282,71.5
2023-07-21,438.471097,438.673953,436.742192,436.751831,71275600,0.0,0.092066,71.5
2023-07-24,437.901214,439.514247,436.867715,438.702911,54023400,0.004457,0.09159,71.5
2023-07-25,438.432507,441.156268,438.384195,439.900635,55191200,0.002726,0.09161,71.5
2023-07-26,438.963738,441.397746,437.910931,439.968262,71052900,0.000154,0.089314,71.5
2023-07-27,443.358437,443.76412,436.143309,437.051239,92194400,-0.006652,0.091313,71.5
2023-07-28,440.325585,442.160752,437.051236,441.330109,80011800,0.009743,0.094523,71.5
2023-07-31,441.803432,442.527842,440.489819,442.170471,62040400,0.001902,0.088906,71.5
2023-08-01,440.702326,441.648899,439.94894,440.905182,55291500,-0.002866,0.088671,69.4
2023-08-02,437.785332,438.046109,434.018404,434.77179,93933400,-0.014009,0.097489,69.4
2023-08-03,432.753125,435.409297,432.105972,433.525818,64276100,-0.00287,0.09647,69.4
2023-08-04,435.34166,437.447272,431.04348,431.565063,100128900,-0.004533,0.097475,69.4
2023-08-07,433.40024,435.486545,432.704805,435.332001,58357500,0.008691,0.09675,69.4
2023-08-08,432.791751,435.322383,430.077629,433.438904,71361300,-0.004358,0.096881,69.4
2023-08-09,433.709285,433.873498,429.778145,430.541199,78789600,-0.006708,0.09516,69.4
2023-08-10,432.897977,436.288227,429.527063,430.69577,93005500,0.000359,0.095163,69.4
2023-08-11,428.821969,431.458833,428.223128,430.444641,68690900,-0.000583,0.094737,69.4
2023-08-14,429.527143,432.82077,429.218054,432.82077,47867400,0.005505,0.08996,69.4
2023-08-15,431.043521,431.400922,427.208974,427.77887,75707500,-0.011717,0.096474,69.4
2023-08-16,427.36347,429.024786,424.533447,424.639709,80107200,-0.007365,0.098704,69.4
2023-08-17,426.107825,426.368602,420.882408,421.403992,95711300,-0.007649,0.098564,69.4
2023-08-18,418.583662,422.640372,418.235959,421.606873,98852000,0.000481,0.098347,69.4
2023-08-21,422.621011,425.093662,420.467116,424.349945,68719000,0.006485,0.099941,69.4
2023-08-22,426.127117,426.127117,422.640303,423.2005,64994200,-0.002712,0.098358,69.4
2023-08-23,424.263005,428.53221,424.118129,427.914032,68441000,0.011076,0.10098,69.4
2023-08-24,429.517407,430.029323,421.954546,421.983551,88517300,-0.013956,0.105465,69.4
2023-08-25,423.712502,426.243104,420.158068,424.958496,102325100,0.007025,0.107972,69.4
2023-08-28,427.150983,428.271407,424.958444,427.653259,61595400,0.006321,0.109239,69.4
2023-08-29,427.547038,434.115044,427.363519,433.83493,83081900,0.014351,0.115349,69.4
2023-08-30,434.172914,436.259219,433.467811,435.621735,69053900,0.00411,0.115847,69.4
2023-08-31,436.239916,437.379648,434.800764,434.984283,66084600,-0.001464,0.114342,69.4
2023-09-01,437.708047,438.190987,434.337104,435.795593,58944100,0.001863,0.114489,67.8
2023-09-05,435.351383,435.670111,433.844612,433.912201,55166200,-0.004331,0.1143,67.8
2023-09-06,433.100852,433.207114,428.667463,430.995239,70758500,-0.006745,0.115365,67.8
2023-09-07,427.991345,430.348096,427.643642,429.671997,70355400,-0.003075,0.115541,67.8
2023-09-08,429.720251,431.854838,429.362879,430.319092,61659700,0.001505,0.114357,67.8
2023-09-11,432.946253,433.458168,431.236655,433.149109,60180100,0.006555,0.112225,67.8
2023-09-12,431.700307,433.226386,430.193536,430.773041,67565400,-0.005501,0.112826,67.8
2023-09-13,430.995185,432.434338,429.894068,431.275299,60199300,0.001165,0.112812,67.8
2023-09-14,433.747962,435.689362,432.444018,434.993927,83430800,0.008585,0.108641,67.8
2023-09-15,433.407254,433.736808,429.31686,429.753021,111848900,-0.012121,0.113956,67.8
2023-09-18,429.442802,431.303847,428.96786,430.005005,55752200,0.000586,0.113264,67.8
2023-09-19,429.084204,429.675485,426.428365,429.113281,66514600,-0.002076,0.110244,67.8
2023-09-20,430.373312,430.790099,424.964672,425.168243,82562600,-0.009236,0.112616,67.8
2023-09-21,422.318588,422.580285,417.985871,418.140961,104095800,-0.016666,0.120687,67.8
2023-09-22,419.168428,420.767746,416.783959,417.200775,100829700,-0.002251,0.120673,67.8
2023-09-25,415.989122,418.993889,415.552931,418.955139,70874500,0.004196,0.121629,67.8
2023-09-26,415.911606,416.619197,411.966599,412.800201,96168400,-0.0148,0.126475,67.8
2023-09-27,413.973033,414.535237,409.320465,412.964966,104705800,0.000399,0.122859,67.8
2023-09-28,412.412487,417.035978,411.821207,415.3591,92258300,0.005781,0.12301,67.8
2023-09-29,418.412361,418.586825,412.829255,414.351044,115111300,-0.00243,0.121381,67.8
2023-10-02,413.517468,415.436669,411.423804,414.186279,83798600,-0.000398,0.121342,63.8
2023-10-03,412.005397,414.244449,407.275269,408.641968,103760600,-0.013476,0.124963,63.8
2023-10-04,409.107255,412.364047,407.643621,411.617706,87453000,0.007256,0.127273,63.8
2023-10-05,411.32684,412.30583,408.23484,411.462555,70142700,-0.000377,0.122112,63.8
2023-10-06,409.010235,417.888911,407.682315,416.347748,113273300,0.011803,0.121747,63.8
2023-10-09,414.44794,419.585182,413.895469,419.013306,80374400,0.006382,0.121418,63.8
2023-10-10,419.643378,423.791928,419.245967,421.194244,78607300,0.005191,0.120912,63.8
2023-10-11,422.260447,423.17155,419.875979,422.919556,62451700,0.004088,0.113376,63.8
2023-10-12,423.53015,423.908157,417.985825,420.341187,81154200,-0.006115,0.113362,63.8
2023-10-13,421.843638,423.045574,416.677348,418.247589,95143100,-0.004993,0.113897,63.8
2023-10-16,420.496343,423.714385,420.254021,422.648163,75433200,0.010466,0.11861,63.8
2023-10-17,419.517349,424.683668,419.16842,422.628754,75324700,-4.6e-05,0.11822,63.8
2023-10-18,420.854968,421.814553,415.911595,416.997192,93559800,-0.013415,0.122596,63.8
2023-10-19,417.714481,419.527044,412.654799,413.333282,121323000,-0.008825,0.124518,63.8
2023-10-20,412.897045,413.439844,408.147513,408.25415,123919900,-0.012364,0.128243,63.8
2023-10-23,406.7227,411.414077,404.968292,407.5466,92035100,-0.001735,0.125803,63.8
2023-10-24,409.66935,411.772717,407.818008,410.619263,78564200,0.007511,0.128312,63.8
2023-10-25,408.932716,408.961794,404.212261,404.725983,94223200,-0.014456,0.133281,63.8
2023-10-26,403.659823,404.512771,398.958772,399.879578,115156800,-0.012047,0.132294,63.8
2023-10-27,401.469195,401.866606,396.642132,398.066986,107367700,-0.004543,0.12945,63.8
2023-10-30,400.85858,403.882753,399.559738,402.826233,86562700,0.011885,0.135816,63.8
2023-10-31,403.398099,405.675931,401.488602,405.356079,79665200,0.006261,0.138001,63.8
2023-11-01,406.325351,410.493275,405.792225,409.679077,98068100,0.010608,0.140789,61.3
2023-11-02,413.47869,417.685424,413.459315,417.530334,94938900,0.018983,0.144698,61.3
2023-11-03,419.837216,422.890466,419.711204,421.3396,100167800,0.009082,0.146911,61.3
2023-11-06,422.095624,422.754732,420.360591,422.308868,67831700,0.002298,0.146579,61.3
2023-11-07,422.308927,424.150567,421.165174,423.510834,64256100,0.002842,0.139573,61.3
2023-11-08,424.111758,424.635182,421.514075,423.820984,61746000,0.000732,0.139567,61.3
2023-11-09,424.964805,425.003584,420.089289,420.515778,83174400,-0.007829,0.140968,61.3
2023-11-10,422.590013,427.387968,420.506021,427.077789,89462200,0.015484,0.147252,61.3
2023-11-13,425.740177,427.775657,424.955057,426.670685,52236100,-0.000954,0.147307,61.3
2023-11-14,432.612378,436.237504,432.389431,434.948364,97176900,0.019215,0.149858,61.3
2023-11-15,436.285988,437.517002,435.016224,435.869202,77327600,0.002115,0.149054,61.3
2023-11-16,435.423354,436.722196,434.357132,436.402344,66665800,0.001222,0.148913,61.3
2023-11-17,436.411973,437.555755,435.491168,436.945099,83133200,0.001243,0.145964,61.3
2023-11-20,436.69308,441.151808,436.683377,440.308533,69936200,0.007668,0.146377,61.3
2023-11-21,439.261736,440.182571,438.079204,439.348969,49244600,-0.002182,0.146388,61.3
2023-11-22,441.006416,442.363412,439.949896,441.045166,59394900,0.003853,0.146352,61.3
2023-11-24,441.093764,441.51055,440.764209,441.316681,29737400,0.000615,0.144639,61.3
2023-11-27,440.686582,441.50078,440.134081,440.52182,50506000,-0.001803,0.143663,61.3
2023-11-28,440.134077,442.256819,439.571903,440.957977,62115000,0.00099,0.141261,61.3
2023-11-29,443.109765,444.243844,440.250384,440.647766,63146000,-0.000704,0.141332,61.3
2023-11-30,441.491085,442.731771,439.416795,442.382812,79752700,0.00393,0.134308,61.3
2023-12-01,441.772195,445.533035,441.180943,444.999939,89183400,0.005899,0.130757,69.7
2023-12-04,441.60739,445.019271,440.386078,442.66391,72430900,-0.005263,0.125265,69.7
2023-12-05,441.277879,443.536306,440.899843,442.576721,69793500,-0.000197,0.124871,69.7
2023-12-06,444.718846,444.747924,440.357052,440.793243,69124700,-0.004038,0.125528,69.7
2023-12-07,442.87718,444.806053,442.276227,444.156647,66995400,0.007601,0.115743,69.7
2023-12-08,443.410294,446.599258,443.167972,446.066162,83194400,0.00429,0.10648,69.7
2023-12-11,445.571798,447.975642,445.358553,447.801147,65002200,0.003882,0.103613,69.7
2023-12-12,447.452203,449.943279,446.453838,449.846344,68327600,0.004557,0.10086,69.7
2023-12-13,450.224377,456.301829,449.865745,456.049805,93278000,0.013696,0.104741,69.7
2023-12-14,457.988369,459.180604,454.838185,457.513428,119026000,0.003204,0.102818,69.7
2023-12-15,456.91585,458.093465,454.911025,456.760132,141553700,-0.001648,0.093061,69.7
2023-12-18,458.365961,460.312396,457.305158,459.329437,70375300,0.005609,0.09162,69.7
2023-12-19,459.874398,462.200402,459.796554,462.122528,55761800,0.006062,0.092061,69.7
2023-12-20,461.266164,463.154208,455.290623,455.718842,102921000,-0.013954,0.104365,69.7
2023-12-21,458.706554,460.312386,456.283252,460.039886,86667500,0.009437,0.106159,69.7
2023-12-22,461.168753,462.648063,459.06663,460.964386,67160400,0.002008,0.101374,69.7
2023-12-26,461.373157,463.815913,461.295283,462.910828,55387000,0.004214,0.094395,69.7
2023-12-27,462.706484,463.89381,462.171226,463.747833,68000300,0.001807,0.093808,69.7
2023-12-28,464.107948,464.759987,463.504558,463.923035,77158100,0.000378,0.079996,69.7
2023-12-29,463.728376,464.253922,460.62381,462.579987,122283100,-0.002899,0.081324,69.7
2024-01-02,459.514283,460.983851,457.888997,459.99115,123623700,-0.005612,0.084239,79.0
2024-01-03,457.83068,458.570335,455.631229,456.234619,103585900,-0.0082,0.089046,79.0
2024-01-04,455.757716,458.346478,454.541194,454.765045,84232200,-0.003226,0.088017,79.0
2024-01-05,454.969372,457.840375,453.937764,455.387878,86118900,0.001369,0.087475,79.0
2024-01-08,455.884213,462.034954,455.75769,461.888977,74879100,0.014175,0.094993,79.0
2024-01-09,459.232086,462.210129,458.726024,461.188263,65931400,-0.001518,0.095373,79.0
2024-01-10,461.460762,464.662656,461.178521,463.796478,67310600,0.005639,0.095594,79.0
2024-01-11,464.798913,465.314717,459.611677,463.592133,77940700,-0.000441,0.095778,79.0
2024-01-12,465.042235,465.78189,462.502152,463.9133,58026400,0.000693,0.095563,79.0
2024-01-16,462.531353,463.845173,460.390263,462.210175,85014900,-0.003678,0.09657,79.0
2024-01-17,459.183425,460.127447,457.28564,459.640839,68843900,-0.005574,0.097707,79.0
2024-01-18,461.314803,464.283104,459.767391,463.728363,91856200,0.008854,0.098309,79.0
2024-01-19,464.857299,469.791519,463.777042,469.509277,110834500,0.012389,0.10302,79.0
2024-01-22,471.046952,472.224537,469.849884,470.501953,75844900,0.002112,0.101434,79.0
2024-01-23,471.046965,472.11748,469.956966,471.874176,49945300,0.002912,0.100156,79.0
2024-01-24,474.745215,475.679495,471.893695,472.390045,81765000,0.001093,0.099954,79.0
2024-01-25,474.52136,475.23182,472.390041,474.95932,72525000,0.005424,0.100318,79.0
2024-01-26,474.531129,476.020151,473.509263,474.355957,76641600,-0.001271,0.10043,79.0
2024-01-29,474.66735,478.258525,474.122351,478.112518,61322800,0.007888,0.095737,79.0
2024-01-30,477.421528,478.453136,476.983568,477.742706,58618400,-0.000774,0.095843,79.0
2024-01-31,475.533463,475.981134,469.927721,469.947205,126011100,-0.016452,0.108729,79.0
2024-02-01,471.650411,476.127218,470.842624,476.098022,91891600,0.013003,0.11349,76.9
2024-02-02,476.535913,482.764498,476.195281,481.110046,99228200,0.010472,0.115829,76.9
2024-02-05,480.47747,481.13925,477.100404,479.358246,75757100,-0.003648,0.107559,76.9
2024-02-06,480.302207,481.080799,478.871576,480.749908,55918600,0.002899,0.105106,76.9
2024-02-07,482.998061,485.178059,482.092947,484.759583,70556500,0.008306,0.106955,76.9
2024-02-08,484.759585,485.353233,483.942086,484.973694,52343600,0.000442,0.106737,76.9
2024-02-09,485.479772,488.214511,485.13914,487.776581,63979400,0.005763,0.107432,76.9
2024-02-12,487.747383,490.014967,486.842268,487.562469,56502300,-0.000439,0.107545,76.9
2024-02-13,481.285189,483.776623,477.577233,480.847229,113099200,-0.013869,0.115954,76.9
2024-02-14,483.484746,485.70368,481.158741,485.217072,68387800,0.009047,0.116153,76.9
2024-02-15,485.917728,488.749794,485.440831,488.56488,61683000,0.006876,0.113075,76.9
2024-02-16,488.263184,489.401832,485.392181,486.131836,75532900,-0.004992,0.113935,76.9
2024-02-20,484.389786,485.061308,481.207375,483.455505,71736700,-0.005521,0.116113,76.9
2024-02-21,482.151395,484.049151,480.341195,483.893433,59293400,0.000905,0.110237,76.9
2024-02-22,490.511318,494.871313,489.547812,493.907837,76402500,0.020484,0.122658,76.9
2024-02-23,495.630396,496.467378,493.518531,494.248444,61321800,0.000689,0.12232,76.9
2024-02-26,494.686393,495.124352,492.31174,492.438263,50386700,-0.003669,0.123261,76.9
2024-02-27,493.129267,493.576939,491.231482,493.353088,48854500,0.001856,0.123199,76.9
2024-02-28,491.795935,493.284956,491.435849,492.70105,56506600,-0.001323,0.122434,76.9
2024-02-29,494.462578,496.087835,491.815426,494.47229,83924800,0.003589,0.120285,76.9
2024-03-01,495.348215,499.542751,494.939451,499.114532,76844800,0.009344,0.120521,79.4
2024-03-04,498.316556,500.428422,498.287331,498.579285,49799300,-0.001073,0.117143,79.4
2024-03-05,496.574448,497.022149,491.387212,493.596405,72855600,-0.010044,0.122233,79.4
2024-03-06,496.876157,498.355467,494.803229,496.097595,68382400,0.005054,0.12259,79.4
2024-03-07,499.396777,502.073125,496.155947,501.022034,58652100,0.009877,0.124854,79.4
2024-03-08,501.654654,504.340684,497.440606,498.014801,86532500,-0.00602,0.126491,79.4
2024-03-11,496.808016,498.170515,494.881035,497.586578,62557200,-0.00086,0.126417,79.4
2024-03-12,499.6985,503.523238,497.177841,502.939331,73114400,0.0107,0.127887,79.4
2024-03-13,503.260544,503.435716,500.710719,502.151062,55104100,-0.001569,0.128041,79.4
2024-03-14,503.124215,503.279963,498.11218,501.158356,110171800,-0.001979,0.116611,79.4
2024-03-15,498.088017,499.542637,496.047677,497.717041,107646300,-0.00689,0.114751,79.4
2024-03-18,501.788039,503.232857,500.265105,500.67511,88893300,0.005926,0.112387,79.4
2024-03-19,499.98192,503.740425,498.976363,503.457336,60755300,0.005542,0.112006,79.4
2024-03-20,503.515986,508.250732,502.842377,508.114044,69594600,0.009207,0.114097,79.4
2024-03-21,510.954881,511.657746,509.510004,509.793152,60256100,0.003299,0.112546,79.4
2024-03-22,509.705211,510.193331,508.592282,508.82663,79070800,-0.001898,0.112973,79.4
2024-03-25,507.450155,508.572856,507.264666,507.420898,48512100,-0.002767,0.112947,79.4
2024-03-26,508.846252,509.187972,506.083532,506.483765,65463700,-0.001849,0.11321,79.4
2024-03-27,509.31493,510.779292,507.147643,510.740204,82999800,0.008369,0.105452,79.4
2024-03-28,510.779236,512.145938,510.359459,510.642548,96294900,-0.000191,0.103476,79.4
2024-04-01,511.384455,511.921376,508.59236,509.754089,62477500,-0.001741,0.102743,77.2
2024-04-02,505.927281,506.64969,504.209087,506.513062,74230300,-0.006378,0.10357,77.2
2024-04-03,505.419547,508.572847,505.370747,507.069397,59155800,0.001098,0.1015,77.2
2024-04-04,511.08186,511.423521,500.577495,500.880127,96858100,-0.012281,0.109177,77.2
2024-04-05,502.237083,508.074986,501.797762,506.112732,74546500,0.010393,0.096872,77.2
2024-04-08,506.815649,507.821147,505.585576,506.395813,48401800,0.000559,0.096874,77.2
2024-04-09,508.133525,508.377585,502.129618,506.981567,68049200,0.001156,0.09594,77.2
2024-04-10,501.280312,503.896631,499.923382,501.905121,82652800,-0.010064,0.101067,77.2
2024-04-11,503.428076,507.137781,499.913631,505.692963,70099000,0.007519,0.102858,77.2
2024-04-12,502.149219,503.56478,496.984894,498.71286,92561100,-0.013899,0.111003,77.2
2024-04-15,502.891216,503.057161,491.615611,492.464966,92101400,-0.012607,0.113636,77.2
2024-04-16,492.943246,494.46618,490.278096,491.566742,73484000,-0.001826,0.113693,77.2
2024-04-17,494.026858,494.192833,487.261514,488.657532,75910300,-0.005936,0.111285,77.2
2024-04-18,490.053583,492.152496,486.714825,487.652008,74548100,-0.00206,0.110196,77.2
2024-04-19,487.573911,488.569666,482.126468,483.395599,102212600,-0.008767,0.10806,77.2
2024-04-22,486.002149,490.444065,483.659176,487.84726,67961000,0.009167,0.111088,77.2
2024-04-23,489.858304,494.065901,487.661761,493.636353,64633600,0.011797,0.116826,77.2
2024-04-24,494.524771,495.315524,491.176271,493.4021,55928100,-0.000475,0.112106,77.2
2024-04-25,487.320112,492.289177,485.670262,491.52771,69122400,-0.003806,0.112454,77.2
2024-04-26,494.319763,497.765893,493.685212,496.184387,64306100,0.009429,0.116138,77.2
2024-04-29,497.970906,498.615229,495.198384,497.94162,46415400,0.003535,0.114947,77.2
2024-04-30,496.477243,497.453484,490.053589,490.053589,77483600,-0.015968,0.122435,77.2
2024-05-01,489.467838,496.116039,487.993704,488.462311,80242800,-0.003252,0.121177,69.1
2024-05-02,492.172031,493.870711,487.681315,493.031128,62550200,0.00931,0.121252,69.1
2024-05-03,499.015509,500.372469,496.477276,499.142426,72756700,0.012319,0.126729,69.1
2024-05-06,501.543898,504.335934,501.104578,504.296906,47264700,0.010274,0.130584,69.1
2024-05-07,505.263429,506.249442,504.179815,504.853424,52561300,0.001103,0.130429,69.1
2024-05-08,503.018022,505.439081,502.900878,504.902161,42047200,9.7e-05,0.130334,69.1
2024-05-09,505.08774,507.85052,504.433675,507.811432,43643700,0.005746,0.129067,69.1
2024-05-10,509.412441,510.222737,507.245214,508.465515,52233200,0.001287,0.129138,69.1
2024-05-13,510.144666,510.252038,507.391658,508.533844,36716400,0.000134,0.129051,69.1
2024-05-14,508.729064,511.384471,508.192143,510.867035,57535900,0.004578,0.128309,69.1
2024-05-15,513.33695,517.485976,512.70237,517.193115,59504900,0.012307,0.132954,69.1
2024-05-16,517.290636,518.891685,515.982446,516.128906,50244800,-0.00206,0.127498,69.1
2024-05-17,516.246163,516.939316,514.791573,516.870972,59187600,0.001437,0.124369,69.1
2024-05-20,516.988082,518.930793,516.597562,517.466431,37764200,0.001151,0.124375,69.1
2024-05-21,516.704935,518.891706,516.499903,518.735474,33437000,0.002449,0.12447,69.1
2024-05-22,518.04253,518.755167,515.064946,517.242004,48390000,-0.002883,0.120726,69.1
2024-05-23,520.297556,520.404928,512.253278,513.463867,57211200,-0.007331,0.121432,69.1
2024-05-24,515.308956,517.671503,514.362031,516.861206,41291100,0.006595,0.114639,69.1
2024-05-28,517.671566,517.905854,514.586609,517.222473,36269600,0.000699,0.106951,69.1
2024-05-29,513.190642,514.781921,512.88801,513.600647,45190300,-0.007027,0.109447,69.1
2024-05-30,512.058044,512.721881,508.943832,510.19339,46377600,-0.006656,0.109889,69.1
2024-05-31,511.15005,514.967126,506.044269,514.84021,90785800,0.009067,0.111531,69.1
2024-06-03,516.451177,516.734266,510.183665,515.260132,46835700,0.000815,0.107001,68.2
2024-06-04,513.951982,516.578073,512.48762,515.836121,34632700,0.001117,0.104923,68.2
2024-06-05,518.159614,521.986463,516.168043,521.966919,47610400,0.011815,0.104938,68.2
2024-06-06,522.269558,522.699106,520.024215,521.957153,30808500,-1.9e-05,0.104858,68.2
2024-06-07,520.980851,524.13415,519.887465,521.322571,43224500,-0.001217,0.103903,68.2
2024-06-10,520.51229,523.255526,519.916798,522.93335,35686100,0.003085,0.101541,68.2
2024-06-11,521.381109,524.25126,519.409083,524.192688,36383400,0.002405,0.101421,68.2
2024-06-12,528.761651,531.192483,527.463233,528.498047,63251300,0.00818,0.088116,68.2
2024-06-13,530.245454,530.42117,526.770037,529.562073,44760900,0.002011,0.086425,68.2
2024-06-14,528.029334,529.913473,527.023777,529.884216,40089900,0.000608,0.084289,68.2
2024-06-17,529.200872,535.49764,528.742008,534.101562,55839500,0.007927,0.080684,68.2
2024-06-18,534.16014,535.585473,533.740363,535.458557,41376400,0.002537,0.077037,68.2
2024-06-20,536.385937,537.049774,532.22714,534.003906,70328200,-0.00272,0.078211,68.2
2024-06-21,533.180306,534.404545,531.828742,533.288025,64338600,-0.001341,0.078604,68.2
2024-06-24,533.111762,535.677761,531.436982,531.554504,45528700,-0.003256,0.07903,68.2
2024-06-25,532.778726,533.96381,531.260682,533.60144,37936200,0.003843,0.07931,68.2
2024-06-26,532.484958,534.982392,531.838586,534.267456,38550600,0.001247,0.079196,68.2
2024-06-27,534.13035,535.687608,533.386004,535.109741,35041500,0.001575,0.078706,68.2
2024-06-28,535.88344,538.939194,531.760243,533.004028,76144500,-0.003943,0.073305,68.2
2024-07-01,534.384954,534.629802,531.339063,534.100952,40297800,0.002056,0.072779,66.4
2024-07-02,532.49475,537.695312,532.445793,537.695312,40434800,0.006707,0.074547,66.4
2024-07-03,537.381917,540.457218,537.342763,540.094849,32789900,0.004453,0.075095,66.4
2024-07-05,540.398504,543.610875,539.761876,543.209351,41488400,0.00575,0.076088,66.4
2024-07-08,543.992736,544.78604,542.768497,543.83606,36110500,0.001153,0.074942,66.4
2024-07-09,544.795925,545.696947,544.071185,544.36499,27289700,0.000972,0.069973,66.4
2024-07-10,545.589176,550.09435,545.295371,549.751587,38701200,0.009847,0.072441,66.4
2024-07-11,549.869091,550.740763,544.374723,545.011292,53054200,-0.00866,0.078767,66.4
2024-07-12,546.137688,552.053187,545.667599,548.449036,53084400,0.006288,0.075258,66.4
2024-07-15,550.446971,553.199056,548.096409,549.957275,40584300,0.002746,0.070435,66.4
2024-07-16,551.269589,553.512372,550.515439,553.218567,36475300,0.005913,0.068445,66.4
2024-07-17,547.283505,548.958285,545.138637,545.461853,57119000,-0.01412,0.083481,66.4
2024-07-18,546.999491,547.988685,539.085997,541.27002,56270400,-0.007715,0.088001,66.4
2024-07-19,541.035023,542.660845,536.617961,537.67572,65509100,-0.006663,0.085634,66.4
2024-07-22,541.603037,543.826273,539.663862,543.219055,43346700,0.010257,0.089667,66.4
2024-07-23,543.111291,545.265963,541.877309,542.367004,34439600,-0.00157,0.08976,66.4
2024-07-24,537.548317,537.851925,529.154932,530.075562,74515300,-0.022923,0.113758,66.4
2024-07-25,530.19307,536.177192,526.373483,527.31366,61158300,-0.005224,0.114764,66.4
2024-07-26,531.104086,535.912868,530.330329,533.219543,53763800,0.011138,0.116853,66.4
2024-07-29,534.766879,535.77562,531.534842,533.532837,39515800,0.000587,0.116744,66.4
2024-07-30,535.001925,536.059684,527.421452,530.829712,46853600,-0.005079,0.117751,66.4
2024-07-31,537.665889,542.092754,536.294778,539.458191,65663400,0.016124,0.124702,66.4
2024-08-01,541.181943,543.434529,528.312734,531.81897,76428700,-0.014262,0.131444,67.9
2024-08-02,524.708537,525.922972,517.70587,521.917297,82789100,-0.018794,0.14193,67.9
2024-08-05,501.0955,512.789428,499.75371,506.717194,146267400,-0.029556,0.164665,67.9
2024-08-06,508.519157,518.832169,507.197004,511.388824,84826300,0.009177,0.167564,67.9
2024-08-07,517.578616,520.63437,507.373381,507.970795,70698300,-0.006706,0.167546,67.9
2024-08-08,513.112601,520.34051,511.085315,519.713745,63276600,0.022854,0.181873,67.9
2024-08-09,518.890977,523.494125,517.666739,522.005432,45619600,0.0044,0.182393,67.9
2024-08-12,523.200354,524.688987,520.00753,522.279724,42542100,0.000525,0.182189,67.9
2024-08-13,525.472444,531.103939,525.227596,530.868835,52333100,0.016312,0.18862,67.9
2024-08-14,531.662226,533.728785,528.988508,532.543701,42446900,0.00315,0.187767,67.9
2024-08-15,538.175199,541.955633,537.567981,541.671631,60846800,0.016995,0.193955,67.9
2024-08-16,540.055594,543.581436,539.898918,542.886047,44430700,0.002239,0.193331,67.9
2024-08-19,543.297412,548.076843,542.445346,548.076843,39121800,0.009516,0.195282,67.9
2024-08-20,547.626285,549.281457,545.843787,547.185547,33732300,-0.001628,0.195345,67.9
2024-08-21,548.233643,550.525384,543.297475,549.066101,41514600,0.003431,0.19346,67.9
2024-08-22,550.966016,551.573233,543.542218,544.756653,56121500,-0.00788,0.19317,67.9
2024-08-23,547.998469,551.485097,545.804584,550.544861,50639400,0.010569,0.194776,67.9
2024-08-26,551.573241,552.288177,547.528353,549.232483,35788600,-0.002387,0.194745,67.9
2024-08-27,547.959348,550.47639,546.813478,549.986694,32693900,0.001372,0.193981,67.9
2024-08-28,549.643884,550.074818,543.601,546.793823,41066000,-0.005822,0.19026,67.9
2024-08-29,548.762401,552.062943,545.696903,546.842773,38715200,9e-05,0.18882,67.9
2024-08-30,549.212987,552.572291,545.657794,552.062988,62700100,0.009501,0.189421,67.9
2024-09-03,548.919131,549.25215,538.185046,540.702087,60600100,-0.020794,0.197279,70.1
2024-09-04,538.860733,543.003536,538.135993,539.595276,47224900,-0.002049,0.197313,70.1
2024-09-05,539.536547,542.386547,535.824618,538.282898,44264300,-0.002435,0.185357,70.1
2024-09-06,538.60609,540.231852,528.322488,529.223511,68493800,-0.016973,0.191541,70.1
2024-09-09,533.425187,536.422121,531.495756,535.148865,40445800,0.011134,0.191539,70.1
2024-09-10,537.058667,537.832423,532.18132,537.479797,36394600,0.004346,0.191928,70.1
2024-09-11,537.391688,543.914404,528.831823,542.993774,75248600,0.010207,0.193351,70.1
2024-09-12,543.571635,547.871175,541.348399,547.567566,51819600,0.008388,0.189265,70.1
2024-09-13,548.174782,551.426366,547.92013,550.427368,39310500,0.005209,0.184421,70.1
2024-09-16,550.16293,551.50469,548.360884,551.240295,36656100,0.001476,0.174465,70.1
2024-09-17,553.453647,554.903186,549.232476,551.465515,49321000,0.000408,0.147104,70.1
2024-09-18,552.121758,556.969754,549.271757,549.830017,59044900,-0.00297,0.146755,70.1
2024-09-19,559.241874,561.07333,556.372266,559.212463,75315500,0.01692,0.149935,70.1
2024-09-20,557.843033,559.287125,555.219996,558.245789,77503100,-0.00173,0.138425,70.1
2024-09-23,559.316661,560.289222,558.098441,559.640808,44116900,0.002496,0.138294,70.1
2024-09-24,560.436434,561.300946,557.607133,561.242004,46805700,0.002857,0.138196,70.1
2024-09-25,561.084943,561.821739,558.894162,560.004272,38428600,-0.002208,0.132291,70.1
2024-09-26,564.267946,564.592153,559.866837,562.224548,48336000,0.003957,0.132384,70.1
2024-09-27,563.29536,564.110704,560.377616,561.409119,42100900,-0.001451,0.124559,70.1
2024-09-30,560.377649,564.267955,558.078879,563.658875,63557400,0.003999,0.124792,70.1
2024-10-01,563.305251,563.953606,556.035505,558.609375,72668800,-0.008999,0.125671,70.5
2024-10-02,557.715375,559.866822,555.318329,558.845093,38097800,0.000422,0.125491,70.5
2024-10-03,557.371441,559.768487,555.534368,557.823364,40846500,-0.00183,0.125424,70.5
2024-10-04,562.273604,563.265832,558.098426,562.892517,42939100,0.009046,0.125158,70.5
2024-10-07,561.242092,561.890507,556.654326,557.803711,49964700,-0.009082,0.125186,70.5
2024-10-08,560.377638,563.67853,559.503352,563.079224,37398700,0.009413,0.127523,70.5
2024-10-09,563.069398,567.539342,562.470151,566.97937,37912200,0.006903,0.128729,70.5
2024-10-10,565.633474,567.411606,564.37598,565.987122,44138100,-0.001752,0.127384,70.5
2024-10-11,565.908461,570.113139,565.770911,569.376343,42268000,0.00597,0.128097,70.5
2024-10-14,570.987499,574.966246,570.506135,574.032959,36217200,0.008145,0.127405,70.5
2024-10-15,574.298192,574.602732,568.354656,569.572876,54203600,-0.0078,0.112521,70.5
2024-10-16,569.572868,572.56916,568.767297,572.048462,30725400,0.004337,0.112177,70.5
2024-10-17,575.59498,575.801304,571.910999,572.097656,34393700,8.6e-05,0.111557,70.5
2024-10-18,573.787231,575.083999,572.323473,574.298096,37416800,0.003839,0.095966,70.5
2024-10-21,573.57114,574.553534,570.378357,573.355042,36439000,-0.001643,0.093346,70.5
2024-10-22,570.820421,574.209695,570.162233,573.050476,34183800,-0.000531,0.093487,70.5
2024-10-23,571.026781,571.468871,564.307175,567.814331,49314600,-0.009179,0.0958,70.5
2024-10-24,569.76926,569.847868,566.41932,569.042297,34979900,0.00216,0.093577,70.5
2024-10-25,571.272433,574.170509,567.902826,568.845886,47268200,-0.000345,0.092935,70.5
2024-10-28,572.3235,572.451216,570.299769,570.604309,30174700,0.003086,0.093109,70.5
2024-10-29,569.641469,572.647594,568.246486,571.52771,42899700,0.001617,0.093091,70.5
2024-10-30,571.056262,573.050553,569.091473,569.798828,41435800,-0.00303,0.093114,70.5
2024-10-31,565.427184,565.495959,558.432537,558.629028,60182500,-0.019798,0.099783,70.5
2024-11-01,561.261855,565.417366,560.574166,560.986755,45667500,0.004212,0.10039,71.8
2024-11-04,561.124257,562.421026,557.8922,559.778381,38217000,-0.002156,0.100356,71.8
2024-11-05,560.692024,566.586393,560.475926,566.547119,39478300,0.012019,0.105972,71.8
2024-11-06,578.82701,581.508928,575.084088,580.634583,68182000,0.024561,0.126793,71.8
2024-11-07,582.638779,586.145936,582.56017,585.124207,47233200,0.007703,0.127958,71.8
2024-11-08,585.674296,589.083237,585.674296,587.658752,46444900,0.004322,0.127962,71.8
2024-11-11,589.25013,589.603778,586.489604,588.218628,37586800,0.000952,0.127754,71.8
2024-11-12,588.140111,588.739357,583.905992,586.391479,43006100,-0.003111,0.124684,71.8
2024-11-13,586.853154,588.680394,584.485609,586.676331,47388600,0.000486,0.124678,71.8
2024-11-14,586.804069,587.285433,582.216302,582.903931,38904100,-0.006451,0.126496,71.8
2024-11-15,579.337823,579.809413,573.581004,575.437744,75988800,-0.012891,0.130972,71.8
2024-11-18,575.899457,579.111908,575.035005,577.795532,37001700,0.004089,0.127921,71.8
2024-11-19,574.41604,580.634555,573.748019,579.907593,49412000,0.003649,0.125768,71.8
2024-11-20,579.986304,580.38906,574.337534,580.104187,50032600,0.000339,0.124515,71.8
2024-11-21,582.953117,584.642807,577.107856,583.218323,46750300,0.005354,0.12497,71.8
2024-11-22,583.208474,585.654687,582.707503,585.02594,38226400,0.003095,0.124252,71.8
2024-11-25,588.965332,590.281707,584.721379,587.010376,42441400,0.003386,0.122597,71.8
2024-11-26,588.257973,590.743461,587.540844,590.075439,45621300,0.005208,0.120497,71.8
2024-11-27,589.888784,590.271872,586.764776,588.287476,34000200,-0.003035,0.120712,71.8
2024-11-29,589.102881,592.727921,588.827842,591.942017,30177400,0.006193,0.121633,71.8
2024-12-02,592.354577,593.680846,591.863379,593.002991,31746000,0.001791,0.121383,74.0
2024-12-03,592.76715,593.523553,591.735647,593.277954,26906600,0.000464,0.121127,74.0
2024-12-04,594.967684,597.207513,594.299663,596.961914,42787600,0.00619,0.121886,74.0
2024-12-05,596.962009,597.76758,595.625967,595.979614,28762200,-0.001647,0.118122,74.0
2024-12-06,596.745955,598.347263,596.333366,597.109436,31241500,0.001894,0.118113,74.0
2024-12-09,596.991503,597.158493,593.445072,594.034485,34742700,-0.005163,0.11962,74.0
2024-12-10,594.712323,595.134745,591.529373,592.187561,37234500,-0.003114,0.120229,74.0
2024-12-11,595.115148,597.718458,594.840049,596.765564,28677700,0.007701,0.12168,74.0
2024-12-12,595.901062,596.470808,593.690674,593.690674,31543800,-0.005166,0.122517,74.0
2024-12-13,595.724262,596.441391,592.197438,593.572815,35904700,-0.000199,0.10501,74.0
2024-12-16,595.33129,597.079982,594.55522,596.107361,43695200,0.004261,0.105019,74.0
2024-12-17,593.55303,594.515757,592.275929,593.651245,55773500,-0.004129,0.105854,74.0
2024-12-18,593.346775,595.733987,575.575287,575.958435,108248700,-0.030257,0.137207,74.0
2024-12-19,580.949023,582.560165,575.536017,575.781616,85919500,-0.000307,0.116802,74.0
2024-12-20,573.451384,587.231467,572.603635,582.697266,125716700,0.011939,0.119922,74.0
2024-12-23,582.440993,586.787909,579.257137,586.186646,57635800,0.00597,0.120548,74.0
2024-12-24,587.537023,592.741554,586.955433,592.702087,33160100,0.011054,0.124783,74.0
2024-12-26,590.927921,593.865292,589.528242,592.741638,41219100,6.7e-05,0.124378,74.0
2024-12-27,588.995807,589.232425,582.312785,586.502014,64969300,-0.010583,0.128353,74.0
2024-12-30,579.483905,583.278831,576.053624,579.809143,56578800,-0.011477,0.131337,74.0
2024-12-31,581.475022,582.194625,576.063531,577.699829,57052700,-0.003645,0.126192,74.0
2025-01-02,580.962415,582.677525,572.199517,576.280334,50204000,-0.00246,0.125834,71.7
2025-01-03,579.128997,584.126448,578.044689,583.485779,37888500,0.012426,0.130581,71.7
2025-01-06,587.744068,591.125016,585.112202,586.847046,47679400,0.005744,0.131565,71.7
2025-01-07,588.877548,589.202846,578.389734,580.213257,60393100,-0.011368,0.13496,71.7
2025-01-08,580.282292,582.135415,576.832338,581.060974,47304700,0.00146,0.134699,71.7
2025-01-10,577.502641,577.571648,570.277434,572.189697,73105000,-0.015385,0.141156,71.7
2025-01-13,567.537207,573.431681,567.123169,573.076843,47910100,0.001549,0.140186,71.7
2025-01-14,576.004311,576.635174,570.080238,573.865356,48420600,0.001375,0.140206,71.7
2025-01-15,581.888914,585.447281,580.775067,584.303894,56900200,0.018026,0.149257,71.7
2025-01-16,585.674029,585.851448,582.480367,583.180237,43319700,-0.001925,0.149165,71.7
2025-01-17,588.42427,590.789917,587.093538,589.0354,58070600,0.00999,0.152254,71.7
2025-01-21,592.081029,594.436869,590.109627,594.427002,42532900,0.009112,0.153556,71.7
2025-01-22,597.256154,599.12901,596.704163,597.768738,48196000,0.005606,0.154375,71.7
2025-01-23,597.137779,601.031311,596.861814,601.031311,41152100,0.005443,0.155074,71.7
2025-01-24,601.09045,602.046612,598.12348,599.276733,34604700,-0.002924,0.154534,71.7
2025-01-27,586.304888,591.115114,586.137336,590.799683,70361100,-0.014246,0.15994,71.7
2025-01-28,592.031779,596.713859,588.709971,595.876038,44433300,0.008556,0.16032,71.7
2025-01-29,595.087497,595.491668,590.651841,593.204834,37177400,-0.004493,0.160146,71.7
2025-01-30,595.324097,597.926302,592.130375,596.388611,39281300,0.005353,0.1609,71.7
2025-01-31,598.813436,601.238282,592.455652,593.214661,66566900,-0.005336,0.161178,71.7
2025-02-03,584.195483,591.706521,582.046662,589.222595,65857200,-0.006752,0.161916,64.7
2025-02-04,589.281761,593.687817,588.739638,593.175293,33457800,0.006686,0.135703,64.7
2025-02-05,592.051555,595.728202,590.021013,595.580322,30653100,0.004046,0.13593,64.7
2025-02-06,597.325031,597.778476,594.01309,597.65033,35771500,0.00347,0.132242,64.7
2025-02-07,598.212174,599.434433,591.469951,592.179688,50788500,-0.009196,0.134421,64.7
2025-02-10,595.393133,596.842085,594.12154,596.201355,26048700,0.006768,0.132005,64.7
2025-02-11,593.934301,597.19697,593.816022,596.654846,30056700,0.00076,0.132014,64.7
2025-02-12,590.632175,595.905653,589.952039,594.732666,45076100,-0.003227,0.128458,64.7
2025-02-13,595.836665,601.218616,594.574999,601.011597,40921300,0.010502,0.126483,64.7
2025-02-14,601.218614,602.253589,600.361059,600.982056,26910400,-4.9e-05,0.125713,64.7
2025-02-18,602.145197,602.74646,599.680943,602.74646,26749000,0.002932,0.125276,64.7
2025-02-19,601.356669,604.461592,600.844085,604.165894,31011100,0.002352,0.120968,64.7
2025-02-20,602.79567,602.933682,598.340341,601.652283,36554000,-0.004169,0.121116,64.7
2025-02-21,601.43541,601.573422,590.898261,591.361572,76519800,-0.017252,0.127307,64.7
2025-02-24,593.411813,594.407381,587.960857,588.670593,50737200,-0.004561,0.128161,64.7
2025-02-25,588.611527,589.340937,581.130028,585.743103,58266500,-0.004985,0.120311,64.7
2025-02-26,587.408896,591.00673,583.397085,586.038757,43321600,0.000505,0.120291,64.7
2025-02-27,588.315648,589.468961,576.290143,576.684387,74196700,-0.016091,0.129774,64.7
2025-02-28,577.18716,586.216156,574.111777,585.683899,88744100,0.015485,0.126912,64.7
2025-03-03,587.655316,588.798763,571.608132,575.422791,74249200,-0.017675,0.13689,57.0
2025-03-04,571.420795,577.01957,564.067444,568.611511,109648200,-0.011908,0.137095,57.0
2025-03-05,568.444049,576.516945,564.885682,574.722961,71230500,0.010691,0.138196,57.0
2025-03-06,567.251286,571.874227,561.967943,564.520935,80094900,-0.017911,0.144891,57.0
2025-03-07,562.736819,569.13401,557.542154,567.684998,81158800,0.005589,0.144956,57.0
2025-03-10,559.474167,561.396236,547.645753,552.564392,99326600,-0.026997,0.162195,57.0
2025-03-11,551.401351,555.955286,544.12687,547.971069,88102100,-0.008347,0.159425,57.0
2025-03-12,554.131524,555.058086,545.772799,550.878723,69588200,0.005292,0.157728,57.0
2025-03-13,550.504192,551.115322,541.820168,543.535278,74079400,-0.01342,0.160744,57.0
2025-03-14,548.158302,555.767947,543.604367,554.762512,62660300,0.020446,0.172976,57.0
2025-03-17,554.742703,561.563798,554.308992,559.040405,49008700,0.007682,0.175164,57.0
2025-03-18,556.723966,556.940851,551.066051,552.998047,66041400,-0.010867,0.17654,57.0
2025-03-19,554.782188,562.786076,553.599335,559.020691,66556000,0.010832,0.178731,57.0
2025-03-20,555.275147,562.411615,554.555545,557.404236,62958200,-0.002896,0.177828,57.0
2025-03-21,552.94139,558.487794,551.705557,557.588074,83763000,0.00033,0.177189,57.0
2025-03-24,564.330754,568.631489,563.737578,567.573608,58766800,0.01775,0.185126,57.0
2025-03-25,568.779707,569.877112,567.187969,568.937927,38355700,0.002401,0.183877,57.0
2025-03-26,568.670987,569.798081,560.761656,562.145813,51848300,-0.01201,0.186187,57.0
2025-03-27,560.751736,564.429606,558.537133,560.652893,42164200,-0.002659,0.186162,57.0
2025-03-28,559.120497,559.8521,548.779025,549.362305,71662700,-0.020344,0.189642,57.0
2025-03-31,543.598462,554.355157,540.671987,553.05011,95328200,0.00669,0.191548,57.0
2025-04-01,551.132057,556.559826,547.404766,554.612122,54609600,0.00282,0.191519,52.2
2025-04-02,548.759247,560.989044,548.521976,558.121948,76014500,0.006308,0.192779,52.2
2025-04-03,538.931906,541.759477,530.617249,530.617249,125986000,-0.050537,0.237599,52.2
2025-04-04,517.734904,519.909982,499.335837,499.553345,217965100,-0.060327,0.28604,52.2
2025-04-07,483.645729,517.240595,476.33947,498.663574,256611400,-0.001783,0.286243,52.2
2025-04-08,515.945415,519.03005,483.616043,490.853088,165816600,-0.015787,0.287772,52.2
2025-04-09,487.847555,542.402161,487.461961,542.402161,241867300,0.099863,0.420454,52.2
2025-04-10,526.138588,527.453531,503.547584,518.634644,162331200,-0.044808,0.436409,52.2
2025-04-11,517.082433,530.35032,514.175751,527.88855,97866300,0.017686,0.437288,52.2
2025-04-14,537.883883,538.111317,527.809371,533.009766,68034000,0.009655,0.436743,52.2
2025-04-15,533.553618,537.073269,530.726047,531.516968,56892900,-0.002805,0.435845,52.2
2025-04-16,525.654122,531.793762,514.393198,519.702332,83484800,-0.022479,0.437885,52.2
2025-04-17,521.659948,525.149909,517.972182,520.443848,79868100,0.001426,0.435881,52.2
2025-04-21,515.253307,515.787225,502.697263,508.055847,69368100,-0.024091,0.439444,52.2
2025-04-22,514.24501,523.301168,513.305764,521.274414,75948100,0.025685,0.441694,52.2
2025-04-23,534.304974,539.248306,527.829221,529.351746,90590700,0.015377,0.44405,52.2
2025-04-24,530.636983,541.225622,529.381418,540.494019,64150400,0.02083,0.448274,52.2
2025-04-25,540.454523,544.804619,537.528048,544.399292,61119600,0.007199,0.447145,52.2
2025-04-28,545.140791,547.276284,538.842991,544.606873,47613800,0.000381,0.442955,52.2
2025-04-29,542.688757,549.154673,542.332852,548.037476,47775100,0.006279,0.442746,52.2
2025-04-30,541.36409,550.212667,535.38267,548.255066,93101500,0.000397,0.441692,52.2
2025-05-01,554.018993,557.677071,551.537431,552.140503,63186100,0.007062,0.441002,52.2
2025-05-02,558.329526,561.938183,556.006184,560.336548,60717300,0.014735,0.443095,52.2
2025-05-05,556.194003,560.227779,555.333868,557.123352,38659200,-0.005751,0.443427,52.2
2025-05-06,551.606662,556.965217,550.647684,552.466797,48264700,-0.008393,0.440785,52.2
2025-05-07,553.801434,557.429822,549.73797,554.7901,55588000,0.004197,0.440932,52.2
2025-05-08,558.833775,563.846321,555.333918,558.655823,65130800,0.006944,0.440181,52.2
2025-05-09,560.059731,561.06819,556.381921,557.944031,37603400,-0.001275,0.440132,52.2
2025-05-12,574.879776,576.392465,570.499992,576.382568,78993600,0.032513,0.445696,52.2
2025-05-13,576.797786,582.403568,576.2343,580.188965,67947200,0.006582,0.445685,52.2
2025-05-14,581.147898,582.30462,578.903606,580.93042,66283500,0.001277,0.445671,52.2
2025-05-15,578.923455,584.272113,578.468647,583.767944,71268100,0.004873,0.445557,52.2
2025-05-16,584.548998,587.762164,582.601354,587.465576,76052100,0.006314,0.417443,52.2
2025-05-19,581.434717,588.790398,581.434717,588.108215,68168500,0.001093,0.37139,52.2
2025-05-20,586.368129,587.31721,582.917633,586.130798,60614500,-0.003368,0.371687,52.2
2025-05-21,581.770865,585.863958,575.225898,576.254089,95197700,-0.016994,0.3723,52.2
2025-05-22,576.056327,579.971467,574.820494,576.481506,70860400,0.000395,0.241511,52.2
2025-05-23,569.452039,575.215981,569.076341,572.54657,76029000,-0.006849,0.198824,52.2
2025-05-27,579.427692,584.608294,571.874267,584.450134,72588500,0.020577,0.20081,52.2
2025-05-28,584.855457,586.051765,580.337244,581.068848,68445500,-0.005802,0.201617,52.2
2025-05-29,586.338444,586.476872,579.427676,583.362549,69973300,0.00394,0.200911,52.2
2025-05-30,582.255275,584.430353,576.629761,582.710083,90601200,-0.001119,0.186284,52.2
2025-06-02,581.098582,586.071543,578.42917,585.992493,61630500,0.005617,0.186213,60.7
2025-06-03,585.626608,590.312876,585.142111,589.334106,63606200,0.005686,0.166162,60.7
2025-06-04,590.19432,591.17309,588.740949,589.175964,57314200,-0.000268,0.154641,60.7
2025-06-05,590.856661,592.211129,584.35122,586.328552,92278700,-0.004845,0.152902,60.7
2025-06-06,591.874947,594.020397,590.09536,592.349548,66588700,0.010217,0.145298,60.7
2025-06-09,592.922948,594.435636,591.706907,592.883423,53016400,0.000901,0.144883,60.7
2025-06-10,593.417302,596.630468,592.300165,596.244934,66247000,0.005654,0.14491,60.7
2025-06-11,597.342377,598.202511,592.478155,594.544434,73658200,-0.002856,0.145542,60.7
2025-06-12,593.209625,596.907227,592.725188,596.907227,64129000,0.003966,0.145415,60.7
2025-06-13,591.716825,595.028833,588.731033,590.233826,89506000,-0.011243,0.150383,60.7
2025-06-16,593.595359,597.599446,593.417346,595.849487,79984100,0.009469,0.14732,60.7
2025-06-17,593.407431,594.929955,589.99652,590.757812,82209400,-0.008582,0.148843,60.7
2025-06-18,591.65749,594.405951,589.709786,590.668823,76605000,-0.000151,0.145749,60.7
2025-06-20,593.347107,594.418041,587.873516,589.281616,94051400,-0.002351,0.146215,60.7
2025-06-23,590.035167,595.488908,586.911698,595.102234,87426000,0.009829,0.147296,60.7
2025-06-24,599.247047,602.7374,598.334742,601.676453,67735300,0.010987,0.149126,60.7
2025-06-25,602.796944,603.491069,600.446883,602.013611,62114800,0.00056,0.118981,60.7
2025-06-26,603.867912,607.159996,603.253132,606.723694,78548400,0.007793,0.119486,60.7
2025-06-27,607.725204,611.205691,605.692458,609.738098,86258400,0.004956,0.119904,60.7
2025-06-30,612.187363,614.011854,609.867018,612.653381,92502500,0.00477,0.11988,60.7
2025-07-01,611.175889,613.625146,610.342988,612.455078,70030100,-0.000324,0.119158,61.7
2025-07-02,612.048483,615.271148,611.423777,615.231506,66510400,0.004523,0.119498,61.7
2025-07-03,617.214676,621.01248,617.194825,620.080383,51065800,0.00785,0.119947,61.7
2025-07-07,618.117047,618.781455,612.673231,615.459595,74814500,-0.00748,0.109669,61.7
2025-07-08,616.123891,616.877508,614.309326,615.122437,59024600,-0.000548,0.109837,61.7
2025-07-09,617.531968,619.465518,615.687566,618.811096,66113300,0.005979,0.106946,61.7
2025-07-10,618.949966,621.597492,617.769972,620.556335,57529000,0.002816,0.092385,61.7
2025-07-11,617.502214,619.604378,616.302429,618.374817,63670200,-0.003522,0.090937,61.7
2025-07-14,617.918602,619.90178,616.570056,619.554749,51898500,0.001906,0.090765,61.7
2025-07-15,622.242042,622.579148,616.827944,616.907288,74317300,-0.004282,0.092164,61.7
2025-07-16,618.493783,619.475447,612.851639,618.969727,88987500,0.003338,0.0916,61.7
2025-07-17,619.14823,623.114586,618.930049,622.757568,68885700,0.006101,0.09176,61.7
2025-07-18,624.007018,624.175571,621.190939,622.301514,65621600,-0.000733,0.091862,61.7
2025-07-21,623.481506,626.228167,623.05513,623.481506,63375000,0.001894,0.089662,61.7
2025-07-22,623.808711,624.433417,620.923214,623.57074,60046300,0.000143,0.08638,61.7
2025-07-23,626.238132,628.875793,624.433433,628.875793,70511000,0.008472,0.088523,61.7
2025-07-24,629.262463,630.799475,628.657608,629.083984,71307100,0.000331,0.087937,61.7
2025-07-25,629.748351,632.217398,629.500454,631.741394,56865400,0.004215,0.087077,61.7
2025-07-28,632.1182,632.673487,630.194515,631.582764,54917100,-0.000251,0.087117,61.7
2025-07-29,632.980908,633.298224,629.004686,629.916931,60556300,-0.002641,0.079049,61.7
2025-07-30,630.571339,632.316545,626.228173,629.123657,80418900,-0.00126,0.076514,61.7
2025-07-31,634.081604,634.468278,625.464693,626.763672,103385200,-0.003758,0.071963,61.7
2025-08-01,621.032279,621.071981,614.081229,616.490784,140103600,-0.016526,0.08964,58.2
2025-08-04,620.407527,625.910834,620.318318,625.861267,73218000,0.015085,0.097182,58.2
2025-08-05,626.47611,627.289221,621.766062,622.688232,68051400,-0.005083,0.09636,58.2
2025-08-06,623.759095,628.112186,622.84685,627.457764,64357500,0.00763,0.093953,58.2
2025-08-07,630.888621,631.622387,623.818586,626.93219,74205800,-0.000838,0.094148,58.2
2025-08-08,628.727047,632.286879,628.409732,631.820801,64051600,0.007767,0.094133,58.2
2025-08-11,632.098436,633.575894,629.321938,630.57135,58742300,-0.001979,0.093971,58.2
2025-08-12,632.921468,637.443113,631.434084,637.284485,64730800,0.01059,0.097387,58.2
2025-08-13,639.485733,640.754996,637.274509,639.465942,60092800,0.003417,0.097444,58.2
2025-08-14,637.383585,640.189799,636.937418,639.525452,59327500,9.3e-05,0.097071,58.2
2025-08-15,640.556677,640.655873,637.115892,638.028137,68592500,-0.002344,0.09557,58.2
2025-08-18,637.452981,638.583407,636.778707,637.889282,43804900,-0.000218,0.092263,58.2
2025-08-19,637.710808,638.692471,633.109819,634.42865,69750700,-0.00544,0.094136,58.2
2025-08-20,634.022109,634.279871,627.626347,632.74292,88890300,-0.002661,0.093517,58.2
2025-08-21,630.928369,632.604097,628.479112,630.204468,54805800,-0.00402,0.094295,58.2
2025-08-22,632.395899,641.062379,631.890179,639.882385,84083200,0.01524,0.102628,58.2
2025-08-25,638.623025,639.862512,636.947237,637.066223,51274300,-0.004411,0.103844,58.2
2025-08-26,636.798577,640.080735,636.173871,639.733643,51581600,0.004178,0.103046,58.2
2025-08-27,639.148613,641.92505,638.99985,641.191284,48341100,0.002276,0.102902,58.2
2025-08-28,641.796113,644.017263,639.91213,643.461975,61519500,0.003535,0.1021,58.2
2025-08-29,642.024202,642.391145,637.730664,639.624573,74522200,-0.005982,0.104029,58.2
2025-09-02,632.138044,635.102886,629.579728,634.884766,81983500,-0.007438,0.106747,55.1
2025-09-03,637.264615,638.791701,635.073241,638.325623,70820900,0.005405,0.107635,55.1
2025-09-04,638.999798,643.690055,638.097478,643.660278,65219200,0.008323,0.107543,55.1
2025-09-05,646.000471,646.724372,637.919056,641.796143,85178900,-0.0029,0.108066,55.1
2025-09-08,643.164486,644.374256,641.786163,643.372742,63133100,0.002454,0.107683,55.1
2025-09-09,643.511561,645.385679,641.77628,644.860168,66133900,0.002309,0.107761,55.1
2025-09-10,648.122479,649.04465,645.157637,646.724365,78034500,0.002887,0.107465,55.1
2025-09-11,648.677821,652.79294,648.092817,652.098816,69934400,0.008276,0.109354,55.1
2025-09-12,652.068959,653.566268,651.374895,651.880554,72780100,-0.000335,0.108453,55.1
2025-09-15,654.091858,655.480047,653.794394,655.351135,63772400,0.00531,0.094861,55.1
2025-09-16,655.906398,656.213849,653.665458,654.448792,61169000,-0.001378,0.086845,55.1
2025-09-17,654.458778,656.154357,648.796782,653.635742,101952200,-0.001243,0.085014,55.1
2025-09-18,656.322997,659.297765,654.716628,656.68988,90459200,0.004662,0.083613,55.1
2025-09-19,658.580083,660.787485,656.631158,659.942322,97945600,0.004941,0.083875,55.1
2025-09-22,658.450831,663.511979,658.420972,663.064575,69452200,0.00472,0.082415,55.1
2025-09-23,662.945216,663.561761,658.232062,659.455139,81708900,-0.005458,0.084326,55.1
2025-09-24,660.747722,660.847132,655.935098,657.356995,68082200,-0.003187,0.080791,55.1
2025-09-25,654.214917,655.676565,650.704874,654.32428,89622100,-0.004624,0.08208,55.1
2025-09-26,655.776079,658.619872,654.155303,658.072998,69179200,0.005713,0.083287,55.1
2025-09-29,660.598567,661.513402,658.112721,659.922424,73499000,0.002806,0.082852,55.1
2025-09-30,659.176665,662.875635,657.864131,662.408264,86288000,0.00376,0.083094,55.1
2025-10-01,659.41527,665.580179,659.305908,664.665405,72545400,0.003402,0.080822,53.6
2025-10-02,666.654046,666.773362,663.004842,665.430969,56896000,0.001151,0.079845,53.6
2025-10-03,666.196695,668.871467,664.377039,665.421143,70494400,-1.5e-05,0.078187,53.6
2025-10-06,667.817448,668.702424,665.669704,667.807495,54623300,0.00358,0.067337,53.6
2025-10-07,668.732224,669.179688,663.889801,665.331604,72020100,-0.003714,0.066841,53.6
2025-10-08,666.455218,669.398481,665.629901,669.299011,60702200,0.005945,0.06766,53.6
2025-10-09,669.716684,670.124336,665.421135,667.360046,66501900,-0.002901,0.068802,53.6
2025-10-10,668.324542,670.134245,649.14378,649.322754,159422600,-0.0274,0.10765,53.6
2025-10-13,656.909588,661.364204,656.034566,659.286011,79560500,0.015228,0.11424,53.6
2025-10-14,653.449242,662.060245,649.471889,658.480591,88779600,-0.001222,0.111637,53.6
2025-10-15,663.044613,666.43528,655.19927,661.403931,81702600,0.00443,0.111355,53.6
2025-10-16,663.0446,664.923914,653.389554,656.899597,110563300,-0.006834,0.111575,53.6
2025-10-17,655.766089,661.990657,654.413804,660.628418,96500900,0.00566,0.111947,53.6
2025-10-20,663.541821,668.404149,663.492116,667.499268,60493400,0.010347,0.115152,53.6
2025-10-21,667.638494,669.179706,666.186738,667.489319,56249000,-1.5e-05,0.115159,53.6
2025-10-22,668.195337,668.195337,659.544582,664.019104,80564000,-0.005212,0.116482,53.6
2025-10-23,664.337259,668.901299,664.019064,667.956665,65604500,0.005912,0.115374,53.6
2025-10-24,672.630083,674.628652,671.824671,673.415588,74356500,0.008139,0.117248,53.6
2025-10-27,678.864553,681.658641,678.258021,681.360352,63339800,0.011729,0.120684,53.6
2025-10-28,683.160091,685.009545,680.952689,683.170044,61738100,0.002652,0.120473,53.6
2025-10-29,684.820656,685.795149,679.003801,683.49823,85657100,0.00048,0.120244,53.6
2025-10-30,680.027982,682.05641,675.981018,675.981018,76335800,-0.011059,0.125171,53.6
2025-10-31,681.161412,681.201224,675.394262,678.198303,87164100,0.003275,0.124804,53.6
2025-11-03,681.787895,681.917164,676.090356,679.47113,57315000,0.001875,0.124321,51.0
2025-11-04,672.282062,676.110301,670.760756,671.416992,78427000,-0.011924,0.128498,51.0
2025-11-05,671.158398,677.005111,670.352986,673.743713,74402400,0.003459,0.12824,51.0
2025-11-06,672.63999,673.544872,664.933868,666.514893,85035300,-0.010787,0.131711,51.0
2025-11-07,664.128409,667.280505,657.466392,667.171082,100592400,0.000984,0.130831,51.0
2025-11-10,673.405615,678.317649,671.208167,677.581848,75842900,0.015484,0.137783,51.0
2025-11-11,676.100276,679.699776,674.887152,679.132996,58953400,0.002287,0.137582,51.0
2025-11-12,680.912916,681.081997,677.09469,679.510925,62312500,0.000556,0.137367,51.0
2025-11-13,676.647232,677.005179,666.723754,668.235107,103457800,-0.016733,0.146381,51.0
2025-11-14,661.612768,671.834534,659.514729,668.125671,96846700,-0.000164,0.146383,51.0
2025-11-17,665.908335,669.895641,658.420939,661.901123,90456100,-0.00936,0.148526,51.0
2025-11-18,658.351295,661.354216,652.146635,656.342773,114467500,-0.008433,0.150091,51.0
2025-11-19,657.038855,663.561712,655.02032,658.878357,94703000,0.003856,0.149437,51.0
2025-11-20,669.100129,671.73515,648.19918,648.835571,165293500,-0.01536,0.155403,51.0
2025-11-21,651.34126,660.787473,647.165027,655.298767,123956200,0.009912,0.136694,51.0
2025-11-24,658.938006,666.266273,657.844258,664.943787,80437900,0.014611,0.13612,51.0
2025-11-25,664.844406,672.381507,660.717878,671.198242,81077100,0.009362,0.138537,51.0
2025-11-26,673.793467,677.840431,672.888585,675.831848,71879600,0.00688,0.1393,51.0
2025-11-28,677.005108,679.799196,676.647161,679.520813,49212000,0.005444,0.138054,51.0
2025-12-01,674.966701,679.123028,674.89709,676.418457,61201200,-0.004576,0.138322,52.9
2025-12-02,678.059133,679.948399,675.48383,677.671387,62953800,0.001851,0.13538,52.9
2025-12-03,676.716795,681.032189,675.841773,680.018005,57238500,0.003457,0.135638,52.9
2025-12-04,681.419958,681.489569,677.482417,680.515137,61970300,0.000731,0.134507,52.9
2025-12-05,681.589014,684.492526,680.704099,681.8078,79241000,0.001898,0.133686,52.9
2025-12-08,682.702724,682.752428,677.711126,679.75946,55231500,-0.003009,0.13218,52.9
2025-12-09,679.282214,681.509522,678.725387,679.172791,58310100,-0.000863,0.127691,52.9
2025-12-10,678.695541,685.069222,677.452618,683.677185,85671300,0.00661,0.128944,52.9
2025-12-11,681.260915,685.34763,678.307699,685.268066,86173700,0.002324,0.129111,52.9
2025-12-12,684.273767,684.979769,675.324723,677.900085,113160300,-0.01081,0.128926,52.9
2025-12-15,681.857499,681.877405,675.404253,676.875854,90811000,-0.001512,0.128646,52.9
2025-12-16,675.384375,677.223938,671.158438,675.026428,122030600,-0.002736,0.128736,52.9
2025-12-17,676.040615,676.587489,667.399814,667.598694,110625200,-0.011065,0.128079,52.9
2025-12-18,673.763561,676.885797,671.078896,672.639954,108650100,0.007523,0.129618,52.9
2025-12-19,674.747283,679.235027,674.627554,678.736389,103599500,0.009023,0.128071,52.9
2025-12-22,682.077253,683.493369,678.736401,682.964844,69556700,0.006211,0.129097,52.9
2025-12-23,682.057268,686.32564,682.007416,686.086304,64840000,0.00456,0.12197,52.9
2025-12-24,686.07632,688.948481,685.926705,688.499695,39445600,0.003511,0.122185,52.9
2025-12-26,688.758989,689.776169,687.392725,688.429871,41613300,-0.000101,0.122195,52.9
2025-12-29,685.667409,687.322922,684.201442,685.976562,62559500,-0.00357,0.111623,52.9
2025-12-30,685.57772,686.684682,684.710094,685.138916,47160700,-0.001222,0.11175,52.9
